ISO-10303-21;
HEADER;
FILE_DESCRIPTION (( 'STEP AP214' ),
    '1' );
FILE_NAME ('Complete_setup_incubation_chamber_V2.STEP',
    '2024-07-11T17:06:42',
    ( '' ),
    ( '' ),
    'SwSTEP 2.0',
    'SolidWorks 2023',
    '' );
FILE_SCHEMA (( 'AUTOMOTIVE_DESIGN' ));
ENDSEC;

DATA;
#1 = CARTESIAN_POINT ( 'NONE',  ( -4.538640232357586513, 26.00000000000000000, 11.09250600829422595 ) ) ;
#2 = TOROIDAL_SURFACE ( 'NONE', #412, 4.000000000000000000, 2.000000000000000000 ) ;
#3 = EDGE_CURVE ( 'NONE', #860, #2640, #3286, .T. ) ;
#4 = CARTESIAN_POINT ( 'NONE',  ( -14.40607890250482725, -1.594897499658520790E-08, 11.23594976580035265 ) ) ;
#5 = CARTESIAN_POINT ( 'NONE',  ( -1.091883722597320583, 48.92991936342178150, 51.48846175244074885 ) ) ;
#6 = ORIENTED_EDGE ( 'NONE', *, *, #2792, .T. ) ;
#7 = CARTESIAN_POINT ( 'NONE',  ( -9.500000000000001776, 23.00000000000000000, 12.24673507763198543 ) ) ;
#8 = ORIENTED_EDGE ( 'NONE', *, *, #4969, .T. ) ;
#9 = ADVANCED_FACE ( 'NONE', ( #3245 ), #663, .T. ) ;
#10 = CIRCLE ( 'NONE', #4982, 2.000000000000001776 ) ;
#11 = CARTESIAN_POINT ( 'NONE',  ( -7.013865626247108409, 4.999999999999999112, 33.96986975837996425 ) ) ;
#12 = CARTESIAN_POINT ( 'NONE',  ( -0.9989793883731014068, 49.06885544379733943, 53.99088210835640211 ) ) ;
#13 = DIRECTION ( 'NONE',  ( 0.000000000000000000, 0.000000000000000000, 1.000000000000000000 ) ) ;
#14 = DIRECTION ( 'NONE',  ( 1.000000000000000000, 0.000000000000000000, -0.000000000000000000 ) ) ;
#15 = ORIENTED_EDGE ( 'NONE', *, *, #481, .F. ) ;
#16 = VERTEX_POINT ( 'NONE', #4698 ) ;
#17 = CARTESIAN_POINT ( 'NONE',  ( -6.961359767642286478, 30.00000000000000000, 5.900964146969708501 ) ) ;
#18 = EDGE_CURVE ( 'NONE', #3258, #4714, #3497, .T. ) ;
#19 = DIRECTION ( 'NONE',  ( 0.000000000000000000, 0.000000000000000000, 1.000000000000000000 ) ) ;
#20 = FACE_OUTER_BOUND ( 'NONE', #1312, .T. ) ;
#21 = CARTESIAN_POINT ( 'NONE',  ( -12.29999977648293985, 26.00000000000000000, -33.61719605079859718 ) ) ;
#22 = ORIENTED_EDGE ( 'NONE', *, *, #4969, .F. ) ;
#23 = EDGE_CURVE ( 'NONE', #919, #4283, #3360, .T. ) ;
#24 = ORIENTED_EDGE ( 'NONE', *, *, #499, .T. ) ;
#25 = VECTOR ( 'NONE', #245, 1000.000000000000000 ) ;
#26 = CIRCLE ( 'NONE', #3875, 3.999999999999996447 ) ;
#27 = CARTESIAN_POINT ( 'NONE',  ( 0.1630312245176857022, 47.05000000000003979, 54.00000000000001421 ) ) ;
#28 = DIRECTION ( 'NONE',  ( 0.000000000000000000, -1.000000000000000000, 0.000000000000000000 ) ) ;
#29 = DIRECTION ( 'NONE',  ( 0.000000000000000000, 0.000000000000000000, -1.000000000000000000 ) ) ;
#30 = CARTESIAN_POINT ( 'NONE',  ( -14.50000000000001066, 7.000000000000006217, 17.24673507763198899 ) ) ;
#31 = ORIENTED_EDGE ( 'NONE', *, *, #4352, .F. ) ;
#32 = EDGE_CURVE ( 'NONE', #1768, #4198, #1463, .T. ) ;
#33 = EDGE_LOOP ( 'NONE', ( #5903, #3560, #3476, #5576, #532, #98 ) ) ;
#34 = VECTOR ( 'NONE', #4952, 1000.000000000000000 ) ;
#35 = CARTESIAN_POINT ( 'NONE',  ( 14.50000000000000000, 120.7419196555744350, -43.75326492236801812 ) ) ;
#36 = ORIENTED_EDGE ( 'NONE', *, *, #3209, .T. ) ;
#37 = LINE ( 'NONE', #2315, #2874 ) ;
#38 = CIRCLE ( 'NONE', #3170, 2.000000000000000000 ) ;
#39 = CARTESIAN_POINT ( 'NONE',  ( -14.50000000000001066, 7.000000000000006217, 17.24673507763198899 ) ) ;
#40 = EDGE_CURVE ( 'NONE', #414, #4021, #1810, .T. ) ;
#41 = CARTESIAN_POINT ( 'NONE',  ( -16.99982397258281708, -2.500000000000000000, 10.02646417955922686 ) ) ;
#42 = ORIENTED_EDGE ( 'NONE', *, *, #3144, .F. ) ;
#43 = DIRECTION ( 'NONE',  ( -0.000000000000000000, 1.000000000000000000, -0.000000000000000000 ) ) ;
#44 = ORIENTED_EDGE ( 'NONE', *, *, #6144, .F. ) ;
#45 = APPLICATION_CONTEXT ( 'automotive_design' ) ;
#46 = CARTESIAN_POINT ( 'NONE',  ( -8.305641733649297365, 5.000000000000000000, 32.42492653713829753 ) ) ;
#47 = DIRECTION ( 'NONE',  ( 0.7071067811865430208, 8.659560562354878624E-17, -0.7071067811865521247 ) ) ;
#48 = CARTESIAN_POINT ( 'NONE',  ( -12.50000000000000000, 5.000000000000000000, -45.75326492236801812 ) ) ;
#49 = ADVANCED_FACE ( 'NONE', ( #1895 ), #3390, .F. ) ;
#50 = DIRECTION ( 'NONE',  ( 0.000000000000000000, -0.000000000000000000, -1.000000000000000000 ) ) ;
#51 = VERTEX_POINT ( 'NONE', #1396 ) ;
#52 = ORIENTED_EDGE ( 'NONE', *, *, #2573, .T. ) ;
#53 = CARTESIAN_POINT ( 'NONE',  ( -11.50000000000000178, 120.7419196555744350, -43.75326492236801812 ) ) ;
#54 = AXIS2_PLACEMENT_3D ( 'NONE', #4086, #1744, #3674 ) ;
#55 = AXIS2_PLACEMENT_3D ( 'NONE', #5609, #5675, #1291 ) ;
#56 = LINE ( 'NONE', #3409, #2203 ) ;
#57 = DIRECTION ( 'NONE',  ( 0.000000000000000000, 0.000000000000000000, 1.000000000000000000 ) ) ;
#58 = CARTESIAN_POINT ( 'NONE',  ( -7.500000000000001776, 7.000000000000000000, 15.24673507763198188 ) ) ;
#59 = AXIS2_PLACEMENT_3D ( 'NONE', #5097, #3652, #5601 ) ;
#60 = CARTESIAN_POINT ( 'NONE',  ( 10.29999977648260590, 30.00000000000000000, 4.746735077632068034 ) ) ;
#61 = ADVANCED_FACE ( 'NONE', ( #3331 ), #2397, .T. ) ;
#62 = VECTOR ( 'NONE', #5254, 1000.000000000000000 ) ;
#63 = LINE ( 'NONE', #2023, #2445 ) ;
#64 = CARTESIAN_POINT ( 'NONE',  ( 7.500000000000001776, 5.000000000000000000, -43.75326492236801812 ) ) ;
#65 = FACE_OUTER_BOUND ( 'NONE', #2859, .T. ) ;
#66 = VERTEX_POINT ( 'NONE', #954 ) ;
#67 = ORIENTED_EDGE ( 'NONE', *, *, #4157, .F. ) ;
#68 = DIRECTION ( 'NONE',  ( 0.000000000000000000, -1.000000000000000000, 0.000000000000000000 ) ) ;
#69 = ORIENTED_EDGE ( 'NONE', *, *, #665, .F. ) ;
#70 = DIRECTION ( 'NONE',  ( 1.176083712526648949E-16, 0.000000000000000000, 1.000000000000000000 ) ) ;
#71 = PLANE ( 'NONE',  #5166 ) ;
#72 = ORIENTED_EDGE ( 'NONE', *, *, #1218, .F. ) ;
#73 = DIRECTION ( 'NONE',  ( -1.000000000000000000, 0.000000000000000000, 1.176083712526649195E-16 ) ) ;
#74 = ORIENTED_EDGE ( 'NONE', *, *, #5271, .F. ) ;
#75 = ADVANCED_FACE ( 'NONE', ( #2343 ), #443, .F. ) ;
#76 = VECTOR ( 'NONE', #294, 1000.000000000000227 ) ;
#77 = CARTESIAN_POINT ( 'NONE',  ( -16.50000000000001066, 5.000000000000000000, 12.24673507763198543 ) ) ;
#78 = CARTESIAN_POINT ( 'NONE',  ( -12.50000000000000888, 23.00000000000000000, 8.246735077631985433 ) ) ;
#79 = DIRECTION ( 'NONE',  ( 0.000000000000000000, 1.000000000000000000, 0.000000000000000000 ) ) ;
#80 = CARTESIAN_POINT ( 'NONE',  ( 4.660919194046072356, 7.230971059133565859, 51.29288128569240968 ) ) ;
#81 = ORIENTED_EDGE ( 'NONE', *, *, #2799, .T. ) ;
#82 = ORIENTED_EDGE ( 'NONE', *, *, #5440, .F. ) ;
#83 = LINE ( 'NONE', #4360, #2679 ) ;
#84 = AXIS2_PLACEMENT_3D ( 'NONE', #3131, #6056, #5644 ) ;
#85 = FACE_OUTER_BOUND ( 'NONE', #945, .T. ) ;
#86 = CARTESIAN_POINT ( 'NONE',  ( -14.99999966472387314, -2.500000000000000000, 9.855620236878186446 ) ) ;
#87 = CARTESIAN_POINT ( 'NONE',  ( -15.05837366819223710, -0.7593238223987802682, 9.999999776482582092 ) ) ;
#88 = ORIENTED_EDGE ( 'NONE', *, *, #2840, .F. ) ;
#89 = CARTESIAN_POINT ( 'NONE',  ( 9.554643783982324834, 26.00000000000000000, -36.51993069496482036 ) ) ;
#90 = CIRCLE ( 'NONE', #2924, 52.00000000000000000 ) ;
#91 = EDGE_CURVE ( 'NONE', #3280, #6013, #356, .T. ) ;
#92 = LINE ( 'NONE', #4081, #2300 ) ;
#93 = CARTESIAN_POINT ( 'NONE',  ( -11.50000000000000178, 7.000000000000000000, -45.75326492236801812 ) ) ;
#94 = CARTESIAN_POINT ( 'NONE',  ( 16.50000000000000000, 5.000000000000000000, -38.75326492236801812 ) ) ;
#95 = CARTESIAN_POINT ( 'NONE',  ( -11.50000000000000178, 7.000000000000000000, -38.75326492236801812 ) ) ;
#96 = VECTOR ( 'NONE', #190, 1000.000000000000000 ) ;
#97 = AXIS2_PLACEMENT_3D ( 'NONE', #5546, #726, #2649 ) ;
#98 = ORIENTED_EDGE ( 'NONE', *, *, #6144, .T. ) ;
#99 = ORIENTED_EDGE ( 'NONE', *, *, #4072, .T. ) ;
#100 = CARTESIAN_POINT ( 'NONE',  ( -11.50000000000000178, 7.000000000000000000, -41.75326492236801101 ) ) ;
#101 = ORIENTED_EDGE ( 'NONE', *, *, #1649, .F. ) ;
#102 = ADVANCED_FACE ( 'NONE', ( #4856 ), #3750, .F. ) ;
#103 = LINE ( 'NONE', #1082, #3383 ) ;
#104 = ORIENTED_EDGE ( 'NONE', *, *, #6030, .F. ) ;
#105 = VECTOR ( 'NONE', #687, 1000.000000000000000 ) ;
#106 = DIRECTION ( 'NONE',  ( 0.000000000000000000, 0.000000000000000000, -1.000000000000000000 ) ) ;
#107 = VERTEX_POINT ( 'NONE', #4760 ) ;
#108 = AXIS2_PLACEMENT_3D ( 'NONE', #809, #4607, #4067 ) ;
#109 = EDGE_CURVE ( 'NONE', #5078, #3878, #3839, .T. ) ;
#110 = FACE_OUTER_BOUND ( 'NONE', #2197, .T. ) ;
#111 = ORIENTED_EDGE ( 'NONE', *, *, #5570, .T. ) ;
#112 = CARTESIAN_POINT ( 'NONE',  ( -14.99999966472387314, -0.7607504052650645443, 9.855620236878186446 ) ) ;
#113 = LINE ( 'NONE', #1629, #3449 ) ;
#114 = EDGE_LOOP ( 'NONE', ( #5171, #610, #1588, #2377, #2258, #336 ) ) ;
#115 = CARTESIAN_POINT ( 'NONE',  ( -13.39662007711973324, 11.73373784664041963, 49.72986719732921301 ) ) ;
#116 = ORIENTED_EDGE ( 'NONE', *, *, #2804, .F. ) ;
#117 = ORIENTED_EDGE ( 'NONE', *, *, #3196, .T. ) ;
#118 = EDGE_CURVE ( 'NONE', #2523, #2235, #1841, .T. ) ;
#119 = DIRECTION ( 'NONE',  ( 0.000000000000000000, 0.000000000000000000, -1.000000000000000000 ) ) ;
#120 = AXIS2_PLACEMENT_3D ( 'NONE', #5362, #637, #5395 ) ;
#121 = DIRECTION ( 'NONE',  ( -0.000000000000000000, -1.000000000000000000, -0.000000000000000000 ) ) ;
#122 = CARTESIAN_POINT ( 'NONE',  ( 6.961359767642390395, 26.00000000000000000, 5.900964146969787549 ) ) ;
#123 = ORIENTED_EDGE ( 'NONE', *, *, #3688, .F. ) ;
#124 = ORIENTED_EDGE ( 'NONE', *, *, #1325, .T. ) ;
#125 = EDGE_CURVE ( 'NONE', #1560, #5351, #1155, .T. ) ;
#126 = EDGE_CURVE ( 'NONE', #6146, #4055, #3999, .T. ) ;
#127 = DIRECTION ( 'NONE',  ( 0.000000000000000000, 0.000000000000000000, 1.000000000000000000 ) ) ;
#128 = DIRECTION ( 'NONE',  ( 0.000000000000000000, 0.000000000000000000, 1.000000000000000000 ) ) ;
#129 = AXIS2_PLACEMENT_3D ( 'NONE', #690, #5038, #5073 ) ;
#130 = CARTESIAN_POINT ( 'NONE',  ( -16.99982397258281708, -7.749999873340129852, 4.999999888241291046 ) ) ;
#131 = DIRECTION ( 'NONE',  ( 0.000000000000000000, -1.000000000000000000, 0.000000000000000000 ) ) ;
#132 = AXIS2_PLACEMENT_3D ( 'NONE', #4592, #4052, #5043 ) ;
#133 = EDGE_CURVE ( 'NONE', #259, #1560, #5688, .T. ) ;
#134 = ORIENTED_EDGE ( 'NONE', *, *, #3216, .T. ) ;
#135 = LINE ( 'NONE', #1704, #1267 ) ;
#136 = ORIENTED_EDGE ( 'NONE', *, *, #3759, .F. ) ;
#137 = DIRECTION ( 'NONE',  ( 0.000000000000000000, 0.000000000000000000, -1.000000000000000000 ) ) ;
#138 = VECTOR ( 'NONE', #1741, 1000.000000000000000 ) ;
#139 = EDGE_CURVE ( 'NONE', #2327, #2273, #5624, .T. ) ;
#140 = CARTESIAN_POINT ( 'NONE',  ( -9.500000000000001776, 7.000000000000000000, -41.75326492236801101 ) ) ;
#141 = ORIENTED_EDGE ( 'NONE', *, *, #1751, .T. ) ;
#142 = VECTOR ( 'NONE', #417, 1000.000000000000000 ) ;
#143 = DIRECTION ( 'NONE',  ( -0.000000000000000000, 1.000000000000000000, -0.000000000000000000 ) ) ;
#144 = LINE ( 'NONE', #624, #286 ) ;
#145 = DIRECTION ( 'NONE',  ( -0.000000000000000000, 1.000000000000000000, -0.000000000000000000 ) ) ;
#146 = VERTEX_POINT ( 'NONE', #984 ) ;
#147 = CARTESIAN_POINT ( 'NONE',  ( 20.30000000000001492, 27.00000000000000000, 47.33032854312337889 ) ) ;
#148 = EDGE_LOOP ( 'NONE', ( #2033, #2939, #5548, #4380 ) ) ;
#149 = ORIENTED_EDGE ( 'NONE', *, *, #6023, .F. ) ;
#150 = PLANE ( 'NONE',  #2586 ) ;
#151 = CARTESIAN_POINT ( 'NONE',  ( 12.49999999999999822, 5.000000000000000000, -40.75326492236801812 ) ) ;
#152 = CARTESIAN_POINT ( 'NONE',  ( 6.961359767642390395, 30.00000000000000000, 5.900964146969787549 ) ) ;
#153 = EDGE_LOOP ( 'NONE', ( #2750, #4887, #3791, #4736 ) ) ;
#154 = AXIS2_PLACEMENT_3D ( 'NONE', #3494, #1993, #671 ) ;
#155 = SURFACE_SIDE_STYLE ('',( #3894 ) ) ;
#156 = EDGE_CURVE ( 'NONE', #1203, #6077, #2775, .T. ) ;
#157 = DIRECTION ( 'NONE',  ( 0.000000000000000000, 0.000000000000000000, -1.000000000000000000 ) ) ;
#158 = AXIS2_PLACEMENT_3D ( 'NONE', #5208, #2806, #4745 ) ;
#159 = LINE ( 'NONE', #4019, #6207 ) ;
#160 = DIRECTION ( 'NONE',  ( -1.000000000000000000, 0.000000000000000000, -0.000000000000000000 ) ) ;
#161 = LINE ( 'NONE', #2088, #3467 ) ;
#162 = EDGE_LOOP ( 'NONE', ( #1760, #1520, #815, #2132 ) ) ;
#163 = LINE ( 'NONE', #4500, #308 ) ;
#164 = CARTESIAN_POINT ( 'NONE',  ( 22.80000000000000782, 55.00000000000000000, 34.42492653411373738 ) ) ;
#165 = VECTOR ( 'NONE', #2290, 1000.000000000000000 ) ;
#166 = EDGE_CURVE ( 'NONE', #382, #2492, #419, .T. ) ;
#167 = CIRCLE ( 'NONE', #3709, 1.000000000000000000 ) ;
#168 = SURFACE_STYLE_FILL_AREA ( #581 ) ;
#169 = ORIENTED_EDGE ( 'NONE', *, *, #1635, .F. ) ;
#170 = CIRCLE ( 'NONE', #1777, 2.000000000000000000 ) ;
#171 = CYLINDRICAL_SURFACE ( 'NONE', #5119, 2.000000000000000000 ) ;
#172 = ORIENTED_EDGE ( 'NONE', *, *, #1716, .T. ) ;
#173 = ADVANCED_FACE ( 'NONE', ( #2434 ), #2165, .T. ) ;
#174 = DIRECTION ( 'NONE',  ( 1.000000000000000000, 0.000000000000000000, 0.000000000000000000 ) ) ;
#175 = CIRCLE ( 'NONE', #978, 2.000000000000001776 ) ;
#176 = DIRECTION ( 'NONE',  ( -1.000000000000000000, 0.000000000000000000, 4.336808689942017736E-16 ) ) ;
#177 = CARTESIAN_POINT ( 'NONE',  ( 24.80000000000000782, 6.999999999999999112, 36.42492653411373738 ) ) ;
#178 = CARTESIAN_POINT ( 'NONE',  ( 17.59971605291956820, 16.79777899491438120, 48.40563734748804592 ) ) ;
#179 = ORIENTED_EDGE ( 'NONE', *, *, #4316, .T. ) ;
#180 = DIRECTION ( 'NONE',  ( -0.000000000000000000, -1.000000000000000000, -0.000000000000000000 ) ) ;
#181 = ADVANCED_FACE ( 'NONE', ( #2028 ), #6021, .F. ) ;
#182 = EDGE_CURVE ( 'NONE', #1374, #1462, #6236, .T. ) ;
#183 = CARTESIAN_POINT ( 'NONE',  ( -12.88917741936951522, 0.3235237181298795672, 10.83991476540579235 ) ) ;
#184 = DIRECTION ( 'NONE',  ( -0.000000000000000000, 1.000000000000000000, 0.000000000000000000 ) ) ;
#185 = EDGE_LOOP ( 'NONE', ( #4576, #5465 ) ) ;
#186 = ORIENTED_EDGE ( 'NONE', *, *, #126, .T. ) ;
#187 = CARTESIAN_POINT ( 'NONE',  ( -14.50000000000000000, 120.7419196555744350, -40.75326492236801812 ) ) ;
#188 = AXIS2_PLACEMENT_3D ( 'NONE', #2936, #5299, #2456 ) ;
#189 = CARTESIAN_POINT ( 'NONE',  ( 9.500000000000001776, 23.00000000000000000, -41.75326492236801101 ) ) ;
#190 = DIRECTION ( 'NONE',  ( 0.9999999999999984457, -5.571172793958037440E-08, -1.745647977045120562E-15 ) ) ;
#191 = CARTESIAN_POINT ( 'NONE',  ( 11.50000000000000178, 7.000000000000000000, -36.75326492236801812 ) ) ;
#192 = VERTEX_POINT ( 'NONE', #2057 ) ;
#193 = VECTOR ( 'NONE', #5422, 1000.000000000000000 ) ;
#194 = CARTESIAN_POINT ( 'NONE',  ( -12.50000000000000000, 5.000000000000000000, -41.75326492236801101 ) ) ;
#195 = EDGE_LOOP ( 'NONE', ( #4271, #4744, #1447, #967 ) ) ;
#196 = CIRCLE ( 'NONE', #2313, 2.000000000000017319 ) ;
#197 = ORIENTED_EDGE ( 'NONE', *, *, #891, .T. ) ;
#198 = LINE ( 'NONE', #2034, #6039 ) ;
#199 = AXIS2_PLACEMENT_3D ( 'NONE', #5864, #3444, #57 ) ;
#200 = LINE ( 'NONE', #2068, #1334 ) ;
#201 = AXIS2_PLACEMENT_3D ( 'NONE', #2201, #5205, #5699 ) ;
#202 = CARTESIAN_POINT ( 'NONE',  ( -12.50000000000001066, 7.000000000000006217, 13.24673507763199076 ) ) ;
#203 = CARTESIAN_POINT ( 'NONE',  ( 0.000000000000000000, 2.000000000000001776, 0.000000000000000000 ) ) ;
#204 = CARTESIAN_POINT ( 'NONE',  ( 13.89540994653472517, 12.18662216918714947, 49.59233616004681977 ) ) ;
#205 = ORIENTED_EDGE ( 'NONE', *, *, #18, .F. ) ;
#206 = ORIENTED_EDGE ( 'NONE', *, *, #5339, .F. ) ;
#207 = EDGE_CURVE ( 'NONE', #472, #1351, #2469, .T. ) ;
#208 = LINE ( 'NONE', #4578, #5527 ) ;
#209 = CYLINDRICAL_SURFACE ( 'NONE', #392, 2.000000000000001776 ) ;
#210 = B_SPLINE_CURVE_WITH_KNOTS ( 'NONE', 2,
 ( #2303, #4750, #279 ),
 .UNSPECIFIED., .F., .F.,
 ( 3, 3 ),
 ( 0.000000000000000000, 1.000000000000000000 ),
 .UNSPECIFIED. ) ;
#211 = DIRECTION ( 'NONE',  ( 0.000000000000000000, 0.000000000000000000, 1.000000000000000000 ) ) ;
#212 = ORIENTED_EDGE ( 'NONE', *, *, #1318, .F. ) ;
#213 = TOROIDAL_SURFACE ( 'NONE', #4564, 4.000000000000000000, 2.000000000000000000 ) ;
#214 = ORIENTED_EDGE ( 'NONE', *, *, #5339, .T. ) ;
#215 = CARTESIAN_POINT ( 'NONE',  ( 7.500000000000001776, 7.000000000000000000, -40.75326492236801812 ) ) ;
#216 = CYLINDRICAL_SURFACE ( 'NONE', #5047, 2.000000000000000000 ) ;
#217 = EDGE_CURVE ( 'NONE', #3934, #5344, #512, .T. ) ;
#218 = CARTESIAN_POINT ( 'NONE',  ( -14.50000000000000178, 23.00000000000000000, -36.75326492236801812 ) ) ;
#219 = DIRECTION ( 'NONE',  ( 0.000000000000000000, 0.000000000000000000, 1.000000000000000000 ) ) ;
#220 = FACE_OUTER_BOUND ( 'NONE', #2932, .T. ) ;
#221 = EDGE_LOOP ( 'NONE', ( #4632, #3687, #2585, #906 ) ) ;
#222 = CIRCLE ( 'NONE', #120, 51.50000000000000000 ) ;
#223 = CARTESIAN_POINT ( 'NONE',  ( 21.56803208907646763, 24.80922379291520485, 34.57363300755998381 ) ) ;
#224 = AXIS2_PLACEMENT_3D ( 'NONE', #1739, #790, #3668 ) ;
#225 = VECTOR ( 'NONE', #131, 1000.000000000000000 ) ;
#226 = CARTESIAN_POINT ( 'NONE',  ( -14.99999966472387314, 0.7777101180760311872, 9.999999776482582092 ) ) ;
#227 = ORIENTED_EDGE ( 'NONE', *, *, #3716, .F. ) ;
#228 = LINE ( 'NONE', #5691, #4930 ) ;
#229 = EDGE_CURVE ( 'NONE', #582, #5032, #1368, .T. ) ;
#230 = EDGE_CURVE ( 'NONE', #4076, #5948, #135, .T. ) ;
#231 = CARTESIAN_POINT ( 'NONE',  ( 21.09252382952539762, 32.46197103462442612, 34.44360294948774026 ) ) ;
#232 = CARTESIAN_POINT ( 'NONE',  ( -7.500000000000001776, 23.00000000000000000, 13.24673507763198721 ) ) ;
#233 = CARTESIAN_POINT ( 'NONE',  ( -15.51608050105626724, -0.7500003881494367031, 10.71834649412947726 ) ) ;
#234 = ORIENTED_EDGE ( 'NONE', *, *, #4149, .F. ) ;
#235 = FACE_OUTER_BOUND ( 'NONE', #541, .T. ) ;
#236 = ORIENTED_EDGE ( 'NONE', *, *, #5702, .F. ) ;
#237 = EDGE_LOOP ( 'NONE', ( #214, #2433, #3880, #367 ) ) ;
#238 = LINE ( 'NONE', #4099, #365 ) ;
#239 = AXIS2_PLACEMENT_3D ( 'NONE', #5269, #2871, #2360 ) ;
#240 = DIRECTION ( 'NONE',  ( 0.000000000000000000, 0.000000000000000000, 1.000000000000000000 ) ) ;
#241 = FACE_OUTER_BOUND ( 'NONE', #3374, .T. ) ;
#242 = ORIENTED_EDGE ( 'NONE', *, *, #5702, .T. ) ;
#243 = DIRECTION ( 'NONE',  ( 0.4226189496394527345, -0.000000000000000000, -0.9063074662638754830 ) ) ;
#244 = ORIENTED_EDGE ( 'NONE', *, *, #617, .F. ) ;
#245 = DIRECTION ( 'NONE',  ( 0.000000000000000000, -1.000000000000000000, 0.000000000000000000 ) ) ;
#246 = EDGE_CURVE ( 'NONE', #3060, #3462, #4957, .T. ) ;
#247 = CARTESIAN_POINT ( 'NONE',  ( 14.50000000000000000, 26.99999999999999645, -36.75326492236801812 ) ) ;
#248 = LINE ( 'NONE', #3572, #1034 ) ;
#249 = DIRECTION ( 'NONE',  ( 0.000000000000000000, 0.000000000000000000, -1.000000000000000000 ) ) ;
#250 = DIRECTION ( 'NONE',  ( -0.4226189496394526235, 0.000000000000000000, 0.9063074662638754830 ) ) ;
#251 = ORIENTED_EDGE ( 'NONE', *, *, #3700, .F. ) ;
#252 = LINE ( 'NONE', #322, #3896 ) ;
#253 = EDGE_LOOP ( 'NONE', ( #2305, #899, #3222, #2947 ) ) ;
#254 = EDGE_CURVE ( 'NONE', #5857, #2905, #362, .T. ) ;
#255 = VECTOR ( 'NONE', #70, 1000.000000000000000 ) ;
#256 = VECTOR ( 'NONE', #1530, 1000.000000000000000 ) ;
#257 = CARTESIAN_POINT ( 'NONE',  ( 9.500000000000003553, 24.99999999999999645, 8.246735077631981881 ) ) ;
#258 = CARTESIAN_POINT ( 'NONE',  ( -15.11931034520414308, 0.7500000065192586884, 9.999999776482582092 ) ) ;
#259 = VERTEX_POINT ( 'NONE', #1668 ) ;
#260 = CIRCLE ( 'NONE', #1580, 2.000000000000000000 ) ;
#261 = DIRECTION ( 'NONE',  ( 0.000000000000000000, -1.000000000000000000, 0.000000000000000000 ) ) ;
#262 = AXIS2_PLACEMENT_3D ( 'NONE', #4569, #3751, #2657 ) ;
#263 = LINE ( 'NONE', #2660, #3024 ) ;
#264 = FACE_OUTER_BOUND ( 'NONE', #6290, .T. ) ;
#265 = CARTESIAN_POINT ( 'NONE',  ( -15.09346121785695516, -1.250000006519258022, 9.812038312545594110 ) ) ;
#266 = DIRECTION ( 'NONE',  ( 1.000000000000000000, 0.000000000000000000, 0.000000000000000000 ) ) ;
#267 = ORIENTED_EDGE ( 'NONE', *, *, #2011, .F. ) ;
#268 = CARTESIAN_POINT ( 'NONE',  ( 0.000000000000000000, 30.00000000000000000, 0.000000000000000000 ) ) ;
#269 = CIRCLE ( 'NONE', #1285, 2.000000000000000000 ) ;
#270 = CARTESIAN_POINT ( 'NONE',  ( 10.29999977648193976, 26.00000000000000000, 2.510667100131867002 ) ) ;
#271 = CARTESIAN_POINT ( 'NONE',  ( -7.500000000000001776, 7.000000000000000000, 15.24673507763198188 ) ) ;
#272 = ORIENTED_EDGE ( 'NONE', *, *, #32, .T. ) ;
#273 = ORIENTED_EDGE ( 'NONE', *, *, #4388, .T. ) ;
#274 = SPHERICAL_SURFACE ( 'NONE', #1066, 2.000000000000000000 ) ;
#275 = ORIENTED_EDGE ( 'NONE', *, *, #2248, .F. ) ;
#276 = EDGE_CURVE ( 'NONE', #3553, #4855, #1960, .T. ) ;
#277 = DIRECTION ( 'NONE',  ( 0.000000000000000000, 0.000000000000000000, 1.000000000000000000 ) ) ;
#278 = DIRECTION ( 'NONE',  ( -1.000000000000000000, -0.000000000000000000, 1.176083712526649195E-16 ) ) ;
#279 = CARTESIAN_POINT ( 'NONE',  ( -14.69037735642265119, -5.750000011175870895, 9.999999776482582092 ) ) ;
#280 = CARTESIAN_POINT ( 'NONE',  ( 0.6291762100088829079, 47.20754254225782631, 51.49637895347161276 ) ) ;
#281 = ORIENTED_EDGE ( 'NONE', *, *, #1862, .T. ) ;
#282 = DIRECTION ( 'NONE',  ( 0.000000000000000000, 0.000000000000000000, 1.000000000000000000 ) ) ;
#283 = EDGE_CURVE ( 'NONE', #5697, #3513, #4815, .T. ) ;
#284 = DIRECTION ( 'NONE',  ( 0.000000000000000000, 0.000000000000000000, 1.000000000000000000 ) ) ;
#285 = CIRCLE ( 'NONE', #4325, 2.000000000000001776 ) ;
#286 = VECTOR ( 'NONE', #47, 999.9999999999998863 ) ;
#287 = EDGE_CURVE ( 'NONE', #4394, #1992, #1991, .T. ) ;
#288 = CARTESIAN_POINT ( 'NONE',  ( 11.50000000000000178, 23.00000000000000000, -40.75326492236801812 ) ) ;
#289 = ORIENTED_EDGE ( 'NONE', *, *, #1936, .F. ) ;
#290 = EDGE_CURVE ( 'NONE', #3872, #4554, #5541, .T. ) ;
#291 = DIRECTION ( 'NONE',  ( 0.000000000000000000, 1.000000000000000000, 0.000000000000000000 ) ) ;
#292 = AXIS2_PLACEMENT_3D ( 'NONE', #6012, #3586, #5532 ) ;
#293 = AXIS2_PLACEMENT_3D ( 'NONE', #364, #4852, #1043 ) ;
#294 = DIRECTION ( 'NONE',  ( -0.9063074662638758161, -2.649030759615489312E-16, -0.4226189496394517908 ) ) ;
#295 = FACE_OUTER_BOUND ( 'NONE', #3787, .T. ) ;
#296 = EDGE_CURVE ( 'NONE', #1158, #2717, #1473, .T. ) ;
#297 = CARTESIAN_POINT ( 'NONE',  ( -25.80202020202020918, 6.999999999999999112, 44.57023394031651264 ) ) ;
#298 = CARTESIAN_POINT ( 'NONE',  ( 9.500000000000003553, 5.000000000000000000, -36.75326492236801812 ) ) ;
#299 = VERTEX_POINT ( 'NONE', #1047 ) ;
#300 = CIRCLE ( 'NONE', #1111, 2.000000000000001776 ) ;
#301 = ORIENTED_EDGE ( 'NONE', *, *, #2471, .F. ) ;
#302 = DIRECTION ( 'NONE',  ( -0.000000000000000000, 1.000000000000000000, -0.000000000000000000 ) ) ;
#303 = ORIENTED_EDGE ( 'NONE', *, *, #4405, .T. ) ;
#304 = CIRCLE ( 'NONE', #2420, 2.000000000000000000 ) ;
#305 = CARTESIAN_POINT ( 'NONE',  ( -16.50000000000000000, 7.000000000000006217, -43.75326492236801812 ) ) ;
#306 = EDGE_CURVE ( 'NONE', #4198, #3848, #4434, .T. ) ;
#307 = EDGE_CURVE ( 'NONE', #1829, #953, #4924, .T. ) ;
#308 = VECTOR ( 'NONE', #2090, 1000.000000000000000 ) ;
#309 = DIRECTION ( 'NONE',  ( 0.000000000000000000, 0.000000000000000000, -1.000000000000000000 ) ) ;
#310 = ORIENTED_EDGE ( 'NONE', *, *, #2268, .T. ) ;
#311 = ORIENTED_EDGE ( 'NONE', *, *, #355, .T. ) ;
#312 = CARTESIAN_POINT ( 'NONE',  ( 9.500000000000001776, 24.99999999999999645, 13.24673507763198366 ) ) ;
#313 = ORIENTED_EDGE ( 'NONE', *, *, #444, .T. ) ;
#314 = CIRCLE ( 'NONE', #4665, 2.000000000000000000 ) ;
#315 = CARTESIAN_POINT ( 'NONE',  ( 2.726273952367018971, 26.00000000000000000, 12.24673507763198543 ) ) ;
#316 = EDGE_CURVE ( 'NONE', #6152, #3672, #559, .T. ) ;
#317 = DIRECTION ( 'NONE',  ( -1.000000000000000000, 0.000000000000000000, 0.000000000000000000 ) ) ;
#318 = DIRECTION ( 'NONE',  ( 0.000000000000000000, 0.000000000000000000, -1.000000000000000000 ) ) ;
#319 = CARTESIAN_POINT ( 'NONE',  ( -2.726273952367158415, 30.00000000000000000, 12.24673507763199254 ) ) ;
#320 = ORIENTED_EDGE ( 'NONE', *, *, #2558, .T. ) ;
#321 = ORIENTED_EDGE ( 'NONE', *, *, #1489, .T. ) ;
#322 = CARTESIAN_POINT ( 'NONE',  ( 14.50000000000000711, 23.00000000000000000, 10.24673507763198188 ) ) ;
#323 = VECTOR ( 'NONE', #6043, 1000.000000000000114 ) ;
#324 = EDGE_CURVE ( 'NONE', #649, #4948, #1469, .T. ) ;
#325 = DIRECTION ( 'NONE',  ( 0.000000000000000000, 0.000000000000000000, 1.000000000000000000 ) ) ;
#326 =( NAMED_UNIT ( * ) PLANE_ANGLE_UNIT ( ) SI_UNIT ( $, .RADIAN. ) );
#327 = VERTEX_POINT ( 'NONE', #6053 ) ;
#328 = PLANE ( 'NONE',  #4617 ) ;
#329 = UNCERTAINTY_MEASURE_WITH_UNIT (LENGTH_MEASURE( 1.000000000000000082E-05 ), #2270, 'distance_accuracy_value', 'NONE');
#330 = CARTESIAN_POINT ( 'NONE',  ( -12.50000000000000000, 7.000000000000000000, -36.75326492236801812 ) ) ;
#331 = DIRECTION ( 'NONE',  ( 0.000000000000000000, 0.000000000000000000, -1.000000000000000000 ) ) ;
#332 = CARTESIAN_POINT ( 'NONE',  ( -8.674099376880665346, 5.000000000000000000, 32.42492653411373027 ) ) ;
#333 = ORIENTED_EDGE ( 'NONE', *, *, #2740, .T. ) ;
#334 = CARTESIAN_POINT ( 'NONE',  ( -20.13171369578709147, 24.30580124608309944, 47.40220923985815915 ) ) ;
#335 = EDGE_LOOP ( 'NONE', ( #4974, #3212, #3724, #3800 ) ) ;
#336 = ORIENTED_EDGE ( 'NONE', *, *, #3759, .T. ) ;
#337 = DIRECTION ( 'NONE',  ( 1.000000000000000000, -0.000000000000000000, -1.176083712526649195E-16 ) ) ;
#338 = ORIENTED_EDGE ( 'NONE', *, *, #5754, .T. ) ;
#339 = EDGE_CURVE ( 'NONE', #1381, #1270, #3629, .T. ) ;
#340 = CARTESIAN_POINT ( 'NONE',  ( 19.99999955296516418, 9.999999776482582092, 4.999999888241291046 ) ) ;
#341 = PLANE ( 'NONE',  #3135 ) ;
#342 = ORIENTED_EDGE ( 'NONE', *, *, #4504, .F. ) ;
#343 = ORIENTED_EDGE ( 'NONE', *, *, #892, .F. ) ;
#344 = DIRECTION ( 'NONE',  ( 0.000000000000000000, 0.000000000000000000, -1.000000000000000000 ) ) ;
#345 = CIRCLE ( 'NONE', #5912, 2.000000000000000000 ) ;
#346 = PRODUCT_DEFINITION_SHAPE ( 'NONE', 'NONE',  #6294 ) ;
#347 = PRODUCT_DEFINITION ( 'UNKNOWN', '', #2220, #2151 ) ;
#348 = CARTESIAN_POINT ( 'NONE',  ( -11.50000000000000178, 24.99999999999999645, 10.24673507763198543 ) ) ;
#349 = CARTESIAN_POINT ( 'NONE',  ( 7.500000000000001776, 5.000000000000000000, 13.24673507763198366 ) ) ;
#350 = CARTESIAN_POINT ( 'NONE',  ( 14.99999966472387491, 5.750000011175870895, 9.999999776482582092 ) ) ;
#351 = CARTESIAN_POINT ( 'NONE',  ( 10.29999977648260590, 30.00000000000000000, 4.746735077632068034 ) ) ;
#352 = ORIENTED_EDGE ( 'NONE', *, *, #139, .F. ) ;
#353 = VERTEX_POINT ( 'NONE', #1735 ) ;
#354 = CARTESIAN_POINT ( 'NONE',  ( 11.50000000000000178, 7.000000000000000000, -40.75326492236801812 ) ) ;
#355 = EDGE_CURVE ( 'NONE', #5436, #1032, #1382, .T. ) ;
#356 = CIRCLE ( 'NONE', #4200, 49.49999999999999289 ) ;
#357 = DIRECTION ( 'NONE',  ( 0.000000000000000000, 0.000000000000000000, -1.000000000000000000 ) ) ;
#358 = DIRECTION ( 'NONE',  ( 0.000000000000000000, 0.000000000000000000, 1.000000000000000000 ) ) ;
#359 = ORIENTED_EDGE ( 'NONE', *, *, #2164, .T. ) ;
#360 = LINE ( 'NONE', #5622, #5944 ) ;
#361 = CIRCLE ( 'NONE', #1367, 2.000000000000000000 ) ;
#362 = CIRCLE ( 'NONE', #5933, 2.249999686647422781 ) ;
#363 = LINE ( 'NONE', #3646, #5048 ) ;
#364 = CARTESIAN_POINT ( 'NONE',  ( 7.500000000000001776, 23.00000000000000000, 13.24673507763198543 ) ) ;
#365 = VECTOR ( 'NONE', #1064, 1000.000000000000000 ) ;
#366 = FACE_OUTER_BOUND ( 'NONE', #1417, .T. ) ;
#367 = ORIENTED_EDGE ( 'NONE', *, *, #3216, .F. ) ;
#368 = DIRECTION ( 'NONE',  ( 0.000000000000000000, -1.000000000000000000, 0.000000000000000000 ) ) ;
#369 = ORIENTED_EDGE ( 'NONE', *, *, #296, .T. ) ;
#370 = EDGE_CURVE ( 'NONE', #5387, #4707, #4211, .T. ) ;
#371 = TOROIDAL_SURFACE ( 'NONE', #2687, 4.000000000000000000, 2.000000000000000000 ) ;
#372 = DIRECTION ( 'NONE',  ( 0.8754257427334273256, -0.2588192324218464568, 0.4082185369237822936 ) ) ;
#373 = CARTESIAN_POINT ( 'NONE',  ( 11.50000000000000178, 7.000000000000000000, 10.24673507763198188 ) ) ;
#374 = ORIENTED_EDGE ( 'NONE', *, *, #5995, .T. ) ;
#375 = EDGE_CURVE ( 'NONE', #5519, #3088, #2276, .T. ) ;
#376 = EDGE_LOOP ( 'NONE', ( #3988, #5188, #5400, #3388 ) ) ;
#377 = CARTESIAN_POINT ( 'NONE',  ( 7.500000000000001776, 23.00000000000000000, 15.24673507763198188 ) ) ;
#378 = ORIENTED_EDGE ( 'NONE', *, *, #2410, .F. ) ;
#379 = APPLICATION_CONTEXT ( 'automotive_design' ) ;
#380 = DIRECTION ( 'NONE',  ( 0.000000000000000000, 1.000000000000000000, 0.000000000000000000 ) ) ;
#381 = CARTESIAN_POINT ( 'NONE',  ( 9.500000000000001776, 23.00000000000000000, -43.75326492236801812 ) ) ;
#382 = VERTEX_POINT ( 'NONE', #6184 ) ;
#383 = EDGE_LOOP ( 'NONE', ( #2547, #5985, #4692, #526 ) ) ;
#384 = PLANE ( 'NONE',  #4936 ) ;
#385 = ORIENTED_EDGE ( 'NONE', *, *, #1564, .F. ) ;
#386 = CARTESIAN_POINT ( 'NONE',  ( 14.50000000000000711, 23.00000000000000000, 12.24673507763198188 ) ) ;
#387 = EDGE_CURVE ( 'NONE', #1990, #4218, #4002, .T. ) ;
#388 = CONTEXT_DEPENDENT_SHAPE_REPRESENTATION ( #6006, #346 ) ;
#389 = CARTESIAN_POINT ( 'NONE',  ( 20.30000000000000782, 55.00000000000000000, 36.92492653411373738 ) ) ;
#390 = PRESENTATION_LAYER_ASSIGNMENT (  '', '', ( #2602 ) ) ;
#391 = DIRECTION ( 'NONE',  ( -0.000000000000000000, 1.000000000000000000, -0.000000000000000000 ) ) ;
#392 = AXIS2_PLACEMENT_3D ( 'NONE', #305, #818, #6049 ) ;
#393 = CARTESIAN_POINT ( 'NONE',  ( 14.50000000000000711, 7.000000000000006217, 12.24673507763198188 ) ) ;
#394 = ADVANCED_FACE ( 'NONE', ( #3730 ), #274, .F. ) ;
#395 = DIRECTION ( 'NONE',  ( -0.4226189496394526790, -0.000000000000000000, 0.9063074662638754830 ) ) ;
#396 = ORIENTED_EDGE ( 'NONE', *, *, #1425, .T. ) ;
#397 = LINE ( 'NONE', #6079, #1785 ) ;
#398 = VERTEX_POINT ( 'NONE', #5236 ) ;
#399 = AXIS2_PLACEMENT_3D ( 'NONE', #5917, #2069, #1972 ) ;
#400 = VECTOR ( 'NONE', #1296, 1000.000000000000000 ) ;
#401 = CARTESIAN_POINT ( 'NONE',  ( -21.54998984864248257, 24.80684555309071015, 34.57059863254791310 ) ) ;
#402 = EDGE_CURVE ( 'NONE', #1282, #989, #4606, .T. ) ;
#403 = ORIENTED_EDGE ( 'NONE', *, *, #6253, .F. ) ;
#404 = ORIENTED_EDGE ( 'NONE', *, *, #5997, .F. ) ;
#405 = VECTOR ( 'NONE', #3474, 1000.000000000000114 ) ;
#406 = DIRECTION ( 'NONE',  ( -0.000000000000000000, 1.000000000000000000, -0.000000000000000000 ) ) ;
#407 = CIRCLE ( 'NONE', #816, 2.000000000000001776 ) ;
#408 = CARTESIAN_POINT ( 'NONE',  ( -0.7681713566540921967, 47.30048672860983316, 53.99465929907439943 ) ) ;
#409 = EDGE_CURVE ( 'NONE', #3928, #6203, #5827, .T. ) ;
#410 = CARTESIAN_POINT ( 'NONE',  ( -20.30000000000000782, 55.00000000000000000, 47.33032854312337889 ) ) ;
#411 = CARTESIAN_POINT ( 'NONE',  ( 1.186247177447043777, 47.89745771969630539, 51.48634578597192757 ) ) ;
#412 = AXIS2_PLACEMENT_3D ( 'NONE', #2763, #5564, #1214 ) ;
#413 = ORIENTED_EDGE ( 'NONE', *, *, #2601, .F. ) ;
#414 = VERTEX_POINT ( 'NONE', #1830 ) ;
#415 = CARTESIAN_POINT ( 'NONE',  ( 8.847564458826717108E-05, 5.750000011175870895, 2.999999999999998668 ) ) ;
#416 = ADVANCED_FACE ( 'NONE', ( #881 ), #1255, .F. ) ;
#417 = DIRECTION ( 'NONE',  ( -0.7071067811865431318, 0.000000000000000000, -0.7071067811865519026 ) ) ;
#418 = APPLICATION_PROTOCOL_DEFINITION ( 'draft international standard', 'automotive_design', 1998, #379 ) ;
#419 = LINE ( 'NONE', #3902, #6136 ) ;
#420 = LINE ( 'NONE', #1, #5623 ) ;
#421 = CARTESIAN_POINT ( 'NONE',  ( 19.99999955296516418, 9.999999776482582092, 4.999999888241291046 ) ) ;
#422 = ORIENTED_EDGE ( 'NONE', *, *, #6222, .T. ) ;
#423 = DIRECTION ( 'NONE',  ( 1.000000000000000000, -0.000000000000000000, 1.764125568789973300E-16 ) ) ;
#424 = CARTESIAN_POINT ( 'NONE',  ( -0.3118857478578562215, 5.000000000000000000, 33.55484026511246753 ) ) ;
#425 = DIRECTION ( 'NONE',  ( 0.000000000000000000, 0.000000000000000000, -1.000000000000000000 ) ) ;
#426 = LINE ( 'NONE', #4773, #2408 ) ;
#427 = ORIENTED_EDGE ( 'NONE', *, *, #4553, .T. ) ;
#428 = EDGE_LOOP ( 'NONE', ( #6035, #442, #915, #2045 ) ) ;
#429 = LINE ( 'NONE', #5795, #666 ) ;
#430 = ORIENTED_EDGE ( 'NONE', *, *, #3036, .F. ) ;
#431 = ADVANCED_FACE ( 'NONE', ( #849 ), #753, .T. ) ;
#432 = DIRECTION ( 'NONE',  ( -0.000000000000000000, 1.000000000000000000, -0.000000000000000000 ) ) ;
#433 = PLANE ( 'NONE',  #3747 ) ;
#434 = FACE_OUTER_BOUND ( 'NONE', #788, .T. ) ;
#435 = AXIS2_PLACEMENT_3D ( 'NONE', #3244, #2628, #2688 ) ;
#436 = VERTEX_POINT ( 'NONE', #3193 ) ;
#437 = ORIENTED_EDGE ( 'NONE', *, *, #5055, .T. ) ;
#438 = CARTESIAN_POINT ( 'NONE',  ( -14.99999966472387669, -2.015564259392789381, 9.855620236878186446 ) ) ;
#439 = FACE_OUTER_BOUND ( 'NONE', #5927, .T. ) ;
#440 = DIRECTION ( 'NONE',  ( 1.000000000000000000, -0.000000000000000000, -1.176083712526648949E-16 ) ) ;
#441 = ORIENTED_EDGE ( 'NONE', *, *, #2542, .F. ) ;
#442 = ORIENTED_EDGE ( 'NONE', *, *, #5877, .F. ) ;
#443 = PLANE ( 'NONE',  #3081 ) ;
#444 = EDGE_CURVE ( 'NONE', #1471, #2940, #4618, .T. ) ;
#445 = CARTESIAN_POINT ( 'NONE',  ( -12.50000000000000000, 7.000000000000006217, -45.75326492236801812 ) ) ;
#446 = UNCERTAINTY_MEASURE_WITH_UNIT (LENGTH_MEASURE( 1.000000000000000082E-05 ), #2093, 'distance_accuracy_value', 'NONE');
#447 = CARTESIAN_POINT ( 'NONE',  ( 14.69055430771182991, -5.750000011175870895, 9.999999776482582092 ) ) ;
#448 = DIRECTION ( 'NONE',  ( 0.000000000000000000, 0.000000000000000000, -1.000000000000000000 ) ) ;
#449 = ORIENTED_EDGE ( 'NONE', *, *, #1796, .F. ) ;
#450 = CIRCLE ( 'NONE', #6135, 4.000000000000003553 ) ;
#451 = CARTESIAN_POINT ( 'NONE',  ( -14.99999966472387314, 5.750000011175870895, 9.999999776482582092 ) ) ;
#452 = EDGE_LOOP ( 'NONE', ( #6142, #746, #3047 ) ) ;
#453 = AXIS2_PLACEMENT_3D ( 'NONE', #100, #1559, #5070 ) ;
#454 = CARTESIAN_POINT ( 'NONE',  ( -3.082885077577576460, 5.404874792486650037, 34.42492653396089963 ) ) ;
#455 = CARTESIAN_POINT ( 'NONE',  ( -21.30011020673087430, 22.61747191397744672, 34.48557016692409860 ) ) ;
#456 = CARTESIAN_POINT ( 'NONE',  ( -15.09346121785695516, -0.7500000065192584664, 9.812038312545594110 ) ) ;
#457 = VERTEX_POINT ( 'NONE', #2206 ) ;
#458 = VERTEX_POINT ( 'NONE', #3232 ) ;
#459 = ADVANCED_FACE ( 'NONE', ( #5172 ), #822, .F. ) ;
#460 = FACE_OUTER_BOUND ( 'NONE', #914, .T. ) ;
#461 = AXIS2_PLACEMENT_3D ( 'NONE', #5228, #5633, #3279 ) ;
#462 = FACE_OUTER_BOUND ( 'NONE', #3525, .T. ) ;
#463 = CIRCLE ( 'NONE', #3207, 4.000000000000000000 ) ;
#464 = CARTESIAN_POINT ( 'NONE',  ( -12.01375201344490051, -2.500000000000000000, 11.24813314527273178 ) ) ;
#465 = CARTESIAN_POINT ( 'NONE',  ( -10.12317673398208839, -2.500000000000000000, -4.720524190280062093 ) ) ;
#466 = ORIENTED_EDGE ( 'NONE', *, *, #5440, .T. ) ;
#467 = CARTESIAN_POINT ( 'NONE',  ( 25.80202020202020918, 55.00000000000000000, 44.57023394031650554 ) ) ;
#468 = AXIS2_PLACEMENT_3D ( 'NONE', #2784, #1890, #2814 ) ;
#469 = CARTESIAN_POINT ( 'NONE',  ( -14.69037735642265297, 5.750000011175870895, 9.999999776482582092 ) ) ;
#470 = CARTESIAN_POINT ( 'NONE',  ( 6.613092709592609990E-15, 49.55000000000001847, 54.00000000000000000 ) ) ;
#471 = DIRECTION ( 'NONE',  ( -0.000000000000000000, 1.000000000000000000, -0.000000000000000000 ) ) ;
#472 = VERTEX_POINT ( 'NONE', #4144 ) ;
#473 = EDGE_CURVE ( 'NONE', #4076, #1381, #3085, .T. ) ;
#474 = SHAPE_DEFINITION_REPRESENTATION ( #4188, #5904 ) ;
#475 = ORIENTED_EDGE ( 'NONE', *, *, #5120, .F. ) ;
#476 = DIRECTION ( 'NONE',  ( 0.000000000000000000, 0.000000000000000000, 1.000000000000000000 ) ) ;
#477 = ORIENTED_EDGE ( 'NONE', *, *, #2043, .T. ) ;
#478 = FACE_OUTER_BOUND ( 'NONE', #4938, .T. ) ;
#479 = EDGE_CURVE ( 'NONE', #1018, #5078, #2988, .T. ) ;
#480 = CIRCLE ( 'NONE', #1823, 2.000000000000000000 ) ;
#481 = EDGE_CURVE ( 'NONE', #2905, #4486, #6214, .T. ) ;
#482 = CARTESIAN_POINT ( 'NONE',  ( -21.62287565553232227, 27.00000000000000000, 34.60205087858145134 ) ) ;
#483 = ORIENTED_EDGE ( 'NONE', *, *, #4140, .T. ) ;
#484 = DIRECTION ( 'NONE',  ( -0.000000000000000000, -0.000000000000000000, 1.000000000000000000 ) ) ;
#485 = ORIENTED_EDGE ( 'NONE', *, *, #5353, .T. ) ;
#486 = AXIS2_PLACEMENT_3D ( 'NONE', #500, #5238, #5357 ) ;
#487 = EDGE_CURVE ( 'NONE', #1935, #718, #1855, .T. ) ;
#488 = VECTOR ( 'NONE', #4904, 1000.000000000000114 ) ;
#489 = CARTESIAN_POINT ( 'NONE',  ( 5.062902625720203886, 5.000000000000000000, 32.79801518689232154 ) ) ;
#490 = CARTESIAN_POINT ( 'NONE',  ( -0.7616104515607664549, 49.29453642787844814, 53.99467153399442765 ) ) ;
#491 = DIRECTION ( 'NONE',  ( 1.000000000000000000, -0.000000000000000000, -0.000000000000000000 ) ) ;
#492 = DIRECTION ( 'NONE',  ( 0.000000000000000000, 0.000000000000000000, 1.000000000000000000 ) ) ;
#493 = ORIENTED_EDGE ( 'NONE', *, *, #795, .F. ) ;
#494 = TOROIDAL_SURFACE ( 'NONE', #2309, 4.000000000000000000, 2.000000000000000000 ) ;
#495 = EDGE_LOOP ( 'NONE', ( #2308, #2230, #1221, #2541 ) ) ;
#496 = CARTESIAN_POINT ( 'NONE',  ( -20.79999999999999361, 55.00000000000000000, 34.42492653411373738 ) ) ;
#497 = AXIS2_PLACEMENT_3D ( 'NONE', #1151, #4905, #5418 ) ;
#498 = VECTOR ( 'NONE', #5334, 1000.000000000000000 ) ;
#499 = EDGE_CURVE ( 'NONE', #6256, #2244, #6275, .T. ) ;
#500 = CARTESIAN_POINT ( 'NONE',  ( 0.000000000000000000, 2.500000000000000000, 0.000000000000000000 ) ) ;
#501 = DIRECTION ( 'NONE',  ( 0.000000000000000000, -1.000000000000000000, 0.000000000000000000 ) ) ;
#502 = CARTESIAN_POINT ( 'NONE',  ( 11.50000000000000178, 5.000000000000000000, -36.75326492236801812 ) ) ;
#503 = ORIENTED_EDGE ( 'NONE', *, *, #4466, .T. ) ;
#504 = CIRCLE ( 'NONE', #812, 0.4999996183698215413 ) ;
#505 = DIRECTION ( 'NONE',  ( -1.000000000000000000, 0.000000000000000000, 0.000000000000000000 ) ) ;
#506 = EDGE_CURVE ( 'NONE', #850, #1282, #2373, .T. ) ;
#507 = AXIS2_PLACEMENT_3D ( 'NONE', #5958, #5488, #1129 ) ;
#508 = CYLINDRICAL_SURFACE ( 'NONE', #5409, 1.000000000000000888 ) ;
#509 = CARTESIAN_POINT ( 'NONE',  ( -7.500000000000001776, 5.000000000000000000, -41.75326492236801101 ) ) ;
#510 = LINE ( 'NONE', #2366, #719 ) ;
#511 = ORIENTED_EDGE ( 'NONE', *, *, #2898, .F. ) ;
#512 = LINE ( 'NONE', #4402, #4204 ) ;
#513 = ORIENTED_EDGE ( 'NONE', *, *, #4661, .T. ) ;
#514 = LINE ( 'NONE', #2791, #3292 ) ;
#515 = ADVANCED_FACE ( 'NONE', ( #460 ), #3922, .T. ) ;
#516 = FACE_OUTER_BOUND ( 'NONE', #3921, .T. ) ;
#517 = ORIENTED_EDGE ( 'NONE', *, *, #2919, .F. ) ;
#518 = DIRECTION ( 'NONE',  ( -0.000000000000000000, 1.000000000000000000, -0.000000000000000000 ) ) ;
#519 = ORIENTED_EDGE ( 'NONE', *, *, #2935, .F. ) ;
#520 = CIRCLE ( 'NONE', #3051, 2.000000000000000000 ) ;
#521 = CARTESIAN_POINT ( 'NONE',  ( -3.745228078509730718, 5.000000000000309974, 33.84924251647012028 ) ) ;
#522 = LINE ( 'NONE', #3556, #5557 ) ;
#523 = LINE ( 'NONE', #4215, #693 ) ;
#524 = CARTESIAN_POINT ( 'NONE',  ( 0.000000000000000000, 5.000000000000000000, 0.000000000000000000 ) ) ;
#525 = EDGE_LOOP ( 'NONE', ( #186, #2955, #3446, #1828 ) ) ;
#526 = ORIENTED_EDGE ( 'NONE', *, *, #4072, .F. ) ;
#527 = CARTESIAN_POINT ( 'NONE',  ( -22.80000000000000782, 6.999999999999999112, 42.83935106884789690 ) ) ;
#528 = EDGE_CURVE ( 'NONE', #2468, #4477, #5265, .T. ) ;
#529 = CARTESIAN_POINT ( 'NONE',  ( -0.6286393019480459587, 47.20737005269784703, 53.99655044874658216 ) ) ;
#530 = CARTESIAN_POINT ( 'NONE',  ( -9.500000000000001776, 23.00000000000000000, -40.75326492236801812 ) ) ;
#531 = CARTESIAN_POINT ( 'NONE',  ( 10.29999977648193976, 26.00000000000000000, 2.510667100131867002 ) ) ;
#532 = ORIENTED_EDGE ( 'NONE', *, *, #3067, .F. ) ;
#533 = LINE ( 'NONE', #4494, #4469 ) ;
#534 = CIRCLE ( 'NONE', #4078, 1.999999999999998224 ) ;
#535 = CARTESIAN_POINT ( 'NONE',  ( -11.50000000000000178, 5.000000000000000000, 8.246735077631985433 ) ) ;
#536 = CARTESIAN_POINT ( 'NONE',  ( -16.57720468938351033, -2.015564357861876488, 9.120155997975347262 ) ) ;
#537 = FACE_BOUND ( 'NONE', #5106, .T. ) ;
#538 = EDGE_LOOP ( 'NONE', ( #4691, #5959, #31, #5737 ) ) ;
#539 = ORIENTED_EDGE ( 'NONE', *, *, #3302, .F. ) ;
#540 = DIRECTION ( 'NONE',  ( 1.000000000000000000, 0.000000000000000000, -0.000000000000000000 ) ) ;
#541 = EDGE_LOOP ( 'NONE', ( #5229, #4061, #628, #1434 ) ) ;
#542 = EDGE_CURVE ( 'NONE', #1467, #3672, #3889, .T. ) ;
#543 = CARTESIAN_POINT ( 'NONE',  ( -2.726273952367047393, 30.00000000000000000, 10.24673507763198899 ) ) ;
#544 = CIRCLE ( 'NONE', #739, 2.000000000000000000 ) ;
#545 = CARTESIAN_POINT ( 'NONE',  ( -9.500000000000001776, 7.000000000000000000, 10.24673507763198366 ) ) ;
#546 = EDGE_LOOP ( 'NONE', ( #591, #2744, #5310, #517 ) ) ;
#547 = ADVANCED_FACE ( 'NONE', ( #6242 ), #2885, .F. ) ;
#548 = CARTESIAN_POINT ( 'NONE',  ( 0.000000000000000000, 2.000000000000001776, -54.00000000000000000 ) ) ;
#549 = ORIENTED_EDGE ( 'NONE', *, *, #617, .T. ) ;
#550 = CARTESIAN_POINT ( 'NONE',  ( -5.747408994018481820, 5.000000000000000000, 32.67702156021204729 ) ) ;
#551 = CARTESIAN_POINT ( 'NONE',  ( 10.29999977648260590, 26.00000000000000000, 4.746735077632068034 ) ) ;
#552 = CARTESIAN_POINT ( 'NONE',  ( -24.80000000000000071, 6.999999999999999112, 42.83935106884789690 ) ) ;
#553 = CARTESIAN_POINT ( 'NONE',  ( 11.50000000000000178, 24.99999999999999645, 12.24673507763198188 ) ) ;
#554 = CARTESIAN_POINT ( 'NONE',  ( 11.86463973635269475, 10.51479692879207839, 50.11786319680078350 ) ) ;
#555 = VERTEX_POINT ( 'NONE', #527 ) ;
#556 = ADVANCED_FACE ( 'NONE', ( #1480 ), #4289, .F. ) ;
#557 = DIRECTION ( 'NONE',  ( 0.4228854653311131528, 0.000000000000000000, 0.9061831399952704480 ) ) ;
#558 = AXIS2_PLACEMENT_3D ( 'NONE', #4437, #2950, #1532 ) ;
#559 = CIRCLE ( 'NONE', #453, 2.000000000000001776 ) ;
#560 = LINE ( 'NONE', #4456, #3528 ) ;
#561 = ADVANCED_FACE ( 'NONE', ( #1883 ), #5859, .F. ) ;
#562 = CARTESIAN_POINT ( 'NONE',  ( 16.50000000000000000, 5.000000000000000000, -40.75326492236801812 ) ) ;
#563 = DIRECTION ( 'NONE',  ( 1.764125568789973300E-16, -0.000000000000000000, -1.000000000000000000 ) ) ;
#564 = EDGE_LOOP ( 'NONE', ( #378, #4034, #3454, #1685 ) ) ;
#565 = VERTEX_POINT ( 'NONE', #1914 ) ;
#566 = AXIS2_PLACEMENT_3D ( 'NONE', #2922, #1023, #5849 ) ;
#567 = DIRECTION ( 'NONE',  ( 0.000000000000000000, 1.000000000000000000, 0.000000000000000000 ) ) ;
#568 = VECTOR ( 'NONE', #4060, 1000.000000000000000 ) ;
#569 = LINE ( 'NONE', #3070, #1142 ) ;
#570 = EDGE_CURVE ( 'NONE', #4948, #649, #4507, .T. ) ;
#571 = DIRECTION ( 'NONE',  ( 0.000000000000000000, 1.000000000000000000, 0.000000000000000000 ) ) ;
#572 = CARTESIAN_POINT ( 'NONE',  ( 11.50000000000000178, 6.999999999999999112, -41.75326492236801101 ) ) ;
#573 = LINE ( 'NONE', #3490, #3977 ) ;
#574 = ORIENTED_EDGE ( 'NONE', *, *, #4849, .T. ) ;
#575 = CARTESIAN_POINT ( 'NONE',  ( 0.000000000000000000, 55.00000000000000000, -54.00000000000000000 ) ) ;
#576 = ORIENTED_EDGE ( 'NONE', *, *, #3758, .F. ) ;
#577 = DIRECTION ( 'NONE',  ( 0.000000000000000000, 0.000000000000000000, 1.000000000000000000 ) ) ;
#578 = EDGE_LOOP ( 'NONE', ( #2718, #2452, #2466, #5832 ) ) ;
#579 = VECTOR ( 'NONE', #505, 1000.000000000000000 ) ;
#580 = ADVANCED_FACE ( 'NONE', ( #1978 ), #1000, .T. ) ;
#581 = FILL_AREA_STYLE ('',( #2032 ) ) ;
#582 = VERTEX_POINT ( 'NONE', #3375 ) ;
#583 = CARTESIAN_POINT ( 'NONE',  ( -6.961359767642286478, 26.00000000000000000, 5.900964146969708501 ) ) ;
#584 = ORIENTED_EDGE ( 'NONE', *, *, #5096, .T. ) ;
#585 = EDGE_CURVE ( 'NONE', #2771, #3695, #429, .T. ) ;
#586 = DIRECTION ( 'NONE',  ( 0.000000000000000000, 0.000000000000000000, 1.000000000000000000 ) ) ;
#587 = FACE_OUTER_BOUND ( 'NONE', #1875, .T. ) ;
#588 = CARTESIAN_POINT ( 'NONE',  ( -11.50000000000000178, 120.7419196555744350, 13.24673507763199076 ) ) ;
#589 = VECTOR ( 'NONE', #491, 1000.000000000000000 ) ;
#590 = CARTESIAN_POINT ( 'NONE',  ( 7.220193176125785151, 8.015925966380933687, 50.99508756687685462 ) ) ;
#591 = ORIENTED_EDGE ( 'NONE', *, *, #4939, .F. ) ;
#592 = CARTESIAN_POINT ( 'NONE',  ( -8.674099376880665346, 7.000000000000000000, 32.42492653411373738 ) ) ;
#593 = ADVANCED_FACE ( 'NONE', ( #2965 ), #1946, .T. ) ;
#594 = AXIS2_PLACEMENT_3D ( 'NONE', #218, #2240, #4655 ) ;
#595 = AXIS2_PLACEMENT_3D ( 'NONE', #2036, #4448, #1506 ) ;
#596 = FACE_OUTER_BOUND ( 'NONE', #1314, .T. ) ;
#597 = B_SPLINE_CURVE_WITH_KNOTS ( 'NONE', 3,
 ( #845, #5293, #5259, #455, #2893, #903, #401, #2383, #4772, #3281 ),
 .UNSPECIFIED., .F., .F.,
 ( 4, 2, 2, 2, 4 ),
 ( 0.000000000000000000, 0.001649902308795764966, 0.003299804617591529932, 0.004949706926387294897, 0.006599609235183059863 ),
 .UNSPECIFIED. ) ;
#598 = VECTOR ( 'NONE', #3146, 1000.000000000000000 ) ;
#599 = CARTESIAN_POINT ( 'NONE',  ( -7.608436298143991146E-17, 27.00000000000000000, 36.92492653411373738 ) ) ;
#600 = VERTEX_POINT ( 'NONE', #496 ) ;
#601 = ORIENTED_EDGE ( 'NONE', *, *, #2804, .T. ) ;
#602 = AXIS2_PLACEMENT_3D ( 'NONE', #2063, #2441, #4000 ) ;
#603 = VECTOR ( 'NONE', #5530, 1000.000000000000000 ) ;
#604 = EDGE_CURVE ( 'NONE', #937, #1531, #1449, .T. ) ;
#605 = FACE_OUTER_BOUND ( 'NONE', #6054, .T. ) ;
#606 = DIRECTION ( 'NONE',  ( -7.394498096507159090E-15, 0.000000000000000000, 1.000000000000000000 ) ) ;
#607 = STYLED_ITEM ( 'NONE', ( #5499 ), #6197 ) ;
#608 = FACE_OUTER_BOUND ( 'NONE', #2499, .T. ) ;
#609 = CIRCLE ( 'NONE', #4040, 52.00000000000000000 ) ;
#610 = ORIENTED_EDGE ( 'NONE', *, *, #5381, .F. ) ;
#611 = VERTEX_POINT ( 'NONE', #2486 ) ;
#612 = DIRECTION ( 'NONE',  ( 1.176083712526648949E-16, 0.000000000000000000, 1.000000000000000000 ) ) ;
#613 = ORIENTED_EDGE ( 'NONE', *, *, #6133, .T. ) ;
#614 = CARTESIAN_POINT ( 'NONE',  ( -14.99999966472387314, -5.750000011175870895, 4.999999888241291046 ) ) ;
#615 = VECTOR ( 'NONE', #4837, 1000.000000000000000 ) ;
#616 = ORIENTED_EDGE ( 'NONE', *, *, #5509, .T. ) ;
#617 = EDGE_CURVE ( 'NONE', #5457, #2829, #83, .T. ) ;
#618 = AXIS2_PLACEMENT_3D ( 'NONE', #4712, #3123, #5574 ) ;
#619 = CARTESIAN_POINT ( 'NONE',  ( 9.554643783982681882, 30.00000000000000000, 5.413401744298711904 ) ) ;
#620 = ORIENTED_EDGE ( 'NONE', *, *, #4157, .T. ) ;
#621 = AXIS2_PLACEMENT_3D ( 'NONE', #3251, #2696, #1758 ) ;
#622 = DIRECTION ( 'NONE',  ( 0.000000000000000000, 0.000000000000000000, -1.000000000000000000 ) ) ;
#623 = PRODUCT_RELATED_PRODUCT_CATEGORY ( 'part', '', ( #3676 ) ) ;
#624 = CARTESIAN_POINT ( 'NONE',  ( 18.80000000000001492, 27.00000000000000355, 37.42492653411379422 ) ) ;
#625 = PLANE ( 'NONE',  #3259 ) ;
#626 = EDGE_LOOP ( 'NONE', ( #4958, #3651, #1647, #1494, #3079, #4371 ) ) ;
#627 = CARTESIAN_POINT ( 'NONE',  ( 13.41062139591026359, 11.74624433321753614, 49.72604779588743895 ) ) ;
#628 = ORIENTED_EDGE ( 'NONE', *, *, #910, .F. ) ;
#629 = ORIENTED_EDGE ( 'NONE', *, *, #4087, .T. ) ;
#630 = CYLINDRICAL_SURFACE ( 'NONE', #4818, 2.000000000000003553 ) ;
#631 = ADVANCED_FACE ( 'NONE', ( #968 ), #2899, .T. ) ;
#632 = CARTESIAN_POINT ( 'NONE',  ( -14.40608187331757151, -1.068566186598375600E-06, 11.23594838048487432 ) ) ;
#633 = DIRECTION ( 'NONE',  ( 0.4226189496394527345, -0.000000000000000000, -0.9063074662638754830 ) ) ;
#634 = ORIENTED_EDGE ( 'NONE', *, *, #961, .T. ) ;
#635 = ORIENTED_EDGE ( 'NONE', *, *, #1635, .T. ) ;
#636 = ADVANCED_FACE ( 'NONE', ( #2517 ), #2999, .T. ) ;
#637 = DIRECTION ( 'NONE',  ( 0.000000000000000000, 1.000000000000000000, 0.000000000000000000 ) ) ;
#638 = DIRECTION ( 'NONE',  ( -0.000000000000000000, 0.000000000000000000, 1.000000000000000000 ) ) ;
#639 = AXIS2_PLACEMENT_3D ( 'NONE', #2173, #4110, #1028 ) ;
#640 = CARTESIAN_POINT ( 'NONE',  ( -9.500000000000001776, 7.000000000000000000, 12.24673507763198543 ) ) ;
#641 = LINE ( 'NONE', #3099, #3535 ) ;
#642 = PLANE ( 'NONE',  #6209 ) ;
#643 = FACE_OUTER_BOUND ( 'NONE', #5938, .T. ) ;
#644 = EDGE_CURVE ( 'NONE', #2244, #4615, #2081, .T. ) ;
#645 = LINE ( 'NONE', #3941, #2822 ) ;
#646 = EDGE_LOOP ( 'NONE', ( #897, #2435, #4517, #858 ) ) ;
#647 = AXIS2_PLACEMENT_3D ( 'NONE', #3993, #5935, #5428 ) ;
#648 = DIRECTION ( 'NONE',  ( 0.4228854653311131528, 0.000000000000000000, 0.9061831399952704480 ) ) ;
#649 = VERTEX_POINT ( 'NONE', #2105 ) ;
#650 = DIRECTION ( 'NONE',  ( 0.000000000000000000, 1.000000000000000000, 0.000000000000000000 ) ) ;
#651 = CARTESIAN_POINT ( 'NONE',  ( 7.500000000000002665, 23.00000000000000000, 15.24673507763198543 ) ) ;
#652 = LINE ( 'NONE', #4513, #2436 ) ;
#653 = B_SPLINE_CURVE_WITH_KNOTS ( 'NONE', 3,
 ( #332, #2130, #1394, #3327, #5278, #4672, #2195, #5090, #4064, #2341, #1243, #5595, #3648, #5057, #918, #3179, #2846, #5531, #3148, #3683 ),
 .UNSPECIFIED., .F., .F.,
 ( 4, 2, 2, 2, 2, 2, 2, 2, 2, 4 ),
 ( 0.000000000000000000, 0.002187060418552223915, 0.004374120837104447830, 0.006561181255656672179, 0.008748241674208897395, 0.009841771883485010003, 0.01093530209276112261, 0.01312236251131334609, 0.01530942292986556957, 0.01749648334841779479 ),
 .UNSPECIFIED. ) ;
#654 = CARTESIAN_POINT ( 'NONE',  ( -2.665584302193891197, 6.864444583091602325, 51.43536596777880732 ) ) ;
#655 = ORIENTED_EDGE ( 'NONE', *, *, #4121, .F. ) ;
#656 = ORIENTED_EDGE ( 'NONE', *, *, #4912, .F. ) ;
#657 = DIRECTION ( 'NONE',  ( -0.000000000000000000, 1.000000000000000000, -0.000000000000000000 ) ) ;
#658 = CARTESIAN_POINT ( 'NONE',  ( 0.000000000000000000, 55.00000000000000000, 0.000000000000000000 ) ) ;
#659 = DIRECTION ( 'NONE',  ( 0.9063074662638757051, 0.000000000000000000, 0.4226189496394522904 ) ) ;
#660 = ORIENTED_EDGE ( 'NONE', *, *, #5782, .F. ) ;
#661 = ORIENTED_EDGE ( 'NONE', *, *, #1317, .T. ) ;
#662 = VECTOR ( 'NONE', #5374, 1000.000000000000000 ) ;
#663 = TOROIDAL_SURFACE ( 'NONE', #1059, 52.00000000000000000, 2.000000000000000000 ) ;
#664 = CARTESIAN_POINT ( 'NONE',  ( 12.50000000000000178, 30.00000000000000000, -43.75326492236801812 ) ) ;
#665 = EDGE_CURVE ( 'NONE', #5968, #4474, #1573, .T. ) ;
#666 = VECTOR ( 'NONE', #1514, 1000.000000000000000 ) ;
#667 = DIRECTION ( 'NONE',  ( -0.4226189496394526790, -0.000000000000000000, 0.9063074662638754830 ) ) ;
#668 = CARTESIAN_POINT ( 'NONE',  ( 12.50000000000000178, 5.000000000000000000, -45.75326492236801812 ) ) ;
#669 = DIRECTION ( 'NONE',  ( 0.9061831399952606780, 0.000000000000000000, 0.4228854653311341916 ) ) ;
#670 = ORIENTED_EDGE ( 'NONE', *, *, #3261, .F. ) ;
#671 = DIRECTION ( 'NONE',  ( 1.764125568789973300E-16, 0.000000000000000000, -1.000000000000000000 ) ) ;
#672 = ORIENTED_EDGE ( 'NONE', *, *, #2346, .F. ) ;
#673 = EDGE_CURVE ( 'NONE', #1087, #3827, #1271, .T. ) ;
#674 = TOROIDAL_SURFACE ( 'NONE', #5929, 4.000000000000000000, 2.000000000000000000 ) ;
#675 = CARTESIAN_POINT ( 'NONE',  ( 19.99999955296516418, 9.999999776482582092, 4.999999888241291046 ) ) ;
#676 = ORIENTED_EDGE ( 'NONE', *, *, #4695, .T. ) ;
#677 = CARTESIAN_POINT ( 'NONE',  ( 0.000000000000000000, 55.00000000000000000, -51.50000000000000000 ) ) ;
#678 = VERTEX_POINT ( 'NONE', #5988 ) ;
#679 = DIRECTION ( 'NONE',  ( 0.000000000000000000, -1.000000000000000000, 0.000000000000000000 ) ) ;
#680 = DIRECTION ( 'NONE',  ( 0.000000000000000000, 1.000000000000000000, 0.000000000000000000 ) ) ;
#681 = ORIENTED_EDGE ( 'NONE', *, *, #2401, .T. ) ;
#682 = CARTESIAN_POINT ( 'NONE',  ( 19.60971934077922540, 21.70870855366344898, 47.62093641227549767 ) ) ;
#683 = ORIENTED_EDGE ( 'NONE', *, *, #2123, .F. ) ;
#684 = CARTESIAN_POINT ( 'NONE',  ( -2.726273952367047393, 26.00000000000000000, 10.24673507763198899 ) ) ;
#685 = EDGE_CURVE ( 'NONE', #1860, #3115, #4300, .T. ) ;
#686 = DIRECTION ( 'NONE',  ( 0.000000000000000000, 0.000000000000000000, 1.000000000000000000 ) ) ;
#687 = DIRECTION ( 'NONE',  ( -0.000000000000000000, -0.000000000000000000, 1.000000000000000000 ) ) ;
#688 = CIRCLE ( 'NONE', #4125, 4.000000000000000000 ) ;
#689 = EDGE_LOOP ( 'NONE', ( #768, #3284, #2296, #5046 ) ) ;
#690 = CARTESIAN_POINT ( 'NONE',  ( -7.500000000000001776, 7.000000000000000000, -41.75326492236801101 ) ) ;
#691 = AXIS2_PLACEMENT_3D ( 'NONE', #4489, #121, #3442 ) ;
#692 = DIRECTION ( 'NONE',  ( 1.000000000000000000, 0.000000000000000000, 0.000000000000000000 ) ) ;
#693 = VECTOR ( 'NONE', #1942, 1000.000000000000114 ) ;
#694 = CARTESIAN_POINT ( 'NONE',  ( -14.50000000000000888, 23.00000000000000000, 8.246735077631985433 ) ) ;
#695 = DIRECTION ( 'NONE',  ( -0.000000000000000000, 1.000000000000000000, -0.000000000000000000 ) ) ;
#696 = LINE ( 'NONE', #4986, #225 ) ;
#697 = ORIENTED_EDGE ( 'NONE', *, *, #5189, .F. ) ;
#698 = VECTOR ( 'NONE', #2619, 1000.000000000000000 ) ;
#699 = VECTOR ( 'NONE', #3682, 1000.000000000000000 ) ;
#700 = CARTESIAN_POINT ( 'NONE',  ( -15.19893910800504777, -0.8928580494366827880, 10.86623224748315941 ) ) ;
#701 = ORIENTED_EDGE ( 'NONE', *, *, #2301, .F. ) ;
#702 = ADVANCED_FACE ( 'NONE', ( #4487 ), #4548, .F. ) ;
#703 = AXIS2_PLACEMENT_3D ( 'NONE', #6291, #2879, #5776 ) ;
#704 = VECTOR ( 'NONE', #2693, 1000.000000000000000 ) ;
#705 = CARTESIAN_POINT ( 'NONE',  ( 9.500000000000001776, 23.00000000000000000, 13.24673507763198366 ) ) ;
#706 = VERTEX_POINT ( 'NONE', #3536 ) ;
#707 = CARTESIAN_POINT ( 'NONE',  ( -10.29999977648293452, 26.00000000000000000, -33.61719605079856876 ) ) ;
#708 = AXIS2_PLACEMENT_3D ( 'NONE', #5830, #3378, #5358 ) ;
#709 = ADVANCED_FACE ( 'NONE', ( #5508 ), #4070, .T. ) ;
#710 = DIRECTION ( 'NONE',  ( 0.000000000000000000, 0.000000000000000000, -1.000000000000000000 ) ) ;
#711 = CARTESIAN_POINT ( 'NONE',  ( 14.50000000000000000, 7.000000000000006217, -41.75326492236801101 ) ) ;
#712 = CARTESIAN_POINT ( 'NONE',  ( -16.99982397258281708, -7.749999873340129852, 4.999999888241291046 ) ) ;
#713 = VERTEX_POINT ( 'NONE', #3590 ) ;
#714 = ORIENTED_EDGE ( 'NONE', *, *, #6017, .T. ) ;
#715 = CARTESIAN_POINT ( 'NONE',  ( -11.50000000000000178, 5.000000000000000000, -41.75326492236801101 ) ) ;
#716 = LINE ( 'NONE', #1697, #6167 ) ;
#717 = CARTESIAN_POINT ( 'NONE',  ( 9.499999999999996447, 7.000000000000000000, 10.24673507763198188 ) ) ;
#718 = VERTEX_POINT ( 'NONE', #4518 ) ;
#719 = VECTOR ( 'NONE', #4337, 1000.000000000000000 ) ;
#720 = ADVANCED_FACE ( 'NONE', ( #5484 ), #1182, .F. ) ;
#721 = ORIENTED_EDGE ( 'NONE', *, *, #5509, .F. ) ;
#722 = DIRECTION ( 'NONE',  ( -1.000000000000000000, 0.000000000000000000, 1.176083712526648949E-16 ) ) ;
#723 = EDGE_LOOP ( 'NONE', ( #4235, #3291, #4059, #3465 ) ) ;
#724 = LINE ( 'NONE', #4587, #25 ) ;
#725 = LINE ( 'NONE', #4150, #2815 ) ;
#726 = DIRECTION ( 'NONE',  ( -0.000000000000000000, 1.000000000000000000, -0.000000000000000000 ) ) ;
#727 = CARTESIAN_POINT ( 'NONE',  ( -24.80000000000000426, 6.999999999999999112, 42.83935106884789690 ) ) ;
#728 = ORIENTED_EDGE ( 'NONE', *, *, #6268, .T. ) ;
#729 = B_SPLINE_CURVE_WITH_KNOTS ( 'NONE', 3,
 ( #2020, #27, #1954, #1488, #1009, #1521, #4461, #5835, #5011, #3962, #3929, #5868 ),
 .UNSPECIFIED., .F., .F.,
 ( 4, 2, 2, 2, 2, 4 ),
 ( 0.001954543823755897254, 0.002442958331515580894, 0.002931372839275264968, 0.003419787347034949042, 0.003663994600914799969, 0.003908201854794651764 ),
 .UNSPECIFIED. ) ;
#730 = CARTESIAN_POINT ( 'NONE',  ( 20.80000000000000426, 20.47313245116762914, 34.42492653411373738 ) ) ;
#731 = AXIS2_PLACEMENT_3D ( 'NONE', #4498, #3074, #2622 ) ;
#732 = DIRECTION ( 'NONE',  ( 0.000000000000000000, -1.000000000000000000, 0.000000000000000000 ) ) ;
#733 = EDGE_CURVE ( 'NONE', #678, #5302, #2283, .T. ) ;
#734 = DIRECTION ( 'NONE',  ( 0.000000000000000000, 0.000000000000000000, 1.000000000000000000 ) ) ;
#735 = ORIENTED_EDGE ( 'NONE', *, *, #2677, .T. ) ;
#736 = DIRECTION ( 'NONE',  ( 0.000000000000000000, 0.000000000000000000, 1.000000000000000000 ) ) ;
#737 = AXIS2_PLACEMENT_3D ( 'NONE', #3128, #1671, #5994 ) ;
#738 = DIRECTION ( 'NONE',  ( 0.000000000000000000, 0.000000000000000000, -1.000000000000000000 ) ) ;
#739 = AXIS2_PLACEMENT_3D ( 'NONE', #1393, #2394, #2787 ) ;
#740 = DIRECTION ( 'NONE',  ( 0.000000000000000000, 0.000000000000000000, -1.000000000000000000 ) ) ;
#741 = DIRECTION ( 'NONE',  ( 0.9063074662638754830, 0.000000000000000000, 0.4226189496394526790 ) ) ;
#742 = ORIENTED_EDGE ( 'NONE', *, *, #2076, .F. ) ;
#743 = ADVANCED_FACE ( 'NONE', ( #5033 ), #630, .F. ) ;
#744 = CARTESIAN_POINT ( 'NONE',  ( -24.80000000000000782, 5.000000000000000000, 42.83935106884789690 ) ) ;
#745 = ORIENTED_EDGE ( 'NONE', *, *, #5016, .F. ) ;
#746 = ORIENTED_EDGE ( 'NONE', *, *, #2755, .T. ) ;
#747 = DIRECTION ( 'NONE',  ( -1.734723475976805517E-15, 0.000000000000000000, -1.000000000000000000 ) ) ;
#748 = CARTESIAN_POINT ( 'NONE',  ( -12.43637129664421259, 0.5823428509756922722, 12.15444132685661671 ) ) ;
#749 = EDGE_CURVE ( 'NONE', #5436, #2584, #208, .T. ) ;
#750 = CARTESIAN_POINT ( 'NONE',  ( 19.99999955296516418, -9.999999776482582092, 4.999999888241291046 ) ) ;
#751 = EDGE_LOOP ( 'NONE', ( #5416, #1658, #5308, #5850 ) ) ;
#752 = ORIENTED_EDGE ( 'NONE', *, *, #5004, .T. ) ;
#753 = PLANE ( 'NONE',  #1672 ) ;
#754 = ORIENTED_EDGE ( 'NONE', *, *, #5637, .F. ) ;
#755 = EDGE_CURVE ( 'NONE', #5697, #565, #2786, .T. ) ;
#756 = CARTESIAN_POINT ( 'NONE',  ( -14.50000000000001066, 7.000000000000000000, -36.75326492236801812 ) ) ;
#757 = EDGE_CURVE ( 'NONE', #4993, #4008, #5452, .T. ) ;
#758 = DIRECTION ( 'NONE',  ( 0.000000000000000000, 0.000000000000000000, -1.000000000000000000 ) ) ;
#759 = DIRECTION ( 'NONE',  ( 0.000000000000000000, 0.000000000000000000, 1.000000000000000000 ) ) ;
#760 = CARTESIAN_POINT ( 'NONE',  ( 0.000000000000000000, 55.00000000000000000, -51.50000000000000000 ) ) ;
#761 = ORIENTED_EDGE ( 'NONE', *, *, #1208, .T. ) ;
#762 = CLOSED_SHELL ( 'NONE', ( #3332, #3376, #5294, #2110, #9, #4778, #2509, #2983, #5722, #6156, #4310, #5797, #1070, #3870, #3050, #1274, #3005, #4311, #976, #6168, #5165, #1457, #5592, #1342, #1020, #2630, #5412, #4567, #2371, #636, #1238, #702, #3613, #102, #3002, #5779, #3336, #4250, #394, #4737, #2566, #2238, #948, #1899, #181, #1842, #874, #4892, #5026, #743, #556, #1160, #5148, #1336, #593, #5678, #2819, #2951, #1400, #1234, #1940, #2216, #5607, #2824, #61, #4670, #3783, #4209, #2551, #6091, #3443, #2183, #5909, #3831, #3577, #4303, #2710, #4943, #4787, #838, #3486, #4038, #1663, #5990, #547, #3120, #5250, #5916, #4333, #3746, #6215, #4899, #2860, #173, #459, #4581, #515, #416, #1062, #631, #3978, #3138, #2338, #4621, #5960, #5173, #1496, #709, #5654, #2538, #2658, #2351, #5538, #4288, #5867, #5184, #2024, #4525, #4807, #3025, #720, #1498, #1513, #4391, #4109, #4439, #4687, #5629, #1369, #5620, #3460, #4795, #3923, #5211, #1127, #4869, #1767, #3295, #5263, #2124, #2721, #3315, #1482, #3062, #5219, #1729, #3246, #3862, #4410, #5836, #1627, #3912 ) ) ;
#763 = CARTESIAN_POINT ( 'NONE',  ( -8.063931798983000832, 30.00000000000000000, 6.746735077631819344 ) ) ;
#764 = CARTESIAN_POINT ( 'NONE',  ( 7.500000000000001776, 23.00000000000000000, 12.24673507763198188 ) ) ;
#765 = ADVANCED_FACE ( 'NONE', ( #6015 ), #150, .F. ) ;
#766 = VECTOR ( 'NONE', #557, 1000.000000000000227 ) ;
#767 = CARTESIAN_POINT ( 'NONE',  ( 0.000000000000000000, 6.999999999999999112, 0.000000000000000000 ) ) ;
#768 = ORIENTED_EDGE ( 'NONE', *, *, #287, .F. ) ;
#769 = AXIS2_PLACEMENT_3D ( 'NONE', #1033, #3822, #4907 ) ;
#770 = DIRECTION ( 'NONE',  ( -0.000000000000000000, 1.000000000000000000, -0.000000000000000000 ) ) ;
#771 = EDGE_CURVE ( 'NONE', #2911, #5673, #238, .T. ) ;
#772 = AXIS2_PLACEMENT_3D ( 'NONE', #3644, #5086, #5190 ) ;
#773 = CARTESIAN_POINT ( 'NONE',  ( -21.62287565553232227, 27.00000000000000000, 34.60205087858145134 ) ) ;
#774 = PLANE ( 'NONE',  #3432 ) ;
#775 = CARTESIAN_POINT ( 'NONE',  ( 12.50000000000000711, 23.00000000000000000, 12.24673507763198188 ) ) ;
#776 = ORIENTED_EDGE ( 'NONE', *, *, #3849, .T. ) ;
#777 = CARTESIAN_POINT ( 'NONE',  ( -16.11439521696268073, 14.58408353672126800, 48.92015842365813683 ) ) ;
#778 = VERTEX_POINT ( 'NONE', #4942 ) ;
#779 = ORIENTED_EDGE ( 'NONE', *, *, #2588, .F. ) ;
#780 = CARTESIAN_POINT ( 'NONE',  ( 9.500000000000003553, 23.00000000000000000, -38.75326492236801812 ) ) ;
#781 = EDGE_CURVE ( 'NONE', #4132, #4108, #5237, .T. ) ;
#782 = CARTESIAN_POINT ( 'NONE',  ( 6.859335642890920681, 5.000000000000000000, 32.53284047325368533 ) ) ;
#783 = CARTESIAN_POINT ( 'NONE',  ( -19.99999955296516418, 9.999999776482582092, 0.000000000000000000 ) ) ;
#784 = CARTESIAN_POINT ( 'NONE',  ( 1.250000000006537437, 48.29999999999935767, 51.48482786219629048 ) ) ;
#785 = ORIENTED_EDGE ( 'NONE', *, *, #1191, .T. ) ;
#786 = ORIENTED_EDGE ( 'NONE', *, *, #290, .F. ) ;
#787 = DIRECTION ( 'NONE',  ( 0.4226189496394527345, -0.000000000000000000, -0.9063074662638754830 ) ) ;
#788 = EDGE_LOOP ( 'NONE', ( #4305, #123, #2361, #2837 ) ) ;
#789 = EDGE_CURVE ( 'NONE', #1578, #937, #260, .T. ) ;
#790 = DIRECTION ( 'NONE',  ( -0.000000000000000000, -0.000000000000000000, -1.000000000000000000 ) ) ;
#791 = CARTESIAN_POINT ( 'NONE',  ( 12.49999999999999822, 23.00000000000000000, -40.75326492236801812 ) ) ;
#792 = DIRECTION ( 'NONE',  ( -0.000000000000000000, -0.000000000000000000, 1.000000000000000000 ) ) ;
#793 = ORIENTED_EDGE ( 'NONE', *, *, #2600, .F. ) ;
#794 = ORIENTED_EDGE ( 'NONE', *, *, #23, .F. ) ;
#795 = EDGE_CURVE ( 'NONE', #1462, #4442, #3723, .T. ) ;
#796 = CARTESIAN_POINT ( 'NONE',  ( -9.554643783982848859, 30.00000000000000000, 5.413401744298468543 ) ) ;
#797 = AXIS2_PLACEMENT_3D ( 'NONE', #6216, #6244, #3767 ) ;
#798 = DIRECTION ( 'NONE',  ( 0.000000000000000000, 1.000000000000000000, -0.000000000000000000 ) ) ;
#799 = AXIS2_PLACEMENT_3D ( 'NONE', #658, #2582, #3510 ) ;
#800 =( NAMED_UNIT ( * ) PLANE_ANGLE_UNIT ( ) SI_UNIT ( $, .RADIAN. ) );
#801 = ORIENTED_EDGE ( 'NONE', *, *, #4510, .F. ) ;
#802 = EDGE_CURVE ( 'NONE', #3149, #5568, #2886, .T. ) ;
#803 = CYLINDRICAL_SURFACE ( 'NONE', #4519, 1.000000000000000000 ) ;
#804 = AXIS2_PLACEMENT_3D ( 'NONE', #2376, #3337, #1872 ) ;
#805 = AXIS2_PLACEMENT_3D ( 'NONE', #3915, #3027, #3948 ) ;
#806 = FACE_OUTER_BOUND ( 'NONE', #3108, .T. ) ;
#807 = FACE_OUTER_BOUND ( 'NONE', #3347, .T. ) ;
#808 = LINE ( 'NONE', #2732, #3145 ) ;
#809 = CARTESIAN_POINT ( 'NONE',  ( 11.50000000000000178, 5.000000000000000000, 13.24673507763198366 ) ) ;
#810 = AXIS2_PLACEMENT_3D ( 'NONE', #3808, #5744, #1364 ) ;
#811 = ORIENTED_EDGE ( 'NONE', *, *, #1589, .F. ) ;
#812 = AXIS2_PLACEMENT_3D ( 'NONE', #1229, #3165, #5614 ) ;
#813 = VERTEX_POINT ( 'NONE', #843 ) ;
#814 = CARTESIAN_POINT ( 'NONE',  ( -12.50000000000000000, 5.000000000000000000, -38.75326492236801812 ) ) ;
#815 = ORIENTED_EDGE ( 'NONE', *, *, #2136, .F. ) ;
#816 = AXIS2_PLACEMENT_3D ( 'NONE', #1220, #2671, #2263 ) ;
#817 = DIRECTION ( 'NONE',  ( -1.000000000000000000, 0.000000000000000000, 1.176083712526649195E-16 ) ) ;
#818 = DIRECTION ( 'NONE',  ( 1.764125568789973300E-16, 0.000000000000000000, -1.000000000000000000 ) ) ;
#819 = DIRECTION ( 'NONE',  ( 0.000000000000000000, 0.000000000000000000, 1.000000000000000000 ) ) ;
#820 = ORIENTED_EDGE ( 'NONE', *, *, #2471, .T. ) ;
#821 = ORIENTED_EDGE ( 'NONE', *, *, #2043, .F. ) ;
#822 = CYLINDRICAL_SURFACE ( 'NONE', #2174, 2.000000000000000000 ) ;
#823 = ORIENTED_EDGE ( 'NONE', *, *, #2525, .T. ) ;
#824 = CIRCLE ( 'NONE', #621, 2.000000000000000000 ) ;
#825 = CIRCLE ( 'NONE', #3459, 54.00000000000000000 ) ;
#826 = DIRECTION ( 'NONE',  ( -0.4226189496394526790, 0.000000000000000000, 0.9063074662638754830 ) ) ;
#827 = DIRECTION ( 'NONE',  ( -1.000000000000000000, -0.000000000000000000, 2.392722035830077493E-16 ) ) ;
#828 = CYLINDRICAL_SURFACE ( 'NONE', #5475, 1.000000000000000000 ) ;
#829 = CARTESIAN_POINT ( 'NONE',  ( 1.250000000006537437, 48.29999999999935767, 51.48482786219629048 ) ) ;
#830 = VERTEX_POINT ( 'NONE', #3756 ) ;
#831 = ORIENTED_EDGE ( 'NONE', *, *, #3008, .F. ) ;
#832 = EDGE_CURVE ( 'NONE', #3115, #5330, #6173, .T. ) ;
#833 = FACE_OUTER_BOUND ( 'NONE', #1562, .T. ) ;
#834 = AXIS2_PLACEMENT_3D ( 'NONE', #4903, #4005, #3028 ) ;
#835 = PRODUCT_DEFINITION_CONTEXT ( 'detailed design', #2310, 'design' ) ;
#836 = EDGE_CURVE ( 'NONE', #6264, #5127, #3254, .T. ) ;
#837 = LINE ( 'NONE', #4599, #1275 ) ;
#838 = ADVANCED_FACE ( 'NONE', ( #2765 ), #1696, .T. ) ;
#839 = PLANE ( 'NONE',  #1499 ) ;
#840 = LINE ( 'NONE', #536, #900 ) ;
#841 = CARTESIAN_POINT ( 'NONE',  ( -20.03057866688474675, 23.63563146561232031, 47.44519833754081617 ) ) ;
#842 = ORIENTED_EDGE ( 'NONE', *, *, #5587, .F. ) ;
#843 = CARTESIAN_POINT ( 'NONE',  ( -14.99999966472387314, -0.7777105220971687327, 9.999999776482582092 ) ) ;
#844 = ORIENTED_EDGE ( 'NONE', *, *, #5434, .F. ) ;
#845 = CARTESIAN_POINT ( 'NONE',  ( -20.80000000000000426, 20.47313245116761493, 34.42492653411373738 ) ) ;
#846 = DIRECTION ( 'NONE',  ( 0.000000000000000000, 0.000000000000000000, 1.000000000000000000 ) ) ;
#847 = ORIENTED_EDGE ( 'NONE', *, *, #2510, .F. ) ;
#848 = ORIENTED_EDGE ( 'NONE', *, *, #861, .F. ) ;
#849 = FACE_OUTER_BOUND ( 'NONE', #1977, .T. ) ;
#850 = VERTEX_POINT ( 'NONE', #1346 ) ;
#851 = AXIS2_PLACEMENT_3D ( 'NONE', #5277, #3385, #4334 ) ;
#852 = EDGE_CURVE ( 'NONE', #1990, #4956, #1792, .T. ) ;
#853 = EDGE_CURVE ( 'NONE', #4483, #1578, #1217, .T. ) ;
#854 = DIRECTION ( 'NONE',  ( -0.000000000000000000, -1.000000000000000000, -0.000000000000000000 ) ) ;
#855 = DIRECTION ( 'NONE',  ( -0.000000000000000000, 1.000000000000000000, -0.000000000000000000 ) ) ;
#856 = CARTESIAN_POINT ( 'NONE',  ( 0.000000000000000000, 27.00000000000000000, 48.42492653411373738 ) ) ;
#857 = CARTESIAN_POINT ( 'NONE',  ( 0.3264813091791319288, 47.08232354257204832, 51.49918754677158006 ) ) ;
#858 = ORIENTED_EDGE ( 'NONE', *, *, #5434, .T. ) ;
#859 = DIRECTION ( 'NONE',  ( -2.403004581854186084E-14, 2.597885686795223673E-08, -0.9999999999999996669 ) ) ;
#860 = VERTEX_POINT ( 'NONE', #5696 ) ;
#861 = EDGE_CURVE ( 'NONE', #457, #5351, #4134, .T. ) ;
#862 = FACE_OUTER_BOUND ( 'NONE', #1179, .T. ) ;
#863 = CARTESIAN_POINT ( 'NONE',  ( 11.50000000000000178, 23.00000000000000000, 8.246735077631981881 ) ) ;
#864 = DIRECTION ( 'NONE',  ( -1.000000000000000000, 0.000000000000000000, 0.000000000000000000 ) ) ;
#865 = TOROIDAL_SURFACE ( 'NONE', #154, 4.000000000000000000, 2.000000000000000000 ) ;
#866 = AXIS2_PLACEMENT_3D ( 'NONE', #2708, #1324, #4177 ) ;
#867 = EDGE_CURVE ( 'NONE', #4001, #2672, #3090, .T. ) ;
#868 = DIRECTION ( 'NONE',  ( 0.000000000000000000, 0.000000000000000000, 1.000000000000000000 ) ) ;
#869 = AXIS2_PLACEMENT_3D ( 'NONE', #1634, #2552, #5005 ) ;
#870 = CARTESIAN_POINT ( 'NONE',  ( -0.1637991734263001542, 49.55013774098476631, 51.50000334322661644 ) ) ;
#871 = EDGE_LOOP ( 'NONE', ( #1912, #3075, #728, #4514 ) ) ;
#872 = PLANE ( 'NONE',  #4511 ) ;
#873 = ORIENTED_EDGE ( 'NONE', *, *, #2767, .F. ) ;
#874 = ADVANCED_FACE ( 'NONE', ( #6145, #1283, #1820 ), #872, .T. ) ;
#875 = VECTOR ( 'NONE', #5501, 1000.000000000000000 ) ;
#876 = CARTESIAN_POINT ( 'NONE',  ( 14.50000000000000711, 5.000000000000000000, 8.246735077631981881 ) ) ;
#877 = LINE ( 'NONE', #2801, #1304 ) ;
#878 = FACE_OUTER_BOUND ( 'NONE', #4586, .T. ) ;
#879 = ORIENTED_EDGE ( 'NONE', *, *, #1085, .T. ) ;
#880 = ORIENTED_EDGE ( 'NONE', *, *, #570, .F. ) ;
#881 = FACE_OUTER_BOUND ( 'NONE', #2921, .T. ) ;
#882 = EDGE_CURVE ( 'NONE', #2643, #5874, #397, .T. ) ;
#883 = CARTESIAN_POINT ( 'NONE',  ( -14.49999999999999822, 24.99999999999999645, 13.24673507763198721 ) ) ;
#884 = DIRECTION ( 'NONE',  ( -0.000000000000000000, -0.000000000000000000, -1.000000000000000000 ) ) ;
#885 = CARTESIAN_POINT ( 'NONE',  ( -14.50000000000000000, 30.00000000000000000, -43.75326492236801812 ) ) ;
#886 = EDGE_LOOP ( 'NONE', ( #5540, #8, #3927, #5322, #4260, #1632 ) ) ;
#887 = DIRECTION ( 'NONE',  ( -0.000000000000000000, 1.000000000000000000, -0.000000000000000000 ) ) ;
#888 = DIRECTION ( 'NONE',  ( -1.000000000000000000, 0.000000000000000000, 0.000000000000000000 ) ) ;
#889 = DIRECTION ( 'NONE',  ( 0.000000000000000000, 0.000000000000000000, -1.000000000000000000 ) ) ;
#890 = AXIS2_PLACEMENT_3D ( 'NONE', #2142, #2085, #2114 ) ;
#891 = EDGE_CURVE ( 'NONE', #4506, #2264, #1728, .T. ) ;
#892 = EDGE_CURVE ( 'NONE', #4615, #778, #4102, .T. ) ;
#893 = CARTESIAN_POINT ( 'NONE',  ( 20.80000000000000426, 33.52686754883237086, 34.42492653411373738 ) ) ;
#894 = VECTOR ( 'NONE', #5203, 1000.000000000000000 ) ;
#895 = DIRECTION ( 'NONE',  ( 0.9063074662638754830, 0.000000000000000000, 0.4226189496394526790 ) ) ;
#896 = CARTESIAN_POINT ( 'NONE',  ( -20.80000000000000071, 33.52686754883238507, 34.42492653411373738 ) ) ;
#897 = ORIENTED_EDGE ( 'NONE', *, *, #1258, .T. ) ;
#898 = DIRECTION ( 'NONE',  ( 0.000000000000000000, 0.000000000000000000, -1.000000000000000000 ) ) ;
#899 = ORIENTED_EDGE ( 'NONE', *, *, #3700, .T. ) ;
#900 = VECTOR ( 'NONE', #4820, 1000.000000000000114 ) ;
#901 = CARTESIAN_POINT ( 'NONE',  ( -2.988529500984927978, 5.000000000000323297, 33.89269061266887206 ) ) ;
#902 = EDGE_CURVE ( 'NONE', #3312, #3049, #2699, .T. ) ;
#903 = CARTESIAN_POINT ( 'NONE',  ( -21.50527358538704803, 24.25567534164130379, 34.55224171266720390 ) ) ;
#904 = FACE_OUTER_BOUND ( 'NONE', #383, .T. ) ;
#905 = ORIENTED_EDGE ( 'NONE', *, *, #4454, .T. ) ;
#906 = ORIENTED_EDGE ( 'NONE', *, *, #1414, .T. ) ;
#907 = CARTESIAN_POINT ( 'NONE',  ( 12.49999999999999822, 7.000000000000000000, -40.75326492236801812 ) ) ;
#908 = AXIS2_PLACEMENT_3D ( 'NONE', #1577, #211, #5008 ) ;
#909 = CARTESIAN_POINT ( 'NONE',  ( -1.250000000000000000, 48.13477580992872618, 53.98553046882100404 ) ) ;
#910 = EDGE_CURVE ( 'NONE', #3053, #1159, #3395, .T. ) ;
#911 = DIRECTION ( 'NONE',  ( 0.000000000000000000, 0.000000000000000000, 1.000000000000000000 ) ) ;
#912 = CARTESIAN_POINT ( 'NONE',  ( -15.11931034290224574, -0.7500003881494368141, 9.999999776482582092 ) ) ;
#913 = CIRCLE ( 'NONE', #292, 2.000000000000001776 ) ;
#914 = EDGE_LOOP ( 'NONE', ( #1083, #3016, #5674, #3397 ) ) ;
#915 = ORIENTED_EDGE ( 'NONE', *, *, #749, .T. ) ;
#916 = LINE ( 'NONE', #4248, #579 ) ;
#917 = CARTESIAN_POINT ( 'NONE',  ( 11.50000000000000178, 7.000000000000006217, -43.75326492236801812 ) ) ;
#918 = CARTESIAN_POINT ( 'NONE',  ( 3.611645127488403606, 5.000000000000000000, 33.07375516545726413 ) ) ;
#919 = VERTEX_POINT ( 'NONE', #1761 ) ;
#920 = VERTEX_POINT ( 'NONE', #3689 ) ;
#921 = DIRECTION ( 'NONE',  ( -0.000000000000000000, 1.000000000000000000, 0.000000000000000000 ) ) ;
#922 = EDGE_LOOP ( 'NONE', ( #3721, #4723, #660, #1022 ) ) ;
#923 = CARTESIAN_POINT ( 'NONE',  ( 7.500000000000001776, 23.00000000000000000, 13.24673507763198543 ) ) ;
#924 = AXIS2_PLACEMENT_3D ( 'NONE', #60, #567, #1039 ) ;
#925 = EDGE_CURVE ( 'NONE', #611, #5302, #5161, .T. ) ;
#926 = EDGE_CURVE ( 'NONE', #4679, #4530, #3296, .T. ) ;
#927 = CARTESIAN_POINT ( 'NONE',  ( -0.7611285428267545727, 49.29490859716098328, 51.49442004437446485 ) ) ;
#928 = ORIENTED_EDGE ( 'NONE', *, *, #1814, .T. ) ;
#929 = DIRECTION ( 'NONE',  ( 0.000000000000000000, -0.000000000000000000, 1.000000000000000000 ) ) ;
#930 = ORIENTED_EDGE ( 'NONE', *, *, #1191, .F. ) ;
#931 = AXIS2_PLACEMENT_3D ( 'NONE', #4886, #951, #5430 ) ;
#932 = ADVANCED_FACE ( 'NONE', ( #6265 ), #6234, .T. ) ;
#933 = CARTESIAN_POINT ( 'NONE',  ( 5.358240696107549716, 5.855657217430180417, 34.42492653394904778 ) ) ;
#934 = LINE ( 'NONE', #6210, #5262 ) ;
#935 = DIRECTION ( 'NONE',  ( -0.000000000000000000, 0.000000000000000000, -1.000000000000000000 ) ) ;
#936 = ORIENTED_EDGE ( 'NONE', *, *, #5085, .T. ) ;
#937 = VERTEX_POINT ( 'NONE', #7 ) ;
#938 = DIRECTION ( 'NONE',  ( 0.000000000000000000, 0.000000000000000000, -1.000000000000000000 ) ) ;
#939 = AXIS2_PLACEMENT_3D ( 'NONE', #2214, #1859, #2749 ) ;
#940 = EDGE_CURVE ( 'NONE', #5344, #259, #4259, .T. ) ;
#941 = DIRECTION ( 'NONE',  ( 0.000000000000000000, 0.000000000000000000, -1.000000000000000000 ) ) ;
#942 = FACE_OUTER_BOUND ( 'NONE', #335, .T. ) ;
#943 = PLANE ( 'NONE',  #1550 ) ;
#944 = AXIS2_PLACEMENT_3D ( 'NONE', #5049, #732, #6130 ) ;
#945 = EDGE_LOOP ( 'NONE', ( #466, #5634, #5700, #4154 ) ) ;
#946 = DIRECTION ( 'NONE',  ( 0.000000000000000000, 0.000000000000000000, 1.000000000000000000 ) ) ;
#947 = EDGE_CURVE ( 'NONE', #5330, #6220, #1502, .T. ) ;
#948 = ADVANCED_FACE ( 'NONE', ( #1373 ), #5379, .F. ) ;
#949 = CARTESIAN_POINT ( 'NONE',  ( -12.43637119368986177, -0.5823428814140816367, 12.15444137486511345 ) ) ;
#950 = DIRECTION ( 'NONE',  ( 0.9063074662638752610, 0.000000000000000000, 0.4226189496394530676 ) ) ;
#951 = DIRECTION ( 'NONE',  ( 0.000000000000000000, -1.000000000000000000, 0.000000000000000000 ) ) ;
#952 = ORIENTED_EDGE ( 'NONE', *, *, #3092, .F. ) ;
#953 = VERTEX_POINT ( 'NONE', #548 ) ;
#954 = CARTESIAN_POINT ( 'NONE',  ( -14.88976677531269566, -2.015564252510658072, 9.907022779252375955 ) ) ;
#955 = EDGE_CURVE ( 'NONE', #3431, #5888, #6204, .T. ) ;
#956 = CARTESIAN_POINT ( 'NONE',  ( 1.217261103010742751, 48.62753798789081827, 51.48564996989246367 ) ) ;
#957 = ORIENTED_EDGE ( 'NONE', *, *, #156, .F. ) ;
#958 = VECTOR ( 'NONE', #5846, 1000.000000000000000 ) ;
#959 = CARTESIAN_POINT ( 'NONE',  ( -7.500000000000001776, 5.000000000000000000, -38.75326492236801812 ) ) ;
#960 = VERTEX_POINT ( 'NONE', #4866 ) ;
#961 = EDGE_CURVE ( 'NONE', #1587, #4409, #2378, .T. ) ;
#962 = AXIS2_PLACEMENT_3D ( 'NONE', #2387, #3408, #4776 ) ;
#963 = CARTESIAN_POINT ( 'NONE',  ( -5.316847877502781650, 5.844869662409649891, 34.42492653395449764 ) ) ;
#964 = CARTESIAN_POINT ( 'NONE',  ( 24.80000000000000071, 55.00000000000000000, 42.83935106884789690 ) ) ;
#965 = FACE_BOUND ( 'NONE', #1639, .T. ) ;
#966 = ORIENTED_EDGE ( 'NONE', *, *, #2082, .T. ) ;
#967 = ORIENTED_EDGE ( 'NONE', *, *, #3073, .F. ) ;
#968 = FACE_OUTER_BOUND ( 'NONE', #1213, .T. ) ;
#969 = EDGE_CURVE ( 'NONE', #2717, #4089, #1968, .T. ) ;
#970 = VECTOR ( 'NONE', #3223, 1000.000000000000000 ) ;
#971 = CARTESIAN_POINT ( 'NONE',  ( -16.50000000000000000, 7.000000000000006217, -40.75326492236801812 ) ) ;
#972 = AXIS2_PLACEMENT_3D ( 'NONE', #4161, #3176, #4699 ) ;
#973 = DIRECTION ( 'NONE',  ( -1.000000000000000000, 0.000000000000000000, 0.000000000000000000 ) ) ;
#974 = DIRECTION ( 'NONE',  ( 1.000000000000000000, 0.000000000000000000, -0.000000000000000000 ) ) ;
#975 = ORIENTED_EDGE ( 'NONE', *, *, #2210, .F. ) ;
#976 = ADVANCED_FACE ( 'NONE', ( #3341, #3786, #1404 ), #5289, .T. ) ;
#977 = DIRECTION ( 'NONE',  ( 0.000000000000000000, -1.000000000000000000, 0.000000000000000000 ) ) ;
#978 = AXIS2_PLACEMENT_3D ( 'NONE', #3322, #4756, #3829 ) ;
#979 = DIRECTION ( 'NONE',  ( 1.000000000000000000, 0.000000000000000000, -1.521687259628777768E-16 ) ) ;
#980 = DIRECTION ( 'NONE',  ( -0.4226189496394527345, 0.000000000000000000, 0.9063074662638754830 ) ) ;
#981 = DIRECTION ( 'NONE',  ( -0.000000000000000000, 1.000000000000000000, -0.000000000000000000 ) ) ;
#982 = VERTEX_POINT ( 'NONE', #5720 ) ;
#983 = ORIENTED_EDGE ( 'NONE', *, *, #4140, .F. ) ;
#984 = CARTESIAN_POINT ( 'NONE',  ( 10.29999977648260590, 26.00000000000000000, 5.746735077631937472 ) ) ;
#985 = ORIENTED_EDGE ( 'NONE', *, *, #6063, .F. ) ;
#986 = CARTESIAN_POINT ( 'NONE',  ( -22.80000000000000782, 55.00000000000000000, 36.42492653411374448 ) ) ;
#987 = EDGE_CURVE ( 'NONE', #5449, #4506, #3909, .T. ) ;
#988 = CARTESIAN_POINT ( 'NONE',  ( 2.726273952367047393, 26.00000000000000000, 10.24673507763198899 ) ) ;
#989 = VERTEX_POINT ( 'NONE', #3847 ) ;
#990 = CARTESIAN_POINT ( 'NONE',  ( 11.50000000000000178, 5.000000000000000000, 12.24673507763198188 ) ) ;
#991 = ORIENTED_EDGE ( 'NONE', *, *, #506, .F. ) ;
#992 =( GEOMETRIC_REPRESENTATION_CONTEXT ( 3 ) GLOBAL_UNCERTAINTY_ASSIGNED_CONTEXT ( ( #329 ) ) GLOBAL_UNIT_ASSIGNED_CONTEXT ( ( #2270, #3163, #3235 ) ) REPRESENTATION_CONTEXT ( 'NONE', 'WORKASPACE' ) );
#993 = CARTESIAN_POINT ( 'NONE',  ( -5.225875699026721222, 4.999999999999673150, 33.82542765610863711 ) ) ;
#994 = DIRECTION ( 'NONE',  ( -0.000000000000000000, 1.000000000000000000, -0.000000000000000000 ) ) ;
#995 = DIRECTION ( 'NONE',  ( -0.000000000000000000, -1.000000000000000000, -0.000000000000000000 ) ) ;
#996 = DIRECTION ( 'NONE',  ( 0.000000000000000000, 0.000000000000000000, 1.000000000000000000 ) ) ;
#997 = EDGE_LOOP ( 'NONE', ( #3620, #2162, #4321, #2842, #3740, #1112, #5009 ) ) ;
#998 = TOROIDAL_SURFACE ( 'NONE', #805, 4.000000000000000000, 2.000000000000000000 ) ;
#999 = VERTEX_POINT ( 'NONE', #2858 ) ;
#1000 = CYLINDRICAL_SURFACE ( 'NONE', #4213, 0.4999999999999991673 ) ;
#1001 = VECTOR ( 'NONE', #5951, 1000.000000000000000 ) ;
#1002 = DIRECTION ( 'NONE',  ( -1.000000000000000000, 0.000000000000000000, 2.392722035830077493E-16 ) ) ;
#1003 = EDGE_CURVE ( 'NONE', #4130, #6110, #3879, .T. ) ;
#1004 = DIRECTION ( 'NONE',  ( -1.489033026589530178E-16, 0.000000000000000000, -1.000000000000000000 ) ) ;
#1005 = LINE ( 'NONE', #3861, #1553 ) ;
#1006 = ORIENTED_EDGE ( 'NONE', *, *, #4149, .T. ) ;
#1007 = ORIENTED_EDGE ( 'NONE', *, *, #5949, .F. ) ;
#1008 = AXIS2_PLACEMENT_3D ( 'NONE', #464, #4780, #3925 ) ;
#1009 = CARTESIAN_POINT ( 'NONE',  ( 0.7671535358191441389, 47.29940078944775195, 53.99467651927547251 ) ) ;
#1010 = AXIS2_PLACEMENT_3D ( 'NONE', #2137, #633, #659 ) ;
#1011 = DIRECTION ( 'NONE',  ( 0.000000000000000000, 0.000000000000000000, 1.000000000000000000 ) ) ;
#1012 = CARTESIAN_POINT ( 'NONE',  ( -15.18110926161544683, -0.7500001973343475292, 9.999999776482582092 ) ) ;
#1013 = DIRECTION ( 'NONE',  ( -1.000000000000000000, -0.000000000000000000, -0.000000000000000000 ) ) ;
#1014 = ORIENTED_EDGE ( 'NONE', *, *, #4490, .F. ) ;
#1015 = AXIS2_PLACEMENT_3D ( 'NONE', #5417, #5820, #1476 ) ;
#1016 = ORIENTED_EDGE ( 'NONE', *, *, #1133, .T. ) ;
#1017 = DIRECTION ( 'NONE',  ( 0.000000000000000000, 1.000000000000000000, 0.000000000000000000 ) ) ;
#1018 = VERTEX_POINT ( 'NONE', #5786 ) ;
#1019 = DIRECTION ( 'NONE',  ( 1.000000000000000000, -0.000000000000000000, 0.000000000000000000 ) ) ;
#1020 = ADVANCED_FACE ( 'NONE', ( #3815 ), #4350, .F. ) ;
#1021 = LINE ( 'NONE', #545, #1118 ) ;
#1022 = ORIENTED_EDGE ( 'NONE', *, *, #5486, .F. ) ;
#1023 = DIRECTION ( 'NONE',  ( -0.000000000000000000, -1.000000000000000000, -0.000000000000000000 ) ) ;
#1024 = ORIENTED_EDGE ( 'NONE', *, *, #5164, .F. ) ;
#1025 = EDGE_CURVE ( 'NONE', #2737, #4105, #167, .T. ) ;
#1026 = CARTESIAN_POINT ( 'NONE',  ( -8.045565624038584218, 6.735974347067396728, 34.42492653407021663 ) ) ;
#1027 = CARTESIAN_POINT ( 'NONE',  ( -10.29999977648293452, 30.00000000000000000, -33.61719605079856876 ) ) ;
#1028 = DIRECTION ( 'NONE',  ( 0.000000000000000000, 0.000000000000000000, 1.000000000000000000 ) ) ;
#1029 = FACE_OUTER_BOUND ( 'NONE', #2344, .T. ) ;
#1030 = CARTESIAN_POINT ( 'NONE',  ( -5.290705920106099747, 7.356215156556087820, 51.24431749661529523 ) ) ;
#1031 = EDGE_LOOP ( 'NONE', ( #1621, #761 ) ) ;
#1032 = VERTEX_POINT ( 'NONE', #3365 ) ;
#1033 = CARTESIAN_POINT ( 'NONE',  ( -12.29999977648332887, 26.00000000000000000, 2.510667100132145002 ) ) ;
#1034 = VECTOR ( 'NONE', #3702, 1000.000000000000114 ) ;
#1035 = LINE ( 'NONE', #3538, #2608 ) ;
#1036 = DIRECTION ( 'NONE',  ( -0.000000000000000000, -1.000000000000000000, -0.000000000000000000 ) ) ;
#1037 = CARTESIAN_POINT ( 'NONE',  ( 11.50000000000000178, 7.000000000000000000, -40.75326492236801812 ) ) ;
#1038 = VECTOR ( 'NONE', #563, 1000.000000000000000 ) ;
#1039 = DIRECTION ( 'NONE',  ( 0.000000000000000000, 0.000000000000000000, 1.000000000000000000 ) ) ;
#1040 = EDGE_CURVE ( 'NONE', #5023, #3827, #4282, .T. ) ;
#1041 = CARTESIAN_POINT ( 'NONE',  ( -20.80000000000000426, 20.47313245116761493, 34.42492653411373738 ) ) ;
#1042 = CARTESIAN_POINT ( 'NONE',  ( -9.500000000000001776, 5.000000000000000000, -41.75326492236801101 ) ) ;
#1043 = DIRECTION ( 'NONE',  ( -1.000000000000000000, 0.000000000000000000, 0.000000000000000000 ) ) ;
#1044 = DIRECTION ( 'NONE',  ( -0.000000000000000000, 0.000000000000000000, -1.000000000000000000 ) ) ;
#1045 = EDGE_LOOP ( 'NONE', ( #776, #1873, #82, #359 ) ) ;
#1046 = ORIENTED_EDGE ( 'NONE', *, *, #3368, .T. ) ;
#1047 = CARTESIAN_POINT ( 'NONE',  ( -11.50000000000000178, 7.000000000000006217, 15.24673507763199076 ) ) ;
#1048 = EDGE_LOOP ( 'NONE', ( #4202, #5683 ) ) ;
#1049 = CYLINDRICAL_SURFACE ( 'NONE', #4502, 2.000000000000001776 ) ;
#1050 = AXIS2_PLACEMENT_3D ( 'NONE', #5220, #888, #3776 ) ;
#1051 = EDGE_CURVE ( 'NONE', #3513, #4642, #463, .T. ) ;
#1052 = DIRECTION ( 'NONE',  ( -1.000000000000000000, -0.000000000000000000, -0.000000000000000000 ) ) ;
#1053 = ORIENTED_EDGE ( 'NONE', *, *, #473, .T. ) ;
#1054 = DIRECTION ( 'NONE',  ( -1.000000000000000000, -2.400836355802184218E-16, 0.000000000000000000 ) ) ;
#1055 = ORIENTED_EDGE ( 'NONE', *, *, #3543, .T. ) ;
#1056 = EDGE_CURVE ( 'NONE', #1018, #2109, #3597, .T. ) ;
#1057 = CARTESIAN_POINT ( 'NONE',  ( 12.49999999999999822, 7.000000000000000000, -36.75326492236801812 ) ) ;
#1058 = ORIENTED_EDGE ( 'NONE', *, *, #5892, .F. ) ;
#1059 = AXIS2_PLACEMENT_3D ( 'NONE', #3643, #4730, #4254 ) ;
#1060 = CARTESIAN_POINT ( 'NONE',  ( 10.20932542670325738, 9.403805530135812774, 50.49058550144157920 ) ) ;
#1061 = ORIENTED_EDGE ( 'NONE', *, *, #2641, .F. ) ;
#1062 = ADVANCED_FACE ( 'NONE', ( #5053 ), #171, .F. ) ;
#1063 = ORIENTED_EDGE ( 'NONE', *, *, #2317, .T. ) ;
#1064 = DIRECTION ( 'NONE',  ( 0.000000000000000000, -1.000000000000000000, 0.000000000000000000 ) ) ;
#1065 = AXIS2_PLACEMENT_3D ( 'NONE', #5468, #4404, #4532 ) ;
#1066 = AXIS2_PLACEMENT_3D ( 'NONE', #3262, #2674, #3285 ) ;
#1067 = DIRECTION ( 'NONE',  ( 0.000000000000000000, 1.000000000000000000, 0.000000000000000000 ) ) ;
#1068 = DIRECTION ( 'NONE',  ( -0.000000000000000000, -0.000000000000000000, -1.000000000000000000 ) ) ;
#1069 = ORIENTED_EDGE ( 'NONE', *, *, #1533, .F. ) ;
#1070 = ADVANCED_FACE ( 'NONE', ( #2506 ), #4003, .F. ) ;
#1071 = ORIENTED_EDGE ( 'NONE', *, *, #1325, .F. ) ;
#1072 = AXIS2_PLACEMENT_3D ( 'NONE', #1847, #423, #2406 ) ;
#1073 =( LENGTH_UNIT ( ) NAMED_UNIT ( * ) SI_UNIT ( .MILLI., .METRE. ) );
#1074 = VECTOR ( 'NONE', #648, 1000.000000000000227 ) ;
#1075 = CYLINDRICAL_SURFACE ( 'NONE', #4111, 1.250000000000000444 ) ;
#1076 = DIRECTION ( 'NONE',  ( 0.000000000000000000, 0.000000000000000000, 1.000000000000000000 ) ) ;
#1077 = CARTESIAN_POINT ( 'NONE',  ( -16.98748339430512644, -2.500000000000000888, 9.999999776482585645 ) ) ;
#1078 = CARTESIAN_POINT ( 'NONE',  ( 0.000000000000000000, 27.00000000000000000, 37.42492653411373738 ) ) ;
#1079 = ORIENTED_EDGE ( 'NONE', *, *, #2601, .T. ) ;
#1080 = DIRECTION ( 'NONE',  ( 0.000000000000000000, 0.000000000000000000, -1.000000000000000000 ) ) ;
#1081 = EDGE_LOOP ( 'NONE', ( #3755, #4799, #2751, #3942 ) ) ;
#1082 = CARTESIAN_POINT ( 'NONE',  ( 17.00000092387199402, 7.749999873340129852, 9.999999776482582092 ) ) ;
#1083 = ORIENTED_EDGE ( 'NONE', *, *, #3078, .F. ) ;
#1084 = TOROIDAL_SURFACE ( 'NONE', #4622, 4.000000000000000000, 2.000000000000000000 ) ;
#1085 = EDGE_CURVE ( 'NONE', #4366, #678, #5977, .T. ) ;
#1086 = DIRECTION ( 'NONE',  ( 0.000000000000000000, 0.000000000000000000, 1.000000000000000000 ) ) ;
#1087 = VERTEX_POINT ( 'NONE', #1535 ) ;
#1088 = CARTESIAN_POINT ( 'NONE',  ( 14.50000000000000000, 24.99999999999999645, -36.75326492236801812 ) ) ;
#1089 = EDGE_LOOP ( 'NONE', ( #5227, #2734, #5514, #3483 ) ) ;
#1090 = ADVANCED_FACE ( 'NONE', ( #5947 ), #1175, .F. ) ;
#1091 = DIRECTION ( 'NONE',  ( -0.000000000000000000, 1.000000000000000000, -0.000000000000000000 ) ) ;
#1092 = DIRECTION ( 'NONE',  ( -0.000000000000000000, 1.000000000000000000, -0.000000000000000000 ) ) ;
#1093 = DIRECTION ( 'NONE',  ( 1.000000000000000000, -0.000000000000000000, 1.764125568789973300E-16 ) ) ;
#1094 = EDGE_CURVE ( 'NONE', #4198, #2491, #5239, .T. ) ;
#1095 = PLANE ( 'NONE',  #497 ) ;
#1096 = EDGE_LOOP ( 'NONE', ( #6086, #5338, #4783, #620 ) ) ;
#1097 = ORIENTED_EDGE ( 'NONE', *, *, #4212, .T. ) ;
#1098 = DIRECTION ( 'NONE',  ( 0.000000000000000000, 0.000000000000000000, -1.000000000000000000 ) ) ;
#1099 = AXIS2_PLACEMENT_3D ( 'NONE', #5964, #4463, #5996 ) ;
#1100 = EDGE_CURVE ( 'NONE', #3705, #2995, #5441, .T. ) ;
#1101 = TOROIDAL_SURFACE ( 'NONE', #595, 4.000000000000000000, 2.000000000000000000 ) ;
#1102 = CYLINDRICAL_SURFACE ( 'NONE', #2711, 54.00000000000000000 ) ;
#1103 = DIRECTION ( 'NONE',  ( 0.8754257427334273256, -0.2588192324218464568, 0.4082185369237822936 ) ) ;
#1104 = VERTEX_POINT ( 'NONE', #2476 ) ;
#1105 = CARTESIAN_POINT ( 'NONE',  ( 19.99999955296516418, 9.999999776482582092, 0.000000000000000000 ) ) ;
#1106 = AXIS2_PLACEMENT_3D ( 'NONE', #2131, #5505, #4484 ) ;
#1107 = AXIS2_PLACEMENT_3D ( 'NONE', #3147, #5089, #5626 ) ;
#1108 = EDGE_CURVE ( 'NONE', #2498, #1247, #2989, .T. ) ;
#1109 = CARTESIAN_POINT ( 'NONE',  ( -22.80000000000000782, 55.00000000000000000, 34.42492653411373738 ) ) ;
#1110 = FACE_OUTER_BOUND ( 'NONE', #1185, .T. ) ;
#1111 = AXIS2_PLACEMENT_3D ( 'NONE', #6058, #1711, #318 ) ;
#1112 = ORIENTED_EDGE ( 'NONE', *, *, #3468, .T. ) ;
#1113 = ORIENTED_EDGE ( 'NONE', *, *, #6063, .T. ) ;
#1114 = CARTESIAN_POINT ( 'NONE',  ( 16.50000000000000000, 7.000000000000006217, -43.75326492236801812 ) ) ;
#1115 = CIRCLE ( 'NONE', #4658, 2.000000000000000000 ) ;
#1116 = CARTESIAN_POINT ( 'NONE',  ( -20.80000000000000782, 55.00000000000000000, 36.42492653411374448 ) ) ;
#1117 = EDGE_LOOP ( 'NONE', ( #3821, #2764, #6221, #4322, #2094, #3359, #1519 ) ) ;
#1118 = VECTOR ( 'NONE', #3552, 1000.000000000000000 ) ;
#1119 = CARTESIAN_POINT ( 'NONE',  ( 12.50000000000000711, 7.000000000000006217, 13.24673507763198721 ) ) ;
#1120 = EDGE_CURVE ( 'NONE', #2812, #649, #1595, .T. ) ;
#1121 = DIRECTION ( 'NONE',  ( -1.000000000000000000, -0.000000000000000000, -0.000000000000000000 ) ) ;
#1122 = CYLINDRICAL_SURFACE ( 'NONE', #5217, 1.249999999999987121 ) ;
#1123 = CARTESIAN_POINT ( 'NONE',  ( 6.596242646198184012, 7.789933263859783352, 51.07987573736124176 ) ) ;
#1124 = ORIENTED_EDGE ( 'NONE', *, *, #1698, .F. ) ;
#1125 = DIRECTION ( 'NONE',  ( -0.000000000000000000, 1.000000000000000000, -0.000000000000000000 ) ) ;
#1126 = AXIS2_PLACEMENT_3D ( 'NONE', #775, #4129, #1657 ) ;
#1127 = ADVANCED_FACE ( 'NONE', ( #4967 ), #371, .T. ) ;
#1128 = CYLINDRICAL_SURFACE ( 'NONE', #3119, 2.000000000000000000 ) ;
#1129 = DIRECTION ( 'NONE',  ( 0.000000000000000000, 0.000000000000000000, 1.000000000000000000 ) ) ;
#1130 = ORIENTED_EDGE ( 'NONE', *, *, #5915, .T. ) ;
#1131 = VERTEX_POINT ( 'NONE', #4995 ) ;
#1132 = CARTESIAN_POINT ( 'NONE',  ( 7.500000000000001776, 24.99999999999999645, -41.75326492236801101 ) ) ;
#1133 = EDGE_CURVE ( 'NONE', #1558, #146, #1681, .T. ) ;
#1134 = CARTESIAN_POINT ( 'NONE',  ( 0.000000000000000000, 48.30000000000001847, 78.92492653411373738 ) ) ;
#1135 = CARTESIAN_POINT ( 'NONE',  ( -15.09346121785695516, 0.7500000065192584664, 9.812038312545594110 ) ) ;
#1136 = DIRECTION ( 'NONE',  ( 0.000000000000000000, 0.000000000000000000, -1.000000000000000000 ) ) ;
#1137 = CARTESIAN_POINT ( 'NONE',  ( 14.50000000000000000, 30.00000000000000000, -41.75326492236801101 ) ) ;
#1138 = ORIENTED_EDGE ( 'NONE', *, *, #3543, .F. ) ;
#1139 = LINE ( 'NONE', #5969, #4933 ) ;
#1140 = DIRECTION ( 'NONE',  ( -0.000000000000000000, 1.000000000000000000, -0.000000000000000000 ) ) ;
#1141 = EDGE_CURVE ( 'NONE', #2599, #2273, #3975, .T. ) ;
#1142 = VECTOR ( 'NONE', #5012, 1000.000000000000000 ) ;
#1143 = ORIENTED_EDGE ( 'NONE', *, *, #4128, .F. ) ;
#1144 = CIRCLE ( 'NONE', #3782, 4.000000000000003553 ) ;
#1145 = EDGE_CURVE ( 'NONE', #1487, #1158, #1654, .T. ) ;
#1146 = DIRECTION ( 'NONE',  ( 1.764125568789973300E-16, 0.000000000000000000, -1.000000000000000000 ) ) ;
#1147 = DIRECTION ( 'NONE',  ( -0.000000000000000000, -0.000000000000000000, 1.000000000000000000 ) ) ;
#1148 = FACE_OUTER_BOUND ( 'NONE', #6258, .T. ) ;
#1149 = DIRECTION ( 'NONE',  ( 0.000000000000000000, 0.000000000000000000, 1.000000000000000000 ) ) ;
#1150 = ORIENTED_EDGE ( 'NONE', *, *, #2573, .F. ) ;
#1151 = CARTESIAN_POINT ( 'NONE',  ( -14.50000000000000355, 24.99999999999999645, 10.24673507763198543 ) ) ;
#1152 = ORIENTED_EDGE ( 'NONE', *, *, #3104, .F. ) ;
#1153 = ORIENTED_EDGE ( 'NONE', *, *, #1199, .F. ) ;
#1154 = DIRECTION ( 'NONE',  ( 0.000000000000000000, 0.000000000000000000, 1.000000000000000000 ) ) ;
#1155 = CIRCLE ( 'NONE', #4809, 2.000000000000001776 ) ;
#1156 = DIRECTION ( 'NONE',  ( 0.000000000000000000, 0.000000000000000000, -1.000000000000000000 ) ) ;
#1157 = CARTESIAN_POINT ( 'NONE',  ( 20.80000000000000782, 55.00000000000000000, 34.42492653411373738 ) ) ;
#1158 = VERTEX_POINT ( 'NONE', #2598 ) ;
#1159 = VERTEX_POINT ( 'NONE', #4443 ) ;
#1160 = ADVANCED_FACE ( 'NONE', ( #110 ), #1563, .T. ) ;
#1161 = TOROIDAL_SURFACE ( 'NONE', #4709, 4.000000000000000000, 2.000000000000000000 ) ;
#1162 = DIRECTION ( 'NONE',  ( -1.000000000000000000, 0.000000000000000000, 0.000000000000000000 ) ) ;
#1163 = VECTOR ( 'NONE', #1800, 1000.000000000000114 ) ;
#1164 = DIRECTION ( 'NONE',  ( -0.000000000000000000, -0.000000000000000000, -1.000000000000000000 ) ) ;
#1165 = AXIS2_PLACEMENT_3D ( 'NONE', #715, #4009, #1154 ) ;
#1166 = CYLINDRICAL_SURFACE ( 'NONE', #3913, 2.000000000000000000 ) ;
#1167 = FACE_OUTER_BOUND ( 'NONE', #4805, .T. ) ;
#1168 = SPHERICAL_SURFACE ( 'NONE', #2856, 2.000000000000000000 ) ;
#1169 = EDGE_LOOP ( 'NONE', ( #1526, #227, #3953, #1253 ) ) ;
#1170 = EDGE_CURVE ( 'NONE', #3115, #4874, #198, .T. ) ;
#1171 = DIRECTION ( 'NONE',  ( 2.403004581854185769E-14, 2.391312219656907951E-08, 0.9999999999999996669 ) ) ;
#1172 = CIRCLE ( 'NONE', #3300, 2.000000000000000000 ) ;
#1173 = LINE ( 'NONE', #3678, #5174 ) ;
#1174 = CARTESIAN_POINT ( 'NONE',  ( -13.98346259011825943, -1.068566186598375600E-06, 10.32964019890099117 ) ) ;
#1175 = PLANE ( 'NONE',  #5529 ) ;
#1176 = EDGE_CURVE ( 'NONE', #6074, #398, #1172, .T. ) ;
#1177 = CARTESIAN_POINT ( 'NONE',  ( -16.99982397258281708, -2.500000000000000000, 9.999999776482582092 ) ) ;
#1178 = DIRECTION ( 'NONE',  ( 1.000000000000000000, 0.000000000000000000, 0.000000000000000000 ) ) ;
#1179 = EDGE_LOOP ( 'NONE', ( #5640, #2990, #4053, #2324 ) ) ;
#1180 = CARTESIAN_POINT ( 'NONE',  ( -14.50000000000000000, 7.000000000000006217, -45.75326492236801812 ) ) ;
#1181 = ORIENTED_EDGE ( 'NONE', *, *, #4816, .T. ) ;
#1182 = CYLINDRICAL_SURFACE ( 'NONE', #5027, 2.000000000000000000 ) ;
#1183 = DIRECTION ( 'NONE',  ( 0.000000000000000000, 0.000000000000000000, -1.000000000000000000 ) ) ;
#1184 = CARTESIAN_POINT ( 'NONE',  ( -10.29999977648290965, 30.00000000000000000, -35.85326402829836923 ) ) ;
#1185 = EDGE_LOOP ( 'NONE', ( #5297, #5242, #5068, #5758 ) ) ;
#1186 = AXIS2_PLACEMENT_3D ( 'NONE', #756, #5176, #5612 ) ;
#1187 = ORIENTED_EDGE ( 'NONE', *, *, #4534, .T. ) ;
#1188 = CARTESIAN_POINT ( 'NONE',  ( 12.50000000000000178, 120.7419196555744350, -43.75326492236801812 ) ) ;
#1189 = DIRECTION ( 'NONE',  ( 1.000000000000000000, 0.000000000000000000, 0.000000000000000000 ) ) ;
#1190 = CIRCLE ( 'NONE', #5862, 1.250002480752413936 ) ;
#1191 = EDGE_CURVE ( 'NONE', #2417, #4001, #2126, .T. ) ;
#1192 = DIRECTION ( 'NONE',  ( 0.000000000000000000, -1.000000000000000000, 0.000000000000000000 ) ) ;
#1193 = LINE ( 'NONE', #1676, #2823 ) ;
#1194 = CARTESIAN_POINT ( 'NONE',  ( -20.30000000000000782, 55.00000000000000000, 36.92492653411373738 ) ) ;
#1195 = ORIENTED_EDGE ( 'NONE', *, *, #481, .T. ) ;
#1196 = DIRECTION ( 'NONE',  ( -0.000000000000000000, -1.000000000000000000, -0.000000000000000000 ) ) ;
#1197 = CIRCLE ( 'NONE', #3940, 4.000000000000000000 ) ;
#1198 = DIRECTION ( 'NONE',  ( -1.000000000000000000, -0.000000000000000000, 4.336808689942018229E-16 ) ) ;
#1199 = EDGE_CURVE ( 'NONE', #5874, #999, #1376, .T. ) ;
#1200 = CIRCLE ( 'NONE', #5770, 2.000000000000000000 ) ;
#1201 = AXIS2_PLACEMENT_3D ( 'NONE', #4701, #4602, #868 ) ;
#1202 = CARTESIAN_POINT ( 'NONE',  ( -12.01375201344490051, 0.5823428509756922722, 11.24813314527273356 ) ) ;
#1203 = VERTEX_POINT ( 'NONE', #1750 ) ;
#1204 = DIRECTION ( 'NONE',  ( -1.000000000000000000, 0.000000000000000000, -1.075606490245633122E-14 ) ) ;
#1205 = ORIENTED_EDGE ( 'NONE', *, *, #3413, .F. ) ;
#1206 = EDGE_CURVE ( 'NONE', #830, #5296, #228, .T. ) ;
#1207 = VECTOR ( 'NONE', #3482, 1000.000000000000000 ) ;
#1208 = EDGE_CURVE ( 'NONE', #3031, #2288, #2184, .T. ) ;
#1209 = CARTESIAN_POINT ( 'NONE',  ( 21.50527358538705158, 29.74432465835869976, 34.55224171266720390 ) ) ;
#1210 = AXIS2_PLACEMENT_3D ( 'NONE', #3311, #1943, #6211 ) ;
#1211 = CARTESIAN_POINT ( 'NONE',  ( 19.99999955296516418, -9.999999776482582092, 4.999999888241291046 ) ) ;
#1212 = CARTESIAN_POINT ( 'NONE',  ( -13.98345961930551518, -1.594897499658520790E-08, 10.32964158421646950 ) ) ;
#1213 = EDGE_LOOP ( 'NONE', ( #338, #69, #1821, #811 ) ) ;
#1214 = DIRECTION ( 'NONE',  ( 0.000000000000000000, 0.000000000000000000, -1.000000000000000000 ) ) ;
#1215 = ORIENTED_EDGE ( 'NONE', *, *, #487, .T. ) ;
#1216 = VERTEX_POINT ( 'NONE', #707 ) ;
#1217 = LINE ( 'NONE', #2198, #3701 ) ;
#1218 = EDGE_CURVE ( 'NONE', #3972, #5290, #2727, .T. ) ;
#1219 = FACE_OUTER_BOUND ( 'NONE', #3540, .T. ) ;
#1220 = CARTESIAN_POINT ( 'NONE',  ( -12.50000000000000000, 23.00000000000000000, -40.75326492236801812 ) ) ;
#1221 = ORIENTED_EDGE ( 'NONE', *, *, #781, .F. ) ;
#1222 = AXIS2_PLACEMENT_3D ( 'NONE', #78, #1093, #3504 ) ;
#1223 = VERTEX_POINT ( 'NONE', #4192 ) ;
#1224 = CARTESIAN_POINT ( 'NONE',  ( -16.99982397258281708, 7.749999873340129852, 4.999999888241291046 ) ) ;
#1225 = ORIENTED_EDGE ( 'NONE', *, *, #5637, .T. ) ;
#1226 = EDGE_CURVE ( 'NONE', #3696, #5344, #3811, .T. ) ;
#1227 = DIRECTION ( 'NONE',  ( 0.000000000000000000, 0.000000000000000000, 1.000000000000000000 ) ) ;
#1228 = FACE_OUTER_BOUND ( 'NONE', #1953, .T. ) ;
#1229 = CARTESIAN_POINT ( 'NONE',  ( -15.09346121785695516, -1.250000006519258022, 9.812038312545594110 ) ) ;
#1230 = CARTESIAN_POINT ( 'NONE',  ( -1.217475033071001356, 47.97272043657014962, 51.48564552266726224 ) ) ;
#1231 = ORIENTED_EDGE ( 'NONE', *, *, #5552, .F. ) ;
#1232 = ORIENTED_EDGE ( 'NONE', *, *, #4991, .T. ) ;
#1233 = CIRCLE ( 'NONE', #931, 2.000000000000001776 ) ;
#1234 = ADVANCED_FACE ( 'NONE', ( #4668 ), #328, .F. ) ;
#1235 = CARTESIAN_POINT ( 'NONE',  ( 17.00000092387199402, 7.749999873340129852, 9.999999776482582092 ) ) ;
#1236 = DIRECTION ( 'NONE',  ( -0.000000000000000000, -1.000000000000000000, -0.000000000000000000 ) ) ;
#1237 = ORIENTED_EDGE ( 'NONE', *, *, #3832, .F. ) ;
#1238 = ADVANCED_FACE ( 'NONE', ( #2758 ), #6153, .F. ) ;
#1239 = DIRECTION ( 'NONE',  ( 0.000000000000000000, 0.000000000000000000, 1.000000000000000000 ) ) ;
#1240 = FACE_OUTER_BOUND ( 'NONE', #4568, .T. ) ;
#1241 = AXIS2_PLACEMENT_3D ( 'NONE', #5149, #1748, #3210 ) ;
#1242 = CARTESIAN_POINT ( 'NONE',  ( 11.50000000000000178, 7.000000000000006217, 13.24673507763198366 ) ) ;
#1243 = CARTESIAN_POINT ( 'NONE',  ( 0.7281323780522822586, 5.000000000000000000, 33.53185872240672438 ) ) ;
#1244 = ORIENTED_EDGE ( 'NONE', *, *, #1564, .T. ) ;
#1245 = CARTESIAN_POINT ( 'NONE',  ( 12.50000000000000533, 23.00000000000000000, 10.24673507763198188 ) ) ;
#1246 = ORIENTED_EDGE ( 'NONE', *, *, #3758, .T. ) ;
#1247 = VERTEX_POINT ( 'NONE', #6166 ) ;
#1248 = EDGE_CURVE ( 'NONE', #3183, #937, #2251, .T. ) ;
#1249 = CARTESIAN_POINT ( 'NONE',  ( 16.50000000000000711, 5.000000000000000000, 15.24673507763198188 ) ) ;
#1250 = VERTEX_POINT ( 'NONE', #1719 ) ;
#1251 = CARTESIAN_POINT ( 'NONE',  ( 7.405431904921429442, 6.493444679396865205, 34.42492653415362724 ) ) ;
#1252 = CARTESIAN_POINT ( 'NONE',  ( -14.50000000000001066, 120.7419196555744350, 12.24673507763198543 ) ) ;
#1253 = ORIENTED_EDGE ( 'NONE', *, *, #795, .T. ) ;
#1254 = ORIENTED_EDGE ( 'NONE', *, *, #5732, .T. ) ;
#1255 = CYLINDRICAL_SURFACE ( 'NONE', #158, 2.000000000000001776 ) ;
#1256 = ORIENTED_EDGE ( 'NONE', *, *, #5286, .F. ) ;
#1257 = CARTESIAN_POINT ( 'NONE',  ( -15.09346121785695516, -0.7500003881494367031, 9.812038312545594110 ) ) ;
#1258 = EDGE_CURVE ( 'NONE', #5003, #2805, #6246, .T. ) ;
#1259 = FACE_OUTER_BOUND ( 'NONE', #5823, .T. ) ;
#1260 = LINE ( 'NONE', #3237, #3842 ) ;
#1261 = DIRECTION ( 'NONE',  ( -1.000000000000000000, 0.000000000000000000, 0.000000000000000000 ) ) ;
#1262 = ORIENTED_EDGE ( 'NONE', *, *, #6285, .T. ) ;
#1263 = ORIENTED_EDGE ( 'NONE', *, *, #685, .T. ) ;
#1264 = AXIS2_PLACEMENT_3D ( 'NONE', #3904, #1497, #864 ) ;
#1265 = AXIS2_PLACEMENT_3D ( 'NONE', #863, #1365, #2412 ) ;
#1266 = FACE_OUTER_BOUND ( 'NONE', #5652, .T. ) ;
#1267 = VECTOR ( 'NONE', #5372, 1000.000000000000000 ) ;
#1268 = DIRECTION ( 'NONE',  ( 7.826644089160282576E-15, 0.000000000000000000, -1.000000000000000000 ) ) ;
#1269 = DIRECTION ( 'NONE',  ( 0.000000000000000000, 0.000000000000000000, 1.000000000000000000 ) ) ;
#1270 = VERTEX_POINT ( 'NONE', #3247 ) ;
#1271 = CIRCLE ( 'NONE', #3591, 3.999999999999996447 ) ;
#1272 = CARTESIAN_POINT ( 'NONE',  ( 2.726273952367018971, 26.00000000000000000, 12.24673507763198543 ) ) ;
#1273 = UNCERTAINTY_MEASURE_WITH_UNIT (LENGTH_MEASURE( 1.000000000000000082E-05 ), #1073, 'distance_accuracy_value', 'NONE');
#1274 = ADVANCED_FACE ( 'NONE', ( #3611 ), #3143, .F. ) ;
#1275 = VECTOR ( 'NONE', #5591, 1000.000000000000000 ) ;
#1276 = FACE_OUTER_BOUND ( 'NONE', #2459, .T. ) ;
#1277 = DIRECTION ( 'NONE',  ( 0.000000000000000000, 0.000000000000000000, 1.000000000000000000 ) ) ;
#1278 = FACE_OUTER_BOUND ( 'NONE', #2500, .T. ) ;
#1279 = ORIENTED_EDGE ( 'NONE', *, *, #5147, .F. ) ;
#1280 = CARTESIAN_POINT ( 'NONE',  ( -16.99982397258281708, -7.749999873340129852, 9.999999776482582092 ) ) ;
#1281 = ORIENTED_EDGE ( 'NONE', *, *, #3189, .F. ) ;
#1282 = VERTEX_POINT ( 'NONE', #2691 ) ;
#1283 = FACE_BOUND ( 'NONE', #2635, .T. ) ;
#1284 = EDGE_LOOP ( 'NONE', ( #369, #2772, #1298, #3221, #3512, #1232, #1016, #5135, #4923, #1736, #2705, #3501, #179, #24, #2320, #4628, #2138, #2675, #1053, #3439, #2306, #5976, #5182, #4401 ) ) ;
#1285 = AXIS2_PLACEMENT_3D ( 'NONE', #764, #3708, #2685 ) ;
#1286 = CARTESIAN_POINT ( 'NONE',  ( 8.674099376880645806, 5.000000000000000000, 34.42492653411374448 ) ) ;
#1287 = CARTESIAN_POINT ( 'NONE',  ( -14.99999966472387314, -5.750000011175870895, 9.999999776482582092 ) ) ;
#1288 = DIRECTION ( 'NONE',  ( 0.000000000000000000, 0.000000000000000000, -1.000000000000000000 ) ) ;
#1289 = EDGE_LOOP ( 'NONE', ( #1881, #141, #2502, #4167 ) ) ;
#1290 = EDGE_LOOP ( 'NONE', ( #4183, #4191, #5128, #2507 ) ) ;
#1291 = DIRECTION ( 'NONE',  ( 0.000000000000000000, 0.000000000000000000, 1.000000000000000000 ) ) ;
#1292 = AXIS2_PLACEMENT_3D ( 'NONE', #1815, #5692, #1340 ) ;
#1293 = FILL_AREA_STYLE_COLOUR ( '', #3111 ) ;
#1294 = VECTOR ( 'NONE', #1721, 1000.000000000000000 ) ;
#1295 = CARTESIAN_POINT ( 'NONE',  ( -14.50000000000001066, 7.000000000000006217, 13.24673507763199076 ) ) ;
#1296 = DIRECTION ( 'NONE',  ( -0.000000000000000000, 1.000000000000000000, -0.000000000000000000 ) ) ;
#1297 = FACE_OUTER_BOUND ( 'NONE', #1512, .T. ) ;
#1298 = ORIENTED_EDGE ( 'NONE', *, *, #6030, .T. ) ;
#1299 = ORIENTED_EDGE ( 'NONE', *, *, #1355, .T. ) ;
#1300 = CARTESIAN_POINT ( 'NONE',  ( -19.99999955296516418, 9.999999776482582092, 4.999999888241291046 ) ) ;
#1301 = AXIS2_PLACEMENT_3D ( 'NONE', #2421, #1385, #19 ) ;
#1302 = EDGE_CURVE ( 'NONE', #5030, #458, #837, .T. ) ;
#1303 = LINE ( 'NONE', #4120, #1849 ) ;
#1304 = VECTOR ( 'NONE', #6270, 1000.000000000000000 ) ;
#1305 = DIRECTION ( 'NONE',  ( -0.4226189496394527345, 0.000000000000000000, 0.9063074662638754830 ) ) ;
#1306 = DIRECTION ( 'NONE',  ( -0.000000000000000000, -1.000000000000000000, -0.000000000000000000 ) ) ;
#1307 =( GEOMETRIC_REPRESENTATION_CONTEXT ( 3 ) GLOBAL_UNCERTAINTY_ASSIGNED_CONTEXT ( ( #4189 ) ) GLOBAL_UNIT_ASSIGNED_CONTEXT ( ( #2725, #326, #4058 ) ) REPRESENTATION_CONTEXT ( 'NONE', 'WORKASPACE' ) );
#1308 = CIRCLE ( 'NONE', #4854, 2.000000000000000000 ) ;
#1309 = CARTESIAN_POINT ( 'NONE',  ( 21.38022903066122637, 30.83864388682688329, 34.50980420311267949 ) ) ;
#1310 = DIRECTION ( 'NONE',  ( 1.000000000000000000, 0.000000000000000000, -0.000000000000000000 ) ) ;
#1311 = AXIS2_PLACEMENT_3D ( 'NONE', #5281, #4222, #4339 ) ;
#1312 = EDGE_LOOP ( 'NONE', ( #5264, #5433, #1231, #5447, #5738, #5946, #1541 ) ) ;
#1313 = VECTOR ( 'NONE', #2359, 1000.000000000000000 ) ;
#1314 = EDGE_LOOP ( 'NONE', ( #5650, #1486, #4075, #5069, #5504, #1143, #1959 ) ) ;
#1315 = CARTESIAN_POINT ( 'NONE',  ( 22.80000000000000782, 55.00000000000000000, 42.83935106884789690 ) ) ;
#1316 = ORIENTED_EDGE ( 'NONE', *, *, #5690, .F. ) ;
#1317 = EDGE_CURVE ( 'NONE', #3049, #2368, #2380, .T. ) ;
#1318 = EDGE_CURVE ( 'NONE', #4296, #1345, #360, .T. ) ;
#1319 = AXIS2_PLACEMENT_3D ( 'NONE', #4285, #5320, #1349 ) ;
#1320 = CYLINDRICAL_SURFACE ( 'NONE', #2403, 2.000000000000000000 ) ;
#1321 = DIRECTION ( 'NONE',  ( -7.394498096507159090E-15, 0.000000000000000000, 1.000000000000000000 ) ) ;
#1322 = ORIENTED_EDGE ( 'NONE', *, *, #902, .F. ) ;
#1323 = ORIENTED_EDGE ( 'NONE', *, *, #4520, .T. ) ;
#1324 = DIRECTION ( 'NONE',  ( 1.000000000000000000, -0.000000000000000000, -0.000000000000000000 ) ) ;
#1325 = EDGE_CURVE ( 'NONE', #4089, #5874, #5118, .T. ) ;
#1326 = CARTESIAN_POINT ( 'NONE',  ( 12.29999977648221865, 30.00000000000000000, -33.61719605079833428 ) ) ;
#1327 = CARTESIAN_POINT ( 'NONE',  ( -11.50000000000000178, 23.00000000000000000, 12.24673507763198543 ) ) ;
#1328 = CYLINDRICAL_SURFACE ( 'NONE', #939, 20.30000000000000782 ) ;
#1329 = VERTEX_POINT ( 'NONE', #4633 ) ;
#1330 = VERTEX_POINT ( 'NONE', #6100 ) ;
#1331 = EDGE_CURVE ( 'NONE', #192, #1510, #4223, .T. ) ;
#1332 = DIRECTION ( 'NONE',  ( -0.4226189496394526790, -0.000000000000000000, 0.9063074662638754830 ) ) ;
#1333 = DIRECTION ( 'NONE',  ( 0.000000000000000000, 0.000000000000000000, -1.000000000000000000 ) ) ;
#1334 = VECTOR ( 'NONE', #1538, 1000.000000000000000 ) ;
#1335 = CARTESIAN_POINT ( 'NONE',  ( -12.50000000000001066, 5.000000000000000000, 13.24673507763199076 ) ) ;
#1336 = ADVANCED_FACE ( 'NONE', ( #5152 ), #803, .F. ) ;
#1337 = CARTESIAN_POINT ( 'NONE',  ( -3.053113317719180486E-13, 26.00000000000000000, -39.05326402829825128 ) ) ;
#1338 = AXIS2_PLACEMENT_3D ( 'NONE', #1490, #4953, #1555 ) ;
#1339 = APPLICATION_CONTEXT ( 'automotive_design' ) ;
#1340 = DIRECTION ( 'NONE',  ( 0.000000000000000000, 0.000000000000000000, 1.000000000000000000 ) ) ;
#1341 = CARTESIAN_POINT ( 'NONE',  ( 7.500000000000001776, 24.99999999999999645, 12.24673507763198188 ) ) ;
#1342 = ADVANCED_FACE ( 'NONE', ( #478 ), #2821, .F. ) ;
#1343 = TOROIDAL_SURFACE ( 'NONE', #2144, 4.000000000000000000, 2.000000000000000000 ) ;
#1344 = CARTESIAN_POINT ( 'NONE',  ( -14.77631934068149988, 0.8928575042518954730, 9.959924291650562367 ) ) ;
#1345 = VERTEX_POINT ( 'NONE', #893 ) ;
#1346 = CARTESIAN_POINT ( 'NONE',  ( -13.31179670256882730, 0.3235237181298795672, 11.74622294698967551 ) ) ;
#1347 = ORIENTED_EDGE ( 'NONE', *, *, #4459, .F. ) ;
#1348 = CARTESIAN_POINT ( 'NONE',  ( 7.500000000000001776, 7.000000000000000000, 13.24673507763198366 ) ) ;
#1349 = DIRECTION ( 'NONE',  ( 0.000000000000000000, 0.000000000000000000, -1.000000000000000000 ) ) ;
#1350 = ORIENTED_EDGE ( 'NONE', *, *, #3450, .F. ) ;
#1351 = VERTEX_POINT ( 'NONE', #4828 ) ;
#1352 = DIRECTION ( 'NONE',  ( -0.000000000000000000, 1.000000000000000000, -0.000000000000000000 ) ) ;
#1353 = CIRCLE ( 'NONE', #3985, 2.000000000000000000 ) ;
#1354 = FACE_OUTER_BOUND ( 'NONE', #2673, .T. ) ;
#1355 = EDGE_CURVE ( 'NONE', #192, #3354, #5641, .T. ) ;
#1356 = CYLINDRICAL_SURFACE ( 'NONE', #5274, 2.000000000000000000 ) ;
#1357 = CARTESIAN_POINT ( 'NONE',  ( 1.000391568306684409, 47.53256866920825274, 51.49041507237464543 ) ) ;
#1358 = ORIENTED_EDGE ( 'NONE', *, *, #6009, .F. ) ;
#1359 = EDGE_LOOP ( 'NONE', ( #2753, #5992, #1791, #3888 ) ) ;
#1360 = DIRECTION ( 'NONE',  ( 1.000000000000000000, 0.000000000000000000, -0.000000000000000000 ) ) ;
#1361 = EDGE_CURVE ( 'NONE', #1159, #3696, #2589, .T. ) ;
#1362 = VECTOR ( 'NONE', #1867, 1000.000000000000000 ) ;
#1363 = CARTESIAN_POINT ( 'NONE',  ( 14.50000000000000000, 26.99999999999999645, -43.75326492236801812 ) ) ;
#1364 = DIRECTION ( 'NONE',  ( 1.000000000000000000, 0.000000000000000000, 0.000000000000000000 ) ) ;
#1365 = DIRECTION ( 'NONE',  ( 1.000000000000000000, 0.000000000000000000, 0.000000000000000000 ) ) ;
#1366 = FACE_OUTER_BOUND ( 'NONE', #1424, .T. ) ;
#1367 = AXIS2_PLACEMENT_3D ( 'NONE', #2752, #1198, #5521 ) ;
#1368 = CIRCLE ( 'NONE', #2783, 4.000000000000003553 ) ;
#1369 = ADVANCED_FACE ( 'NONE', ( #1931 ), #674, .T. ) ;
#1370 = AXIS2_PLACEMENT_3D ( 'NONE', #2889, #5816, #2954 ) ;
#1371 = FACE_OUTER_BOUND ( 'NONE', #4867, .T. ) ;
#1372 = ORIENTED_EDGE ( 'NONE', *, *, #3144, .T. ) ;
#1373 = FACE_OUTER_BOUND ( 'NONE', #4166, .T. ) ;
#1374 = VERTEX_POINT ( 'NONE', #4858 ) ;
#1375 = EDGE_CURVE ( 'NONE', #4707, #6152, #2917, .T. ) ;
#1376 = CIRCLE ( 'NONE', #4011, 1.999999999999996669 ) ;
#1377 = CARTESIAN_POINT ( 'NONE',  ( -0.7342771519873463326, 5.208805833677638830, 34.42492653411840564 ) ) ;
#1378 = FACE_OUTER_BOUND ( 'NONE', #1678, .T. ) ;
#1379 = FACE_OUTER_BOUND ( 'NONE', #2243, .T. ) ;
#1380 = ORIENTED_EDGE ( 'NONE', *, *, #4749, .F. ) ;
#1381 = VERTEX_POINT ( 'NONE', #2345 ) ;
#1382 = LINE ( 'NONE', #4715, #5022 ) ;
#1383 = CIRCLE ( 'NONE', #2186, 3.999999999999996447 ) ;
#1384 = CIRCLE ( 'NONE', #3225, 3.999999999999996447 ) ;
#1385 = DIRECTION ( 'NONE',  ( -0.000000000000000000, -1.000000000000000000, -0.000000000000000000 ) ) ;
#1386 = FACE_OUTER_BOUND ( 'NONE', #33, .T. ) ;
#1387 = DIRECTION ( 'NONE',  ( 0.000000000000000000, 0.000000000000000000, 1.000000000000000000 ) ) ;
#1388 = ORIENTED_EDGE ( 'NONE', *, *, #910, .T. ) ;
#1389 = ORIENTED_EDGE ( 'NONE', *, *, #3269, .T. ) ;
#1390 = CARTESIAN_POINT ( 'NONE',  ( -16.99982397258281708, -7.749999873340129852, 9.999999776482582092 ) ) ;
#1391 = EDGE_CURVE ( 'NONE', #1158, #4477, #420, .T. ) ;
#1392 = EDGE_CURVE ( 'NONE', #5584, #1596, #514, .T. ) ;
#1393 = CARTESIAN_POINT ( 'NONE',  ( 7.500000000000001776, 7.000000000000000000, 12.24673507763198188 ) ) ;
#1394 = CARTESIAN_POINT ( 'NONE',  ( -7.215360962243067000, 5.000000000000000000, 32.48668074997738131 ) ) ;
#1395 = APPLICATION_PROTOCOL_DEFINITION ( 'draft international standard', 'automotive_design', 1998, #1339 ) ;
#1396 = CARTESIAN_POINT ( 'NONE',  ( 20.80000000000000782, 6.999999999999999112, 34.42492653411373738 ) ) ;
#1397 = VERTEX_POINT ( 'NONE', #4793 ) ;
#1398 = VECTOR ( 'NONE', #3377, 1000.000000000000000 ) ;
#1399 = CARTESIAN_POINT ( 'NONE',  ( 22.80000000000000782, 5.000000000000000000, 32.42492653411373027 ) ) ;
#1400 = ADVANCED_FACE ( 'NONE', ( #3362 ), #1897, .T. ) ;
#1401 = AXIS2_PLACEMENT_3D ( 'NONE', #3924, #1156, #3091 ) ;
#1402 = DIRECTION ( 'NONE',  ( -0.000000000000000000, 0.000000000000000000, 1.000000000000000000 ) ) ;
#1403 = ORIENTED_EDGE ( 'NONE', *, *, #4981, .F. ) ;
#1404 = FACE_BOUND ( 'NONE', #428, .T. ) ;
#1405 = EDGE_LOOP ( 'NONE', ( #5533, #1961, #2111, #3175 ) ) ;
#1406 = AXIS2_PLACEMENT_3D ( 'NONE', #5195, #4674, #1659 ) ;
#1407 = AXIS2_PLACEMENT_3D ( 'NONE', #651, #2959, #176 ) ;
#1408 = EDGE_CURVE ( 'NONE', #1329, #1018, #5747, .T. ) ;
#1409 = CARTESIAN_POINT ( 'NONE',  ( -5.968435944639559843, 4.999999999999999112, 33.84744303881261374 ) ) ;
#1410 = CIRCLE ( 'NONE', #3632, 2.000000000000000000 ) ;
#1411 = DIRECTION ( 'NONE',  ( 0.000000000000000000, -1.000000000000000000, 0.000000000000000000 ) ) ;
#1412 = LINE ( 'NONE', #2864, #2224 ) ;
#1413 = VERTEX_POINT ( 'NONE', #5311 ) ;
#1414 = EDGE_CURVE ( 'NONE', #4727, #3928, #3874, .T. ) ;
#1415 = ORIENTED_EDGE ( 'NONE', *, *, #4800, .F. ) ;
#1416 = DIRECTION ( 'NONE',  ( -1.000000000000000000, 0.000000000000000000, 0.000000000000000000 ) ) ;
#1417 = EDGE_LOOP ( 'NONE', ( #5506, #6099, #5842, #3389 ) ) ;
#1418 = EDGE_CURVE ( 'NONE', #4132, #5078, #5341, .T. ) ;
#1419 = AXIS2_PLACEMENT_3D ( 'NONE', #1765, #2704, #5638 ) ;
#1420 = CARTESIAN_POINT ( 'NONE',  ( -16.50000000000001066, 5.000000000000000000, 10.24673507763198366 ) ) ;
#1421 = DIRECTION ( 'NONE',  ( -1.000000000000000000, 0.000000000000000000, 0.000000000000000000 ) ) ;
#1422 = CARTESIAN_POINT ( 'NONE',  ( -14.50000000000001066, 24.99999999999999645, -41.75326492236801101 ) ) ;
#1423 = CIRCLE ( 'NONE', #804, 1.999999999999996669 ) ;
#1424 = EDGE_LOOP ( 'NONE', ( #4824, #5666, #1600, #4563 ) ) ;
#1425 = EDGE_CURVE ( 'NONE', #5157, #1131, #2437, .T. ) ;
#1426 = ORIENTED_EDGE ( 'NONE', *, *, #4708, .T. ) ;
#1427 = CARTESIAN_POINT ( 'NONE',  ( 14.69055430771182813, 5.750000011175870895, 9.999999776482582092 ) ) ;
#1428 = FACE_OUTER_BOUND ( 'NONE', #1117, .T. ) ;
#1429 = CARTESIAN_POINT ( 'NONE',  ( 24.80000000000000782, 6.999999999999999112, 46.17802507686961633 ) ) ;
#1430 = ORIENTED_EDGE ( 'NONE', *, *, #1392, .T. ) ;
#1431 = EDGE_CURVE ( 'NONE', #107, #4228, #37, .T. ) ;
#1432 =( LENGTH_UNIT ( ) NAMED_UNIT ( * ) SI_UNIT ( .MILLI., .METRE. ) );
#1433 = CARTESIAN_POINT ( 'NONE',  ( 12.29999977648216358, 26.00000000000000000, 2.510667100131867446 ) ) ;
#1434 = ORIENTED_EDGE ( 'NONE', *, *, #5451, .F. ) ;
#1435 = CARTESIAN_POINT ( 'NONE',  ( 22.80000000000000782, 55.00000000000000000, 34.42492653411373738 ) ) ;
#1436 = AXIS2_PLACEMENT_3D ( 'NONE', #2559, #5897, #3448 ) ;
#1437 = ADVANCED_FACE ( 'NONE', ( #1366 ), #1962, .T. ) ;
#1438 = CARTESIAN_POINT ( 'NONE',  ( -0.8255221397339402856, 49.24216249133118595, 51.49341557308941475 ) ) ;
#1439 = EDGE_LOOP ( 'NONE', ( #3609, #1888, #104, #124 ) ) ;
#1440 = DIRECTION ( 'NONE',  ( 0.000000000000000000, 0.000000000000000000, 1.000000000000000000 ) ) ;
#1441 = ORIENTED_EDGE ( 'NONE', *, *, #4241, .T. ) ;
#1442 = VECTOR ( 'NONE', #5982, 1000.000000000000000 ) ;
#1443 = CARTESIAN_POINT ( 'NONE',  ( -8.043564189994564018, 5.000000000000000000, 34.18979918177058153 ) ) ;
#1444 = DIRECTION ( 'NONE',  ( 0.000000000000000000, 0.000000000000000000, -1.000000000000000000 ) ) ;
#1445 = EDGE_CURVE ( 'NONE', #2491, #2665, #3334, .T. ) ;
#1446 = FACE_OUTER_BOUND ( 'NONE', #3920, .T. ) ;
#1447 = ORIENTED_EDGE ( 'NONE', *, *, #3930, .F. ) ;
#1448 = ORIENTED_EDGE ( 'NONE', *, *, #3895, .T. ) ;
#1449 = LINE ( 'NONE', #3348, #5437 ) ;
#1450 = VECTOR ( 'NONE', #4217, 1000.000000000000000 ) ;
#1451 = LINE ( 'NONE', #2332, #1398 ) ;
#1452 = LINE ( 'NONE', #2902, #6080 ) ;
#1453 = LINE ( 'NONE', #1422, #1856 ) ;
#1454 = CIRCLE ( 'NONE', #3275, 2.000000000000223821 ) ;
#1455 = ORIENTED_EDGE ( 'NONE', *, *, #3333, .F. ) ;
#1456 = DIRECTION ( 'NONE',  ( -0.9063074662638754830, 0.000000000000000000, -0.4226189496394526790 ) ) ;
#1457 = ADVANCED_FACE ( 'NONE', ( #1843 ), #3779, .F. ) ;
#1458 = CARTESIAN_POINT ( 'NONE',  ( 0.000000000000000000, 55.00000000000000000, 0.000000000000000000 ) ) ;
#1459 = DIRECTION ( 'NONE',  ( -0.000000000000000000, 0.000000000000000000, -1.000000000000000000 ) ) ;
#1460 = DIRECTION ( 'NONE',  ( 1.000000000000000000, 0.000000000000000000, 0.000000000000000000 ) ) ;
#1461 = ORIENTED_EDGE ( 'NONE', *, *, #2912, .F. ) ;
#1462 = VERTEX_POINT ( 'NONE', #2059 ) ;
#1463 = LINE ( 'NONE', #5745, #5017 ) ;
#1464 = DIRECTION ( 'NONE',  ( -0.000000000000000000, 1.000000000000000000, -0.000000000000000000 ) ) ;
#1465 = DIRECTION ( 'NONE',  ( 0.4226189496394527345, -0.000000000000000000, -0.9063074662638754830 ) ) ;
#1466 = CARTESIAN_POINT ( 'NONE',  ( -12.50000000000001066, 5.000000000000000000, 17.24673507763198899 ) ) ;
#1467 = VERTEX_POINT ( 'NONE', #5971 ) ;
#1468 = AXIS2_PLACEMENT_3D ( 'NONE', #5249, #4309, #2372 ) ;
#1469 = CIRCLE ( 'NONE', #3585, 19.80000000000001137 ) ;
#1470 = CARTESIAN_POINT ( 'NONE',  ( -16.98748339430512644, -2.500000000000000888, 9.999999776482585645 ) ) ;
#1471 = VERTEX_POINT ( 'NONE', #3971 ) ;
#1472 = EDGE_CURVE ( 'NONE', #3354, #4627, #450, .T. ) ;
#1473 = CIRCLE ( 'NONE', #3293, 2.000000000000003553 ) ;
#1474 = CARTESIAN_POINT ( 'NONE',  ( 3.057178622108685406, 5.000000000000317968, 33.88869858510384603 ) ) ;
#1475 = CARTESIAN_POINT ( 'NONE',  ( -12.43637129664421259, -0.5823428509756922722, 12.15444132685661671 ) ) ;
#1476 = DIRECTION ( 'NONE',  ( 0.000000000000000000, 0.000000000000000000, 1.000000000000000000 ) ) ;
#1477 = CARTESIAN_POINT ( 'NONE',  ( 19.80000000000001137, 27.00000000000000355, 48.42492653411373738 ) ) ;
#1478 = ORIENTED_EDGE ( 'NONE', *, *, #3855, .T. ) ;
#1479 = EDGE_LOOP ( 'NONE', ( #1152, #2127, #1358, #2169, #1762, #3353 ) ) ;
#1480 = FACE_OUTER_BOUND ( 'NONE', #1081, .T. ) ;
#1481 = VECTOR ( 'NONE', #1602, 1000.000000000000000 ) ;
#1482 = ADVANCED_FACE ( 'NONE', ( #3458 ), #865, .T. ) ;
#1483 = DIRECTION ( 'NONE',  ( -0.000000000000000000, -1.000000000000000000, -0.000000000000000000 ) ) ;
#1484 = CARTESIAN_POINT ( 'NONE',  ( -14.99999966472387491, -0.7651101670866046200, 9.904562814917511560 ) ) ;
#1485 = LINE ( 'NONE', #3445, #5312 ) ;
#1486 = ORIENTED_EDGE ( 'NONE', *, *, #1870, .F. ) ;
#1487 = VERTEX_POINT ( 'NONE', #4960 ) ;
#1488 = CARTESIAN_POINT ( 'NONE',  ( 0.6294368294135954667, 47.20769760127234349, 53.99654343473636686 ) ) ;
#1489 = EDGE_CURVE ( 'NONE', #1247, #5810, #3939, .T. ) ;
#1490 = CARTESIAN_POINT ( 'NONE',  ( 7.500000000000001776, 23.00000000000000000, -41.75326492236801101 ) ) ;
#1491 = LINE ( 'NONE', #2762, #498 ) ;
#1492 = CARTESIAN_POINT ( 'NONE',  ( -6.961359767642286478, 30.00000000000000000, 5.900964146969708501 ) ) ;
#1493 = ORIENTED_EDGE ( 'NONE', *, *, #4912, .T. ) ;
#1494 = ORIENTED_EDGE ( 'NONE', *, *, #402, .T. ) ;
#1495 = DIRECTION ( 'NONE',  ( -1.000000000000000000, 0.000000000000000000, 1.176083712526648949E-16 ) ) ;
#1496 = ADVANCED_FACE ( 'NONE', ( #3048 ), #4926, .T. ) ;
#1497 = DIRECTION ( 'NONE',  ( -0.000000000000000000, 0.000000000000000000, -1.000000000000000000 ) ) ;
#1498 = ADVANCED_FACE ( 'NONE', ( #643 ), #1049, .T. ) ;
#1499 = AXIS2_PLACEMENT_3D ( 'NONE', #3217, #2760, #3614 ) ;
#1500 = FACE_OUTER_BOUND ( 'NONE', #2537, .T. ) ;
#1501 = ORIENTED_EDGE ( 'NONE', *, *, #3382, .F. ) ;
#1502 = LINE ( 'NONE', #4379, #3804 ) ;
#1503 = ORIENTED_EDGE ( 'NONE', *, *, #91, .F. ) ;
#1504 = AXIS2_PLACEMENT_3D ( 'NONE', #2702, #5671, #240 ) ;
#1505 = CARTESIAN_POINT ( 'NONE',  ( -12.01375201344490051, -2.500000000000000000, 11.24813314527273178 ) ) ;
#1506 = DIRECTION ( 'NONE',  ( 0.000000000000000000, 0.000000000000000000, -1.000000000000000000 ) ) ;
#1507 = CARTESIAN_POINT ( 'NONE',  ( -24.80000000000000782, 5.000000000000000000, 36.42492653411374448 ) ) ;
#1508 = LINE ( 'NONE', #3264, #589 ) ;
#1509 = CARTESIAN_POINT ( 'NONE',  ( 18.22319112594968260, 17.95749314783973105, 48.17121971172535666 ) ) ;
#1510 = VERTEX_POINT ( 'NONE', #2568 ) ;
#1511 = VECTOR ( 'NONE', #2661, 1000.000000000000000 ) ;
#1512 = EDGE_LOOP ( 'NONE', ( #842, #5199, #5610, #574 ) ) ;
#1513 = ADVANCED_FACE ( 'NONE', ( #5435 ), #5907, .F. ) ;
#1514 = DIRECTION ( 'NONE',  ( 1.000000000000000000, 0.000000000000000000, -1.176083712526649195E-16 ) ) ;
#1515 = AXIS2_PLACEMENT_3D ( 'NONE', #191, #2053, #2116 ) ;
#1516 = DIRECTION ( 'NONE',  ( -1.000000000000000000, 0.000000000000000000, 0.000000000000000000 ) ) ;
#1517 = CARTESIAN_POINT ( 'NONE',  ( -11.50000000000000178, 7.000000000000006217, 17.24673507763198899 ) ) ;
#1518 = DIRECTION ( 'NONE',  ( 0.000000000000000000, 0.000000000000000000, 1.000000000000000000 ) ) ;
#1519 = ORIENTED_EDGE ( 'NONE', *, *, #6070, .F. ) ;
#1520 = ORIENTED_EDGE ( 'NONE', *, *, #2483, .F. ) ;
#1521 = CARTESIAN_POINT ( 'NONE',  ( 1.000505809658134515, 47.53272465664669966, 53.99085668049322351 ) ) ;
#1522 = AXIS2_PLACEMENT_3D ( 'NONE', #2741, #3694, #819 ) ;
#1523 = CARTESIAN_POINT ( 'NONE',  ( -12.50000000000001066, 7.000000000000000000, 10.24673507763198543 ) ) ;
#1524 = CARTESIAN_POINT ( 'NONE',  ( -11.50000000000000178, 7.000000000000000000, -40.75326492236801812 ) ) ;
#1525 = DIRECTION ( 'NONE',  ( 0.000000000000000000, 0.000000000000000000, 1.000000000000000000 ) ) ;
#1526 = ORIENTED_EDGE ( 'NONE', *, *, #3333, .T. ) ;
#1527 = EDGE_CURVE ( 'NONE', #4477, #2643, #3691, .T. ) ;
#1528 = AXIS2_PLACEMENT_3D ( 'NONE', #4414, #79, #13 ) ;
#1529 = ORIENTED_EDGE ( 'NONE', *, *, #1537, .T. ) ;
#1530 = DIRECTION ( 'NONE',  ( 1.000000000000000000, -0.000000000000000000, -0.000000000000000000 ) ) ;
#1531 = VERTEX_POINT ( 'NONE', #2501 ) ;
#1532 = DIRECTION ( 'NONE',  ( 0.000000000000000000, 0.000000000000000000, 1.000000000000000000 ) ) ;
#1533 = EDGE_CURVE ( 'NONE', #5519, #3183, #3998, .T. ) ;
#1534 = ORIENTED_EDGE ( 'NONE', *, *, #1003, .F. ) ;
#1535 = CARTESIAN_POINT ( 'NONE',  ( -11.50000000000000178, 5.000000000000000000, -36.75326492236801812 ) ) ;
#1536 = ORIENTED_EDGE ( 'NONE', *, *, #940, .F. ) ;
#1537 = EDGE_CURVE ( 'NONE', #4649, #4896, #103, .T. ) ;
#1538 = DIRECTION ( 'NONE',  ( -0.000000000000000000, -0.000000000000000000, -1.000000000000000000 ) ) ;
#1539 = CARTESIAN_POINT ( 'NONE',  ( -12.50000000000001066, 5.000000000000000000, 12.24673507763198543 ) ) ;
#1540 = CARTESIAN_POINT ( 'NONE',  ( 12.49999999999999822, 5.000000000000000000, -36.75326492236801812 ) ) ;
#1541 = ORIENTED_EDGE ( 'NONE', *, *, #3855, .F. ) ;
#1542 = CARTESIAN_POINT ( 'NONE',  ( -3.328427624459375789, 6.963619773624863285, 51.39651720452928885 ) ) ;
#1543 = VERTEX_POINT ( 'NONE', #6002 ) ;
#1544 = DIRECTION ( 'NONE',  ( 1.000000000000000000, 0.000000000000000000, -1.521687259628777768E-16 ) ) ;
#1545 = AXIS2_PLACEMENT_3D ( 'NONE', #1619, #669, #4529 ) ;
#1546 = CYLINDRICAL_SURFACE ( 'NONE', #3830, 2.000000000000001776 ) ;
#1547 = LINE ( 'NONE', #5455, #5980 ) ;
#1548 = ORIENTED_EDGE ( 'NONE', *, *, #771, .T. ) ;
#1549 = VERTEX_POINT ( 'NONE', #614 ) ;
#1550 = AXIS2_PLACEMENT_3D ( 'NONE', #4421, #974, #2016 ) ;
#1551 = SURFACE_STYLE_USAGE ( .BOTH. , #155 ) ;
#1552 = EDGE_CURVE ( 'NONE', #2288, #3031, #3801, .T. ) ;
#1553 = VECTOR ( 'NONE', #5768, 1000.000000000000000 ) ;
#1554 = CARTESIAN_POINT ( 'NONE',  ( -7.500000000000001776, 23.00000000000000000, -43.75326492236801812 ) ) ;
#1555 = DIRECTION ( 'NONE',  ( 1.000000000000000000, 0.000000000000000000, 0.000000000000000000 ) ) ;
#1556 = PLANE ( 'NONE',  #2519 ) ;
#1557 = LINE ( 'NONE', #2877, #1646 ) ;
#1558 = VERTEX_POINT ( 'NONE', #2470 ) ;
#1559 = DIRECTION ( 'NONE',  ( -0.000000000000000000, 1.000000000000000000, -0.000000000000000000 ) ) ;
#1560 = VERTEX_POINT ( 'NONE', #1590 ) ;
#1561 = LINE ( 'NONE', #2030, #662 ) ;
#1562 = EDGE_LOOP ( 'NONE', ( #5091, #3491, #2259, #4704 ) ) ;
#1563 = CYLINDRICAL_SURFACE ( 'NONE', #1569, 1.999999999999998224 ) ;
#1564 = EDGE_CURVE ( 'NONE', #4855, #2491, #1561, .T. ) ;
#1565 = AXIS2_PLACEMENT_3D ( 'NONE', #2994, #5446, #5885 ) ;
#1566 = SHAPE_REPRESENTATION ( 'fish holder_v3', ( #3537 ), #1307 ) ;
#1567 = CYLINDRICAL_SURFACE ( 'NONE', #5368, 0.9999999999998698819 ) ;
#1568 = CYLINDRICAL_SURFACE ( 'NONE', #5890, 1.250002480752413936 ) ;
#1569 = AXIS2_PLACEMENT_3D ( 'NONE', #3500, #143, #4538 ) ;
#1570 = ORIENTED_EDGE ( 'NONE', *, *, #5995, .F. ) ;
#1571 = CARTESIAN_POINT ( 'NONE',  ( 2.726273952367018971, 30.00000000000000000, 12.24673507763198543 ) ) ;
#1572 = ORIENTED_EDGE ( 'NONE', *, *, #1589, .T. ) ;
#1573 = LINE ( 'NONE', #1662, #1481 ) ;
#1574 = EDGE_CURVE ( 'NONE', #4296, #600, #3521, .T. ) ;
#1575 = VECTOR ( 'NONE', #5577, 1000.000000000000000 ) ;
#1576 = CYLINDRICAL_SURFACE ( 'NONE', #799, 51.50000000000000000 ) ;
#1577 = CARTESIAN_POINT ( 'NONE',  ( 7.500000000000001776, 7.000000000000000000, 0.000000000000000000 ) ) ;
#1578 = VERTEX_POINT ( 'NONE', #4023 ) ;
#1579 = ORIENTED_EDGE ( 'NONE', *, *, #5039, .T. ) ;
#1580 = AXIS2_PLACEMENT_3D ( 'NONE', #2323, #4738, #5665 ) ;
#1581 = DIRECTION ( 'NONE',  ( 0.000000000000000000, -0.000000000000000000, 1.000000000000000000 ) ) ;
#1582 = VECTOR ( 'NONE', #3271, 1000.000000000000000 ) ;
#1583 = CARTESIAN_POINT ( 'NONE',  ( 25.80202020202020918, 6.999999999999999112, 44.57023394031651264 ) ) ;
#1584 = DIRECTION ( 'NONE',  ( 1.000000000000000000, 0.000000000000000000, 0.000000000000000000 ) ) ;
#1585 = DIRECTION ( 'NONE',  ( 0.000000000000000000, -0.000000000000000000, -1.000000000000000000 ) ) ;
#1586 = DIRECTION ( 'NONE',  ( 0.9063074662638753720, 0.000000000000000000, 0.4226189496394526235 ) ) ;
#1587 = VERTEX_POINT ( 'NONE', #5498 ) ;
#1588 = ORIENTED_EDGE ( 'NONE', *, *, #3008, .T. ) ;
#1589 = EDGE_CURVE ( 'NONE', #3848, #2987, #1622, .T. ) ;
#1590 = CARTESIAN_POINT ( 'NONE',  ( 9.500000000000001776, 23.00000000000000000, -40.75326492236801812 ) ) ;
#1591 = ORIENTED_EDGE ( 'NONE', *, *, #5164, .T. ) ;
#1592 = FACE_OUTER_BOUND ( 'NONE', #1048, .T. ) ;
#1593 = ORIENTED_EDGE ( 'NONE', *, *, #2253, .F. ) ;
#1594 = EDGE_CURVE ( 'NONE', #1837, #2911, #5020, .T. ) ;
#1595 = LINE ( 'NONE', #3021, #875 ) ;
#1596 = VERTEX_POINT ( 'NONE', #2626 ) ;
#1597 = CARTESIAN_POINT ( 'NONE',  ( -9.500000000000001776, 7.000000000000000000, -40.75326492236801812 ) ) ;
#1598 = DIRECTION ( 'NONE',  ( -0.000000000000000000, 1.000000000000000000, -0.000000000000000000 ) ) ;
#1599 = CARTESIAN_POINT ( 'NONE',  ( 5.317834952035942919, 7.397507493244912524, 51.22874928997090649 ) ) ;
#1600 = ORIENTED_EDGE ( 'NONE', *, *, #6206, .T. ) ;
#1601 = EDGE_CURVE ( 'NONE', #4598, #2523, #6129, .T. ) ;
#1602 = DIRECTION ( 'NONE',  ( 0.000000000000000000, -1.000000000000000000, 0.000000000000000000 ) ) ;
#1603 = AXIS2_PLACEMENT_3D ( 'NONE', #4916, #638, #2561 ) ;
#1604 = CIRCLE ( 'NONE', #5363, 1.999999999999998224 ) ;
#1605 = FACE_OUTER_BOUND ( 'NONE', #4840, .T. ) ;
#1606 = EDGE_CURVE ( 'NONE', #706, #3619, #3213, .T. ) ;
#1607 = DIRECTION ( 'NONE',  ( 0.9063074662638748169, 0.000000000000000000, 0.4226189496394541778 ) ) ;
#1608 = ORIENTED_EDGE ( 'NONE', *, *, #2438, .F. ) ;
#1609 = ORIENTED_EDGE ( 'NONE', *, *, #3233, .F. ) ;
#1610 = EDGE_CURVE ( 'NONE', #4130, #2121, #2182, .T. ) ;
#1611 = PLANE ( 'NONE',  #6001 ) ;
#1612 = AXIS2_PLACEMENT_3D ( 'NONE', #421, #2347, #106 ) ;
#1613 = AXIS2_PLACEMENT_3D ( 'NONE', #4636, #5122, #710 ) ;
#1614 = DIRECTION ( 'NONE',  ( -1.176083712526649195E-16, 0.000000000000000000, -1.000000000000000000 ) ) ;
#1615 = EDGE_CURVE ( 'NONE', #4008, #16, #361, .T. ) ;
#1616 = DIRECTION ( 'NONE',  ( -1.764125568789973300E-16, 0.000000000000000000, 1.000000000000000000 ) ) ;
#1617 = AXIS2_PLACEMENT_3D ( 'NONE', #2848, #358, #3749 ) ;
#1618 = FACE_OUTER_BOUND ( 'NONE', #578, .T. ) ;
#1619 = CARTESIAN_POINT ( 'NONE',  ( 4.538640232357565196, 26.00000000000000000, 11.09250600829425792 ) ) ;
#1620 = AXIS2_PLACEMENT_3D ( 'NONE', #4392, #501, #4845 ) ;
#1621 = ORIENTED_EDGE ( 'NONE', *, *, #1552, .T. ) ;
#1622 = LINE ( 'NONE', #3550, #4094 ) ;
#1623 = CARTESIAN_POINT ( 'NONE',  ( -16.57720468938351033, -2.015564357861876488, 9.120155997975347262 ) ) ;
#1624 = ORIENTED_EDGE ( 'NONE', *, *, #1170, .F. ) ;
#1625 = CIRCLE ( 'NONE', #6068, 4.000000000000000000 ) ;
#1626 = CARTESIAN_POINT ( 'NONE',  ( -15.09346121785695516, 0.7500000065192584664, 9.812038312545594110 ) ) ;
#1627 = ADVANCED_FACE ( 'NONE', ( #5045 ), #6097, .F. ) ;
#1628 = DIRECTION ( 'NONE',  ( -1.000000000000000000, 0.000000000000000000, 0.000000000000000000 ) ) ;
#1629 = CARTESIAN_POINT ( 'NONE',  ( -16.98748339430512644, -2.500000000000000888, 9.999999776482585645 ) ) ;
#1630 = ORIENTED_EDGE ( 'NONE', *, *, #1822, .T. ) ;
#1631 = DIRECTION ( 'NONE',  ( 0.000000000000000000, 0.000000000000000000, -1.000000000000000000 ) ) ;
#1632 = ORIENTED_EDGE ( 'NONE', *, *, #5590, .T. ) ;
#1633 = ORIENTED_EDGE ( 'NONE', *, *, #2454, .T. ) ;
#1634 = CARTESIAN_POINT ( 'NONE',  ( 24.80000000000000071, 55.00000000000000000, 42.83935106884789690 ) ) ;
#1635 = EDGE_CURVE ( 'NONE', #5457, #2491, #2172, .T. ) ;
#1636 = DIRECTION ( 'NONE',  ( -1.521687259628778261E-16, 0.000000000000000000, -1.000000000000000000 ) ) ;
#1637 = DIRECTION ( 'NONE',  ( -1.000000000000000000, 0.000000000000000000, 0.000000000000000000 ) ) ;
#1638 = VERTEX_POINT ( 'NONE', #2278 ) ;
#1639 = EDGE_LOOP ( 'NONE', ( #5483, #3908, #3158, #5794, #511, #3022, #2826, #2103 ) ) ;
#1640 = CARTESIAN_POINT ( 'NONE',  ( -7.500000000000001776, 23.00000000000000000, 13.24673507763198721 ) ) ;
#1641 = CARTESIAN_POINT ( 'NONE',  ( -16.98748339430512644, 2.500000000000000000, 9.999999776482585645 ) ) ;
#1642 = AXIS2_PLACEMENT_3D ( 'NONE', #6055, #3096, #1189 ) ;
#1643 = DIRECTION ( 'NONE',  ( 0.000000000000000000, 0.000000000000000000, 1.000000000000000000 ) ) ;
#1644 = CARTESIAN_POINT ( 'NONE',  ( -20.80000000000000782, 6.999999999999999112, 34.42492653411373738 ) ) ;
#1645 = FACE_OUTER_BOUND ( 'NONE', #4295, .T. ) ;
#1646 = VECTOR ( 'NONE', #471, 1000.000000000000000 ) ;
#1647 = ORIENTED_EDGE ( 'NONE', *, *, #6101, .T. ) ;
#1648 = CARTESIAN_POINT ( 'NONE',  ( 21.30235802864926242, 22.63088513828455817, 34.48613822087916958 ) ) ;
#1649 = EDGE_CURVE ( 'NONE', #4055, #5968, #252, .T. ) ;
#1650 = CIRCLE ( 'NONE', #1565, 2.000000000000001776 ) ;
#1651 = CARTESIAN_POINT ( 'NONE',  ( -11.50000000000000178, 24.99999999999999645, 8.246735077631985433 ) ) ;
#1652 = EDGE_LOOP ( 'NONE', ( #313, #5616, #81, #5388 ) ) ;
#1653 = VECTOR ( 'NONE', #2429, 1000.000000000000000 ) ;
#1654 = LINE ( 'NONE', #583, #1074 ) ;
#1655 = DIRECTION ( 'NONE',  ( 1.000000000000000000, -0.000000000000000000, 1.764125568789973300E-16 ) ) ;
#1656 = LINE ( 'NONE', #3082, #603 ) ;
#1657 = DIRECTION ( 'NONE',  ( 0.000000000000000000, 0.000000000000000000, 1.000000000000000000 ) ) ;
#1658 = ORIENTED_EDGE ( 'NONE', *, *, #3732, .F. ) ;
#1659 = DIRECTION ( 'NONE',  ( 0.000000000000000000, 0.000000000000000000, -1.000000000000000000 ) ) ;
#1660 = VERTEX_POINT ( 'NONE', #700 ) ;
#1661 = ORIENTED_EDGE ( 'NONE', *, *, #1699, .T. ) ;
#1662 = CARTESIAN_POINT ( 'NONE',  ( 12.50000000000000533, 24.99999999999999645, 10.24673507763198188 ) ) ;
#1663 = ADVANCED_FACE ( 'NONE', ( #4119 ), #1161, .F. ) ;
#1664 = APPLICATION_CONTEXT ( 'automotive_design' ) ;
#1665 = CARTESIAN_POINT ( 'NONE',  ( 4.538640232357565196, 26.00000000000000000, 11.09250600829425792 ) ) ;
#1666 = DIRECTION ( 'NONE',  ( 0.000000000000000000, 0.000000000000000000, 1.000000000000000000 ) ) ;
#1667 = EDGE_LOOP ( 'NONE', ( #2981, #6151, #3935, #6059 ) ) ;
#1668 = CARTESIAN_POINT ( 'NONE',  ( 9.500000000000001776, 7.000000000000000000, -40.75326492236801812 ) ) ;
#1669 = VECTOR ( 'NONE', #2884, 1000.000000000000000 ) ;
#1670 = ADVANCED_FACE ( 'NONE', ( #1266 ), #4562, .F. ) ;
#1671 = DIRECTION ( 'NONE',  ( 0.000000000000000000, -1.000000000000000000, 0.000000000000000000 ) ) ;
#1672 = AXIS2_PLACEMENT_3D ( 'NONE', #4651, #2773, #1769 ) ;
#1673 = CARTESIAN_POINT ( 'NONE',  ( 7.500000000000001776, 24.99999999999999645, 13.24673507763198543 ) ) ;
#1674 = AXIS2_PLACEMENT_3D ( 'NONE', #2163, #657, #3118 ) ;
#1675 = DIRECTION ( 'NONE',  ( 0.000000000000000000, 0.000000000000000000, -1.000000000000000000 ) ) ;
#1676 = CARTESIAN_POINT ( 'NONE',  ( 7.500000000000001776, 5.000000000000000000, 10.24673507763198188 ) ) ;
#1677 = FACE_OUTER_BOUND ( 'NONE', #4552, .T. ) ;
#1678 = EDGE_LOOP ( 'NONE', ( #4435, #5649, #4210, #2291 ) ) ;
#1679 = ADVANCED_FACE ( 'NONE', ( #6061 ), #5185, .T. ) ;
#1680 = EDGE_LOOP ( 'NONE', ( #1999, #88, #251, #3313 ) ) ;
#1681 = CIRCLE ( 'NONE', #1787, 0.9999999999998698819 ) ;
#1682 = CIRCLE ( 'NONE', #5536, 2.000000000000007105 ) ;
#1683 = EDGE_CURVE ( 'NONE', #919, #4731, #1715, .T. ) ;
#1684 = CARTESIAN_POINT ( 'NONE',  ( -14.50000000000001066, 7.000000000000006217, 12.24673507763198543 ) ) ;
#1685 = ORIENTED_EDGE ( 'NONE', *, *, #3400, .T. ) ;
#1686 = CARTESIAN_POINT ( 'NONE',  ( 20.80000000000000782, 6.999999999999999112, 36.42492653411373738 ) ) ;
#1687 = ORIENTED_EDGE ( 'NONE', *, *, #2019, .T. ) ;
#1688 = CARTESIAN_POINT ( 'NONE',  ( 21.54998984864248257, 29.19315444690929695, 34.57059863254790599 ) ) ;
#1689 = DIRECTION ( 'NONE',  ( 0.000000000000000000, 1.000000000000000000, 0.000000000000000000 ) ) ;
#1690 = FACE_OUTER_BOUND ( 'NONE', #1861, .T. ) ;
#1691 = ORIENTED_EDGE ( 'NONE', *, *, #4101, .F. ) ;
#1692 = LINE ( 'NONE', #2229, #4137 ) ;
#1693 = ORIENTED_EDGE ( 'NONE', *, *, #126, .F. ) ;
#1694 = ORIENTED_EDGE ( 'NONE', *, *, #207, .F. ) ;
#1695 = ORIENTED_EDGE ( 'NONE', *, *, #3655, .T. ) ;
#1696 = CYLINDRICAL_SURFACE ( 'NONE', #2177, 2.000000000000001776 ) ;
#1697 = CARTESIAN_POINT ( 'NONE',  ( -16.99982397258281708, 2.500000000000000000, 9.999999776482582092 ) ) ;
#1698 = EDGE_CURVE ( 'NONE', #4896, #472, #5586, .T. ) ;
#1699 = EDGE_CURVE ( 'NONE', #4993, #3136, #269, .T. ) ;
#1700 = LINE ( 'NONE', #717, #4153 ) ;
#1701 = EDGE_LOOP ( 'NONE', ( #422, #3952, #5800, #6250 ) ) ;
#1702 = AXIS2_PLACEMENT_3D ( 'NONE', #3571, #2494, #692 ) ;
#1703 = VERTEX_POINT ( 'NONE', #796 ) ;
#1704 = CARTESIAN_POINT ( 'NONE',  ( -10.29999977648320098, 26.00000000000000000, 2.510667100132145002 ) ) ;
#1705 = ORIENTED_EDGE ( 'NONE', *, *, #2919, .T. ) ;
#1706 = CARTESIAN_POINT ( 'NONE',  ( 6.613092715395707467E-15, 55.00000000000000000, 54.00000000000000000 ) ) ;
#1707 = AXIS2_PLACEMENT_3D ( 'NONE', #964, #5232, #2353 ) ;
#1708 = CARTESIAN_POINT ( 'NONE',  ( 11.50000000000000178, 23.00000000000000000, 10.24673507763198188 ) ) ;
#1709 = EDGE_CURVE ( 'NONE', #5961, #5403, #2722, .T. ) ;
#1710 = DIRECTION ( 'NONE',  ( 0.000000000000000000, 0.000000000000000000, -1.000000000000000000 ) ) ;
#1711 = DIRECTION ( 'NONE',  ( 0.000000000000000000, -1.000000000000000000, 0.000000000000000000 ) ) ;
#1712 = DIRECTION ( 'NONE',  ( -1.000000000000000000, 0.000000000000000000, 0.000000000000000000 ) ) ;
#1713 = ORIENTED_EDGE ( 'NONE', *, *, #2066, .T. ) ;
#1714 = TOROIDAL_SURFACE ( 'NONE', #4547, 4.000000000000000000, 2.000000000000000000 ) ;
#1715 = LINE ( 'NONE', #5114, #3584 ) ;
#1716 = EDGE_CURVE ( 'NONE', #3772, #4394, #4186, .T. ) ;
#1717 = DIRECTION ( 'NONE',  ( -1.000000000000000000, 0.000000000000000000, 0.000000000000000000 ) ) ;
#1718 = ORIENTED_EDGE ( 'NONE', *, *, #2834, .F. ) ;
#1719 = CARTESIAN_POINT ( 'NONE',  ( 19.80000000000001137, 27.00000000000000355, 48.42492653411373738 ) ) ;
#1720 = VECTOR ( 'NONE', #4909, 1000.000000000000000 ) ;
#1721 = DIRECTION ( 'NONE',  ( 1.000000000000000000, -2.400836355802182246E-16, -1.745647977045123323E-15 ) ) ;
#1722 = CIRCLE ( 'NONE', #2719, 51.50000000000000000 ) ;
#1723 = LINE ( 'NONE', #6138, #704 ) ;
#1724 = CARTESIAN_POINT ( 'NONE',  ( -8.063931798983126953, 26.00000000000000000, -35.85326402829834791 ) ) ;
#1725 = ORIENTED_EDGE ( 'NONE', *, *, #3766, .T. ) ;
#1726 = DIRECTION ( 'NONE',  ( -1.000000000000000000, -0.000000000000000000, 1.176083712526649195E-16 ) ) ;
#1727 = ORIENTED_EDGE ( 'NONE', *, *, #3173, .T. ) ;
#1728 = LINE ( 'NONE', #3621, #1970 ) ;
#1729 = ADVANCED_FACE ( 'NONE', ( #833 ), #3294, .T. ) ;
#1730 = LINE ( 'NONE', #876, #2322 ) ;
#1731 = LINE ( 'NONE', #4206, #5163 ) ;
#1732 = DIRECTION ( 'NONE',  ( -1.000000000000000000, 0.000000000000000000, 1.176083712526649195E-16 ) ) ;
#1733 = ORIENTED_EDGE ( 'NONE', *, *, #4539, .T. ) ;
#1734 = VERTEX_POINT ( 'NONE', #6161 ) ;
#1735 = CARTESIAN_POINT ( 'NONE',  ( 8.063931798982459043, 30.00000000000000000, -35.85326402829817027 ) ) ;
#1736 = ORIENTED_EDGE ( 'NONE', *, *, #2136, .T. ) ;
#1737 = VECTOR ( 'NONE', #5458, 1000.000000000000000 ) ;
#1738 = CARTESIAN_POINT ( 'NONE',  ( -10.29999977648320098, 26.00000000000000000, 2.510667100132145002 ) ) ;
#1739 = CARTESIAN_POINT ( 'NONE',  ( 16.50000000000000000, 7.000000000000000000, -40.75326492236801812 ) ) ;
#1740 = FACE_OUTER_BOUND ( 'NONE', #5922, .T. ) ;
#1741 = DIRECTION ( 'NONE',  ( -0.000000000000000000, -1.000000000000000000, -0.000000000000000000 ) ) ;
#1742 = ORIENTED_EDGE ( 'NONE', *, *, #4859, .T. ) ;
#1743 = CARTESIAN_POINT ( 'NONE',  ( 11.50000000000000178, 23.00000000000000000, 15.24673507763198366 ) ) ;
#1744 = DIRECTION ( 'NONE',  ( 0.000000000000000000, 1.000000000000000000, 0.000000000000000000 ) ) ;
#1745 = ORIENTED_EDGE ( 'NONE', *, *, #5877, .T. ) ;
#1746 = EDGE_CURVE ( 'NONE', #2905, #4348, #4331, .T. ) ;
#1747 = VECTOR ( 'NONE', #667, 1000.000000000000114 ) ;
#1748 = DIRECTION ( 'NONE',  ( -1.745647977045123323E-15, 0.000000000000000000, -1.000000000000000000 ) ) ;
#1749 = ORIENTED_EDGE ( 'NONE', *, *, #2998, .T. ) ;
#1750 = CARTESIAN_POINT ( 'NONE',  ( -16.50000000000001066, 5.000000000000000000, 13.24673507763199076 ) ) ;
#1751 = EDGE_CURVE ( 'NONE', #3974, #5330, #175, .T. ) ;
#1752 = DIRECTION ( 'NONE',  ( 0.000000000000000000, 0.000000000000000000, 1.000000000000000000 ) ) ;
#1753 = VECTOR ( 'NONE', #1983, 1000.000000000000000 ) ;
#1754 = CARTESIAN_POINT ( 'NONE',  ( 1.250000000000000444, 48.30000000000001847, 78.92492653411373738 ) ) ;
#1755 = PRODUCT_DEFINITION_SHAPE ( 'NONE', 'NONE',  #3589 ) ;
#1756 = DIRECTION ( 'NONE',  ( 0.9063074662638757051, 0.000000000000000000, 0.4226189496394522904 ) ) ;
#1757 = ORIENTED_EDGE ( 'NONE', *, *, #3226, .F. ) ;
#1758 = DIRECTION ( 'NONE',  ( 1.000000000000000000, 0.000000000000000000, 0.000000000000000000 ) ) ;
#1759 = ORIENTED_EDGE ( 'NONE', *, *, #3368, .F. ) ;
#1760 = ORIENTED_EDGE ( 'NONE', *, *, #4800, .T. ) ;
#1761 = CARTESIAN_POINT ( 'NONE',  ( -14.69037735642265119, 7.749999873340129852, 9.999999776482582092 ) ) ;
#1762 = ORIENTED_EDGE ( 'NONE', *, *, #5942, .T. ) ;
#1763 = CARTESIAN_POINT ( 'NONE',  ( 8.051181095173015834, 6.738269673971928775, 34.42492653407385461 ) ) ;
#1764 = CARTESIAN_POINT ( 'NONE',  ( 14.50000000000000000, 7.000000000000006217, -40.75326492236801812 ) ) ;
#1765 = CARTESIAN_POINT ( 'NONE',  ( -7.500000000000001776, 7.000000000000000000, 12.24673507763198543 ) ) ;
#1766 = ORIENTED_EDGE ( 'NONE', *, *, #2746, .T. ) ;
#1767 = ADVANCED_FACE ( 'NONE', ( #5710 ), #2427, .T. ) ;
#1768 = VERTEX_POINT ( 'NONE', #5685 ) ;
#1769 = DIRECTION ( 'NONE',  ( 1.000000000000000000, 0.000000000000000000, 0.000000000000000000 ) ) ;
#1770 = CARTESIAN_POINT ( 'NONE',  ( 24.80000000000000782, 5.000000000000000000, 46.17802507686961633 ) ) ;
#1771 = CARTESIAN_POINT ( 'NONE',  ( 0.000000000000000000, 48.30000000000001847, 78.92492653411373738 ) ) ;
#1772 = CYLINDRICAL_SURFACE ( 'NONE', #6078, 2.000000000000000000 ) ;
#1773 = CARTESIAN_POINT ( 'NONE',  ( -1.250000000000000444, 48.13481265919136831, 51.48482786219646101 ) ) ;
#1774 = ORIENTED_EDGE ( 'NONE', *, *, #5544, .F. ) ;
#1775 = ORIENTED_EDGE ( 'NONE', *, *, #3796, .T. ) ;
#1776 = AXIS2_PLACEMENT_3D ( 'NONE', #543, #2536, #577 ) ;
#1777 = AXIS2_PLACEMENT_3D ( 'NONE', #5183, #4662, #2245 ) ;
#1778 = CARTESIAN_POINT ( 'NONE',  ( 21.62287565553232582, 27.00000000000000355, 34.60205087858144424 ) ) ;
#1779 = PRODUCT_DEFINITION_CONTEXT ( 'detailed design', #45, 'design' ) ;
#1780 = AXIS2_PLACEMENT_3D ( 'NONE', #5354, #2838, #5389 ) ;
#1781 = CARTESIAN_POINT ( 'NONE',  ( 11.50000000000000178, 23.00000000000000000, 12.24673507763198188 ) ) ;
#1782 = EDGE_CURVE ( 'NONE', #860, #1660, #6223, .T. ) ;
#1783 = DIRECTION ( 'NONE',  ( -0.000000000000000000, -1.000000000000000000, -0.000000000000000000 ) ) ;
#1784 = EDGE_LOOP ( 'NONE', ( #4432, #4123, #701, #6272 ) ) ;
#1785 = VECTOR ( 'NONE', #6048, 1000.000000000000000 ) ;
#1786 = CARTESIAN_POINT ( 'NONE',  ( -8.063931798983098531, 30.00000000000000000, -37.85326402829834080 ) ) ;
#1787 = AXIS2_PLACEMENT_3D ( 'NONE', #5025, #4478, #3943 ) ;
#1788 = DIRECTION ( 'NONE',  ( 1.000000000000000000, 0.000000000000000000, 0.000000000000000000 ) ) ;
#1789 = ORIENTED_EDGE ( 'NONE', *, *, #1936, .T. ) ;
#1790 = ORIENTED_EDGE ( 'NONE', *, *, #246, .T. ) ;
#1791 = ORIENTED_EDGE ( 'NONE', *, *, #5471, .T. ) ;
#1792 = LINE ( 'NONE', #1249, #165 ) ;
#1793 = ORIENTED_EDGE ( 'NONE', *, *, #802, .F. ) ;
#1794 = CARTESIAN_POINT ( 'NONE',  ( 5.999391392776351140, 4.999999999999999112, 33.84972496819998611 ) ) ;
#1795 = CARTESIAN_POINT ( 'NONE',  ( 7.500000000000001776, 23.00000000000000000, 15.24673507763198188 ) ) ;
#1796 = EDGE_CURVE ( 'NONE', #1938, #5071, #3267, .T. ) ;
#1797 = DIRECTION ( 'NONE',  ( 0.000000000000000000, -1.000000000000000000, 0.000000000000000000 ) ) ;
#1798 = EDGE_LOOP ( 'NONE', ( #6, #430, #3910, #3420 ) ) ;
#1799 = VERTEX_POINT ( 'NONE', #5216 ) ;
#1800 = DIRECTION ( 'NONE',  ( -0.4226189496394526790, -0.000000000000000000, 0.9063074662638754830 ) ) ;
#1801 = CARTESIAN_POINT ( 'NONE',  ( 11.50000000000000178, 23.00000000000000000, -43.75326492236801812 ) ) ;
#1802 = CARTESIAN_POINT ( 'NONE',  ( -10.29999977648274267, 30.00000000000000000, 5.746735077631762501 ) ) ;
#1803 = DIRECTION ( 'NONE',  ( 1.000000000000000000, 0.000000000000000000, 0.000000000000000000 ) ) ;
#1804 = DIRECTION ( 'NONE',  ( -0.4226189496394526790, -0.000000000000000000, 0.9063074662638754830 ) ) ;
#1805 = ORIENTED_EDGE ( 'NONE', *, *, #5194, .T. ) ;
#1806 = CARTESIAN_POINT ( 'NONE',  ( -12.01375201344490051, 0.5823428509756922722, 11.24813314527273356 ) ) ;
#1807 = AXIS2_PLACEMENT_3D ( 'NONE', #1326, #1483, #3859 ) ;
#1808 = EDGE_CURVE ( 'NONE', #4283, #3764, #2292, .T. ) ;
#1809 = LINE ( 'NONE', #257, #5006 ) ;
#1810 = LINE ( 'NONE', #389, #4291 ) ;
#1811 = DIRECTION ( 'NONE',  ( -0.000000000000000000, 1.000000000000000000, -0.000000000000000000 ) ) ;
#1812 = TOROIDAL_SURFACE ( 'NONE', #4246, 4.000000000000000000, 2.000000000000000000 ) ;
#1813 = AXIS2_PLACEMENT_3D ( 'NONE', #2099, #2480, #1628 ) ;
#1814 = EDGE_CURVE ( 'NONE', #3672, #192, #916, .T. ) ;
#1815 = CARTESIAN_POINT ( 'NONE',  ( -14.50000000000001066, 24.99999999999999645, -38.75326492236801812 ) ) ;
#1816 = CARTESIAN_POINT ( 'NONE',  ( 1.250000000006519452, 48.29999999999935767, 53.98553046882084772 ) ) ;
#1817 = CARTESIAN_POINT ( 'NONE',  ( -0.9987238953686349285, 49.06920636624302290, 51.49044462155220714 ) ) ;
#1818 = ORIENTED_EDGE ( 'NONE', *, *, #961, .F. ) ;
#1819 = TOROIDAL_SURFACE ( 'NONE', #5978, 4.000000000000000000, 2.000000000000000000 ) ;
#1820 = FACE_OUTER_BOUND ( 'NONE', #2513, .T. ) ;
#1821 = ORIENTED_EDGE ( 'NONE', *, *, #2289, .F. ) ;
#1822 = EDGE_CURVE ( 'NONE', #6110, #2492, #6194, .T. ) ;
#1823 = AXIS2_PLACEMENT_3D ( 'NONE', #4272, #2393, #2843 ) ;
#1824 = CIRCLE ( 'NONE', #5571, 1.000000000000000888 ) ;
#1825 = CARTESIAN_POINT ( 'NONE',  ( 8.847564458826717108E-05, 7.749999873340129852, 2.999999999999998668 ) ) ;
#1826 = CARTESIAN_POINT ( 'NONE',  ( -3.051582509220246486E-13, 26.00000000000000000, -40.30326402829823706 ) ) ;
#1827 = FACE_OUTER_BOUND ( 'NONE', #3594, .T. ) ;
#1828 = ORIENTED_EDGE ( 'NONE', *, *, #3450, .T. ) ;
#1829 = VERTEX_POINT ( 'NONE', #5304 ) ;
#1830 = CARTESIAN_POINT ( 'NONE',  ( 20.30000000000000782, 55.00000000000000000, 36.92492653411373738 ) ) ;
#1831 = EDGE_CURVE ( 'NONE', #5449, #4015, #2796, .T. ) ;
#1832 = CIRCLE ( 'NONE', #5390, 4.000000000000000000 ) ;
#1833 = CARTESIAN_POINT ( 'NONE',  ( 12.29999977648216358, 30.00000000000000000, 2.510667100131867446 ) ) ;
#1834 = CARTESIAN_POINT ( 'NONE',  ( 10.29999977648260590, 26.00000000000000000, 4.746735077632068034 ) ) ;
#1835 = DIRECTION ( 'NONE',  ( -1.764125568789973300E-16, 0.000000000000000000, 1.000000000000000000 ) ) ;
#1836 = DIRECTION ( 'NONE',  ( -0.000000000000000000, -0.000000000000000000, 1.000000000000000000 ) ) ;
#1837 = VERTEX_POINT ( 'NONE', #438 ) ;
#1838 = DIRECTION ( 'NONE',  ( -0.8754257427331196828, -0.2588192324231137764, -0.4082185369236382422 ) ) ;
#1839 = ORIENTED_EDGE ( 'NONE', *, *, #1375, .F. ) ;
#1840 = CARTESIAN_POINT ( 'NONE',  ( -1.250000000000000444, 48.30000000000001847, 51.48482786219646101 ) ) ;
#1841 = LINE ( 'NONE', #2914, #5719 ) ;
#1842 = ADVANCED_FACE ( 'NONE', ( #2873 ), #384, .F. ) ;
#1843 = FACE_OUTER_BOUND ( 'NONE', #5094, .T. ) ;
#1844 = DIRECTION ( 'NONE',  ( 0.000000000000000000, 0.000000000000000000, -1.000000000000000000 ) ) ;
#1845 = CARTESIAN_POINT ( 'NONE',  ( -20.80000000000000071, 33.52686754883238507, 34.42492653411373738 ) ) ;
#1846 = ORIENTED_EDGE ( 'NONE', *, *, #3067, .T. ) ;
#1847 = CARTESIAN_POINT ( 'NONE',  ( -14.50000000000000000, 120.7419196555744350, -43.75326492236801812 ) ) ;
#1848 = ORIENTED_EDGE ( 'NONE', *, *, #5271, .T. ) ;
#1849 = VECTOR ( 'NONE', #1717, 1000.000000000000000 ) ;
#1850 = CARTESIAN_POINT ( 'NONE',  ( -1.846036331230948457, 4.999999999999841016, 33.95594137193995721 ) ) ;
#1851 = CARTESIAN_POINT ( 'NONE',  ( -14.99999966472387491, 0.7651097734756211466, 9.904562813570555235 ) ) ;
#1852 = PLANE ( 'NONE',  #3834 ) ;
#1853 = VERTEX_POINT ( 'NONE', #2337 ) ;
#1854 = ORIENTED_EDGE ( 'NONE', *, *, #5039, .F. ) ;
#1855 = LINE ( 'NONE', #3793, #5427 ) ;
#1856 = VECTOR ( 'NONE', #3352, 1000.000000000000000 ) ;
#1857 = DIRECTION ( 'NONE',  ( 1.764125568789973300E-16, -0.000000000000000000, -1.000000000000000000 ) ) ;
#1858 = DIRECTION ( 'NONE',  ( -1.000000000000000000, 0.000000000000000000, 0.000000000000000000 ) ) ;
#1859 = DIRECTION ( 'NONE',  ( -1.521687259628778261E-16, 0.000000000000000000, -1.000000000000000000 ) ) ;
#1860 = VERTEX_POINT ( 'NONE', #467 ) ;
#1861 = EDGE_LOOP ( 'NONE', ( #519, #4386, #1705, #6127 ) ) ;
#1862 = EDGE_CURVE ( 'NONE', #1413, #5234, #1384, .T. ) ;
#1863 = DIRECTION ( 'NONE',  ( 0.000000000000000000, 1.000000000000000000, 0.000000000000000000 ) ) ;
#1864 = CARTESIAN_POINT ( 'NONE',  ( 14.69055430771182813, -7.749999873340129852, 9.999999776482582092 ) ) ;
#1865 = DIRECTION ( 'NONE',  ( -0.000000000000000000, -0.000000000000000000, 1.000000000000000000 ) ) ;
#1866 = EDGE_CURVE ( 'NONE', #5059, #299, #480, .T. ) ;
#1867 = DIRECTION ( 'NONE',  ( -0.000000000000000000, 1.000000000000000000, -0.000000000000000000 ) ) ;
#1868 = CARTESIAN_POINT ( 'NONE',  ( 8.418828923307865253, 26.00000000000000000, 4.778474924312426708 ) ) ;
#1869 = AXIS2_PLACEMENT_3D ( 'NONE', #4685, #2298, #4238 ) ;
#1870 = EDGE_CURVE ( 'NONE', #1829, #2027, #825, .T. ) ;
#1871 = ADVANCED_FACE ( 'NONE', ( #5739 ), #3864, .F. ) ;
#1872 = DIRECTION ( 'NONE',  ( 0.000000000000000000, 0.000000000000000000, 1.000000000000000000 ) ) ;
#1873 = ORIENTED_EDGE ( 'NONE', *, *, #3226, .T. ) ;
#1874 = CARTESIAN_POINT ( 'NONE',  ( 9.500000000000001776, 7.000000000000000000, -38.75326492236801812 ) ) ;
#1875 = EDGE_LOOP ( 'NONE', ( #1461, #4648, #5815, #629 ) ) ;
#1876 = VECTOR ( 'NONE', #4090, 1000.000000000000000 ) ;
#1877 = EDGE_CURVE ( 'NONE', #5919, #1938, #5801, .T. ) ;
#1878 = CARTESIAN_POINT ( 'NONE',  ( -7.206157308040785914, 5.000000000000000000, 32.49581451908485263 ) ) ;
#1879 = CARTESIAN_POINT ( 'NONE',  ( -1.092047884918378786, 48.92961235865356429, 53.98899264558903610 ) ) ;
#1880 = DIRECTION ( 'NONE',  ( 0.9717565120163558223, -0.2359857651507949183, 0.000000000000000000 ) ) ;
#1881 = ORIENTED_EDGE ( 'NONE', *, *, #2175, .F. ) ;
#1882 = VERTEX_POINT ( 'NONE', #4299 ) ;
#1883 = FACE_OUTER_BOUND ( 'NONE', #4804, .T. ) ;
#1884 = VECTOR ( 'NONE', #5651, 1000.000000000000000 ) ;
#1885 = CARTESIAN_POINT ( 'NONE',  ( 14.50000000000000711, 7.000000000000006217, 13.24673507763198721 ) ) ;
#1886 = CARTESIAN_POINT ( 'NONE',  ( -16.98748339430512644, 0.7500000065192580223, 9.999999776482585645 ) ) ;
#1887 = CARTESIAN_POINT ( 'NONE',  ( -16.50000000000000000, 5.000000000000000000, -43.75326492236801812 ) ) ;
#1888 = ORIENTED_EDGE ( 'NONE', *, *, #4454, .F. ) ;
#1889 = ORIENTED_EDGE ( 'NONE', *, *, #306, .F. ) ;
#1890 = DIRECTION ( 'NONE',  ( -0.000000000000000000, -1.000000000000000000, 0.000000000000000000 ) ) ;
#1891 = CARTESIAN_POINT ( 'NONE',  ( 14.69055430771182991, 7.749999873340129852, 9.999999776482582092 ) ) ;
#1892 = FACE_OUTER_BOUND ( 'NONE', #5314, .T. ) ;
#1893 = ORIENTED_EDGE ( 'NONE', *, *, #1258, .F. ) ;
#1894 = ORIENTED_EDGE ( 'NONE', *, *, #5454, .F. ) ;
#1895 = FACE_OUTER_BOUND ( 'NONE', #5496, .T. ) ;
#1896 = VECTOR ( 'NONE', #1002, 1000.000000000000000 ) ;
#1897 = CYLINDRICAL_SURFACE ( 'NONE', #1468, 1.999999999999994893 ) ;
#1898 = UNCERTAINTY_MEASURE_WITH_UNIT (LENGTH_MEASURE( 1.000000000000000082E-05 ), #5051, 'distance_accuracy_value', 'NONE');
#1899 = ADVANCED_FACE ( 'NONE', ( #5331 ), #1611, .F. ) ;
#1900 = CIRCLE ( 'NONE', #3323, 2.000000000000001776 ) ;
#1901 = CARTESIAN_POINT ( 'NONE',  ( 12.49999999999999822, 5.000000000000000000, -40.75326492236801812 ) ) ;
#1902 = CARTESIAN_POINT ( 'NONE',  ( 1.092754638781277432, 48.92840514466105617, 51.48844302088200209 ) ) ;
#1903 = VERTEX_POINT ( 'NONE', #2048 ) ;
#1904 = CARTESIAN_POINT ( 'NONE',  ( -2.726273952367158415, 26.00000000000000000, 12.24673507763199254 ) ) ;
#1905 = ORIENTED_EDGE ( 'NONE', *, *, #5552, .T. ) ;
#1906 = VECTOR ( 'NONE', #3471, 1000.000000000000000 ) ;
#1907 = CARTESIAN_POINT ( 'NONE',  ( 5.267892706805302971, 5.000000000000000000, 33.82627115524782369 ) ) ;
#1908 = AXIS2_PLACEMENT_3D ( 'NONE', #791, #2715, #4656 ) ;
#1909 = DIRECTION ( 'NONE',  ( 0.000000000000000000, 0.000000000000000000, -1.000000000000000000 ) ) ;
#1910 = CARTESIAN_POINT ( 'NONE',  ( 12.50000000000000533, 6.999999999999999112, 12.24673507763198188 ) ) ;
#1911 = ORIENTED_EDGE ( 'NONE', *, *, #5131, .F. ) ;
#1912 = ORIENTED_EDGE ( 'NONE', *, *, #853, .T. ) ;
#1913 = VECTOR ( 'NONE', #3437, 1000.000000000000000 ) ;
#1914 = CARTESIAN_POINT ( 'NONE',  ( 9.500000000000001776, 7.000000000000000000, 12.24673507763198188 ) ) ;
#1915 = EDGE_CURVE ( 'NONE', #1860, #2599, #222, .T. ) ;
#1916 = AXIS2_PLACEMENT_3D ( 'NONE', #5350, #14, #935 ) ;
#1917 = CARTESIAN_POINT ( 'NONE',  ( -8.674099376880665346, 5.000000000000000000, 32.42492653411373027 ) ) ;
#1918 = DIRECTION ( 'NONE',  ( -0.000000000000000000, 1.000000000000000000, -0.000000000000000000 ) ) ;
#1919 = DIRECTION ( 'NONE',  ( -0.000000000000000000, 1.000000000000000000, -0.000000000000000000 ) ) ;
#1920 = AXIS2_PLACEMENT_3D ( 'NONE', #5783, #4796, #2794 ) ;
#1921 = ORIENTED_EDGE ( 'NONE', *, *, #2906, .F. ) ;
#1922 = DIRECTION ( 'NONE',  ( 0.000000000000000000, 0.000000000000000000, -1.000000000000000000 ) ) ;
#1923 = FACE_OUTER_BOUND ( 'NONE', #2444, .T. ) ;
#1924 = PLANE ( 'NONE',  #6277 ) ;
#1925 = FACE_OUTER_BOUND ( 'NONE', #2707, .T. ) ;
#1926 = ORIENTED_EDGE ( 'NONE', *, *, #1085, .F. ) ;
#1927 = CARTESIAN_POINT ( 'NONE',  ( 9.500000000000001776, 24.99999999999999645, -40.75326492236801812 ) ) ;
#1928 = VERTEX_POINT ( 'NONE', #89 ) ;
#1929 = AXIS2_PLACEMENT_3D ( 'NONE', #2632, #2160, #3114 ) ;
#1930 = ADVANCED_FACE ( 'NONE', ( #2973 ), #3542, .T. ) ;
#1931 = FACE_OUTER_BOUND ( 'NONE', #3039, .T. ) ;
#1932 = MECHANICAL_DESIGN_GEOMETRIC_PRESENTATION_REPRESENTATION (  '', ( #3865 ), #5200 ) ;
#1933 = CIRCLE ( 'NONE', #5497, 1.249999999999987121 ) ;
#1934 = CARTESIAN_POINT ( 'NONE',  ( -21.09434971481049104, 32.45416769207056973, 34.44386067002080409 ) ) ;
#1935 = VERTEX_POINT ( 'NONE', #1132 ) ;
#1936 = EDGE_CURVE ( 'NONE', #6203, #1397, #4169, .T. ) ;
#1937 = DIRECTION ( 'NONE',  ( -0.000000000000000000, -1.000000000000000000, -0.000000000000000000 ) ) ;
#1938 = VERTEX_POINT ( 'NONE', #4395 ) ;
#1939 = CARTESIAN_POINT ( 'NONE',  ( -0.7065334810244298103, 4.999999999999842792, 34.00467580693604930 ) ) ;
#1940 = ADVANCED_FACE ( 'NONE', ( #1985 ), #3068, .T. ) ;
#1941 = FACE_OUTER_BOUND ( 'NONE', #1289, .T. ) ;
#1942 = DIRECTION ( 'NONE',  ( -0.4226189496394526790, -0.000000000000000000, 0.9063074662638754830 ) ) ;
#1943 = DIRECTION ( 'NONE',  ( 0.000000000000000000, -1.000000000000000000, 0.000000000000000000 ) ) ;
#1944 = ORIENTED_EDGE ( 'NONE', *, *, #3508, .T. ) ;
#1945 = ORIENTED_EDGE ( 'NONE', *, *, #4459, .T. ) ;
#1946 = CYLINDRICAL_SURFACE ( 'NONE', #769, 2.000000000000192735 ) ;
#1947 = DIRECTION ( 'NONE',  ( 0.000000000000000000, 0.000000000000000000, 1.000000000000000000 ) ) ;
#1948 = EDGE_CURVE ( 'NONE', #414, #3705, #533, .T. ) ;
#1949 = CARTESIAN_POINT ( 'NONE',  ( 9.500000000000001776, 7.000000000000000000, -41.75326492236801101 ) ) ;
#1950 = DIRECTION ( 'NONE',  ( -0.000000000000000000, 1.000000000000000000, -0.000000000000000000 ) ) ;
#1951 = CIRCLE ( 'NONE', #2255, 51.50000000000000000 ) ;
#1952 = ORIENTED_EDGE ( 'NONE', *, *, #1003, .T. ) ;
#1953 = EDGE_LOOP ( 'NONE', ( #3203, #1007, #5833, #2188 ) ) ;
#1954 = CARTESIAN_POINT ( 'NONE',  ( 0.3268359256760433040, 47.08242309065262532, 53.99922288236456325 ) ) ;
#1955 = CARTESIAN_POINT ( 'NONE',  ( 22.80000000000000782, 55.00000000000000000, 42.83935106884789690 ) ) ;
#1956 = CARTESIAN_POINT ( 'NONE',  ( 1.250000000000140332, 48.46321632423688897, 53.98553046882097561 ) ) ;
#1957 = CARTESIAN_POINT ( 'NONE',  ( 11.50000000000000178, 5.000000000000000000, -40.75326492236801812 ) ) ;
#1958 = ORIENTED_EDGE ( 'NONE', *, *, #2834, .T. ) ;
#1959 = ORIENTED_EDGE ( 'NONE', *, *, #4588, .F. ) ;
#1960 = LINE ( 'NONE', #5905, #4710 ) ;
#1961 = ORIENTED_EDGE ( 'NONE', *, *, #853, .F. ) ;
#1962 = PLANE ( 'NONE',  #1264 ) ;
#1963 = VECTOR ( 'NONE', #921, 1000.000000000000000 ) ;
#1964 = EDGE_CURVE ( 'NONE', #2940, #3136, #2493, .T. ) ;
#1965 = DIRECTION ( 'NONE',  ( -0.000000000000000000, -1.000000000000000000, -0.000000000000000000 ) ) ;
#1966 = ORIENTED_EDGE ( 'NONE', *, *, #3732, .T. ) ;
#1967 = AXIS2_PLACEMENT_3D ( 'NONE', #5138, #787, #5642 ) ;
#1968 = LINE ( 'NONE', #1904, #4308 ) ;
#1969 = ORIENTED_EDGE ( 'NONE', *, *, #5892, .T. ) ;
#1970 = VECTOR ( 'NONE', #3153, 1000.000000000000000 ) ;
#1971 = FACE_OUTER_BOUND ( 'NONE', #6274, .T. ) ;
#1972 = DIRECTION ( 'NONE',  ( 0.000000000000000000, 0.000000000000000000, 1.000000000000000000 ) ) ;
#1973 = DIRECTION ( 'NONE',  ( 0.000000000000000000, 1.000000000000000000, 0.000000000000000000 ) ) ;
#1974 = CARTESIAN_POINT ( 'NONE',  ( -12.88917772438003517, -0.3235236279549968952, 10.83991462317676735 ) ) ;
#1975 = CARTESIAN_POINT ( 'NONE',  ( -14.50000000000001066, 26.99999999999999645, 15.24673507763199076 ) ) ;
#1976 = ORIENTED_EDGE ( 'NONE', *, *, #2066, .F. ) ;
#1977 = EDGE_LOOP ( 'NONE', ( #794, #4839, #3744, #72, #3252, #2923, #1534, #1281 ) ) ;
#1978 = FACE_OUTER_BOUND ( 'NONE', #626, .T. ) ;
#1979 = AXIS2_PLACEMENT_3D ( 'NONE', #4027, #3080, #2096 ) ;
#1980 = EDGE_CURVE ( 'NONE', #3431, #2267, #729, .T. ) ;
#1981 = DIRECTION ( 'NONE',  ( 0.000000000000000000, 0.000000000000000000, 1.000000000000000000 ) ) ;
#1982 = DIRECTION ( 'NONE',  ( -0.4226189496394526235, 0.000000000000000000, 0.9063074662638754830 ) ) ;
#1983 = DIRECTION ( 'NONE',  ( -0.000000000000000000, 1.000000000000000000, -0.000000000000000000 ) ) ;
#1984 = ORIENTED_EDGE ( 'NONE', *, *, #1980, .T. ) ;
#1985 = FACE_OUTER_BOUND ( 'NONE', #4145, .T. ) ;
#1986 = CARTESIAN_POINT ( 'NONE',  ( -4.467099079768596450E-16, 27.00000000000000000, 34.42492653411373738 ) ) ;
#1987 = CARTESIAN_POINT ( 'NONE',  ( 1.217226402859129974, 48.62770963599253804, 53.98631535016557592 ) ) ;
#1988 = DIRECTION ( 'NONE',  ( 0.000000000000000000, 0.000000000000000000, -1.000000000000000000 ) ) ;
#1989 = EDGE_LOOP ( 'NONE', ( #3447, #6066, #301, #2392, #3231, #3361 ) ) ;
#1990 = VERTEX_POINT ( 'NONE', #4425 ) ;
#1991 = LINE ( 'NONE', #3936, #256 ) ;
#1992 = VERTEX_POINT ( 'NONE', #1105 ) ;
#1993 = DIRECTION ( 'NONE',  ( 1.000000000000000000, -0.000000000000000000, 1.764125568789973300E-16 ) ) ;
#1994 = EDGE_CURVE ( 'NONE', #3728, #1131, #2544, .T. ) ;
#1995 = CIRCLE ( 'NONE', #4317, 2.000000000000001776 ) ;
#1996 = VECTOR ( 'NONE', #4112, 1000.000000000000000 ) ;
#1997 = ORIENTED_EDGE ( 'NONE', *, *, #1100, .T. ) ;
#1998 = DIRECTION ( 'NONE',  ( -0.000000000000000000, -0.000000000000000000, -1.000000000000000000 ) ) ;
#1999 = ORIENTED_EDGE ( 'NONE', *, *, #867, .T. ) ;
#2000 =( BOUNDED_CURVE ( )  B_SPLINE_CURVE ( 3, ( #226, #6131, #258, #3711 ),
 .UNSPECIFIED., .F., .T. ) 
 B_SPLINE_CURVE_WITH_KNOTS ( ( 4, 4 ),
 ( 4.377904822280130226, 4.712388980384686121 ),
 .UNSPECIFIED. ) 
 CURVE ( )  GEOMETRIC_REPRESENTATION_ITEM ( )  RATIONAL_B_SPLINE_CURVE ( ( 1.000000000000000000, 0.9906984064153316893, 0.9906984064153316893, 1.000000000000000000 ) ) 
 REPRESENTATION_ITEM ( '' )  );
#2001 = AXIS2_PLACEMENT_3D ( 'NONE', #1348, #425, #3370 ) ;
#2002 = DIRECTION ( 'NONE',  ( 0.000000000000000000, 0.000000000000000000, -1.000000000000000000 ) ) ;
#2003 = CARTESIAN_POINT ( 'NONE',  ( -12.50000000000000178, 26.99999999999999645, -36.75326492236801812 ) ) ;
#2004 = CARTESIAN_POINT ( 'NONE',  ( -3.053113317719180486E-13, 26.00000000000000000, -39.05326402829825128 ) ) ;
#2005 = CARTESIAN_POINT ( 'NONE',  ( 14.99999966472387491, 5.750000011175870895, 4.999999888241291046 ) ) ;
#2006 = CARTESIAN_POINT ( 'NONE',  ( -14.50000000000000355, 23.00000000000000000, 8.246735077631985433 ) ) ;
#2007 = ORIENTED_EDGE ( 'NONE', *, *, #3645, .T. ) ;
#2008 = AXIS2_PLACEMENT_3D ( 'NONE', #572, #5366, #29 ) ;
#2009 = MANIFOLD_SOLID_BREP ( 'Cut-Extrude9', #3794 ) ;
#2010 = CARTESIAN_POINT ( 'NONE',  ( 12.50000000000000533, 24.99999999999999645, 12.24673507763198188 ) ) ;
#2011 = EDGE_CURVE ( 'NONE', #5030, #2672, #4777, .T. ) ;
#2012 = CIRCLE ( 'NONE', #4652, 2.000000000000000000 ) ;
#2013 = CIRCLE ( 'NONE', #1515, 2.000000000000001776 ) ;
#2014 = CARTESIAN_POINT ( 'NONE',  ( 10.29999977648193976, 30.00000000000000000, 2.510667100131867002 ) ) ;
#2015 = LINE ( 'NONE', #3565, #105 ) ;
#2016 = DIRECTION ( 'NONE',  ( -0.000000000000000000, 0.000000000000000000, -1.000000000000000000 ) ) ;
#2017 = ORIENTED_EDGE ( 'NONE', *, *, #2301, .T. ) ;
#2018 = VECTOR ( 'NONE', #5101, 1000.000000000000000 ) ;
#2019 = EDGE_CURVE ( 'NONE', #1250, #2812, #4065, .T. ) ;
#2020 = CARTESIAN_POINT ( 'NONE',  ( 6.613092689688071629E-15, 47.05000000000001847, 54.00000000000000000 ) ) ;
#2021 = AXIS2_PLACEMENT_3D ( 'NONE', #1180, #3182, #2161 ) ;
#2022 = LINE ( 'NONE', #1109, #34 ) ;
#2023 = CARTESIAN_POINT ( 'NONE',  ( -11.50000000000000178, 120.7419196555744350, 15.24673507763199076 ) ) ;
#2024 = ADVANCED_FACE ( 'NONE', ( #4047 ), #1343, .F. ) ;
#2025 = DIRECTION ( 'NONE',  ( -0.000000000000000000, 0.000000000000000000, 1.000000000000000000 ) ) ;
#2026 = ORIENTED_EDGE ( 'NONE', *, *, #3157, .T. ) ;
#2027 = VERTEX_POINT ( 'NONE', #1706 ) ;
#2028 = FACE_OUTER_BOUND ( 'NONE', #4287, .T. ) ;
#2029 = ORIENTED_EDGE ( 'NONE', *, *, #1782, .T. ) ;
#2030 = CARTESIAN_POINT ( 'NONE',  ( 14.50000000000000711, 7.000000000000006217, 15.24673507763198366 ) ) ;
#2031 = EDGE_CURVE ( 'NONE', #678, #5921, #3599, .T. ) ;
#2032 = FILL_AREA_STYLE_COLOUR ( '', #4754 ) ;
#2033 = ORIENTED_EDGE ( 'NONE', *, *, #3654, .F. ) ;
#2034 = CARTESIAN_POINT ( 'NONE',  ( 22.80000000000000782, 55.00000000000000000, 46.17802507686961633 ) ) ;
#2035 = LINE ( 'NONE', #5443, #6113 ) ;
#2036 = CARTESIAN_POINT ( 'NONE',  ( 12.50000000000000711, 7.000000000000006217, 13.24673507763198721 ) ) ;
#2037 = DIRECTION ( 'NONE',  ( 0.000000000000000000, 0.000000000000000000, 1.000000000000000000 ) ) ;
#2038 = ORIENTED_EDGE ( 'NONE', *, *, #3302, .T. ) ;
#2039 = CARTESIAN_POINT ( 'NONE',  ( -13.88832426356137617, 12.17986889891930069, 49.59434031463967330 ) ) ;
#2040 = ORIENTED_EDGE ( 'NONE', *, *, #4981, .T. ) ;
#2041 = DIRECTION ( 'NONE',  ( 0.000000000000000000, -1.000000000000000000, 0.000000000000000000 ) ) ;
#2042 = FACE_OUTER_BOUND ( 'NONE', #5707, .T. ) ;
#2043 = EDGE_CURVE ( 'NONE', #3457, #259, #4686, .T. ) ;
#2044 = CARTESIAN_POINT ( 'NONE',  ( -16.98748339430512644, 2.015564357861876044, 9.999999776482585645 ) ) ;
#2045 = ORIENTED_EDGE ( 'NONE', *, *, #5477, .T. ) ;
#2046 = ORIENTED_EDGE ( 'NONE', *, *, #4026, .F. ) ;
#2047 = B_SPLINE_CURVE_WITH_KNOTS ( 'NONE', 3,
 ( #4748, #909, #5327, #4810, #3349, #408, #529, #5733, #4292, #2358 ),
 .UNSPECIFIED., .F., .F.,
 ( 4, 2, 2, 2, 4 ),
 ( 0.000000000000000000, 0.0004886359559389743135, 0.0009772719118779486271, 0.001465907867816922941, 0.001954543823755897254 ),
 .UNSPECIFIED. ) ;
#2048 = CARTESIAN_POINT ( 'NONE',  ( 14.69055430771182813, -7.749999873340129852, 9.999999776482582092 ) ) ;
#2049 = AXIS2_PLACEMENT_3D ( 'NONE', #4220, #6163, #4566 ) ;
#2050 = DIRECTION ( 'NONE',  ( 1.000000000000000000, -0.000000000000000000, -0.000000000000000000 ) ) ;
#2051 = ADVANCED_FACE ( 'NONE', ( #4079 ), #6022, .F. ) ;
#2052 = LINE ( 'NONE', #3416, #3976 ) ;
#2053 = DIRECTION ( 'NONE',  ( 1.000000000000000000, 0.000000000000000000, 0.000000000000000000 ) ) ;
#2054 = DIRECTION ( 'NONE',  ( 0.4226189496394527345, -0.000000000000000000, -0.9063074662638754830 ) ) ;
#2055 = ORIENTED_EDGE ( 'NONE', *, *, #5016, .T. ) ;
#2056 = ORIENTED_EDGE ( 'NONE', *, *, #3938, .T. ) ;
#2057 = CARTESIAN_POINT ( 'NONE',  ( -12.50000000000000000, 7.000000000000006217, -43.75326492236801812 ) ) ;
#2058 = ORIENTED_EDGE ( 'NONE', *, *, #5847, .F. ) ;
#2059 = CARTESIAN_POINT ( 'NONE',  ( 10.96666644314892025, 26.00000000000000000, -35.10790803579821784 ) ) ;
#2060 = ORIENTED_EDGE ( 'NONE', *, *, #1414, .F. ) ;
#2061 = EDGE_CURVE ( 'NONE', #1531, #6074, #4375, .T. ) ;
#2062 = EDGE_CURVE ( 'NONE', #3101, #3619, #6105, .T. ) ;
#2063 = CARTESIAN_POINT ( 'NONE',  ( 0.000000000000000000, 0.000000000000000000, 0.000000000000000000 ) ) ;
#2064 = EDGE_LOOP ( 'NONE', ( #5411, #4378, #3495, #1316 ) ) ;
#2065 = DIRECTION ( 'NONE',  ( -1.000000000000000000, 0.000000000000000000, 4.336808689942018229E-16 ) ) ;
#2066 = EDGE_CURVE ( 'NONE', #5023, #6152, #5908, .T. ) ;
#2067 = EDGE_CURVE ( 'NONE', #1351, #5071, #724, .T. ) ;
#2068 = CARTESIAN_POINT ( 'NONE',  ( -24.80000000000000782, 5.000000000000000000, 34.42492653411373738 ) ) ;
#2069 = DIRECTION ( 'NONE',  ( 0.000000000000000000, 1.000000000000000000, 0.000000000000000000 ) ) ;
#2070 = DIRECTION ( 'NONE',  ( -0.000000000000000000, -1.000000000000000000, -0.000000000000000000 ) ) ;
#2071 = ORIENTED_EDGE ( 'NONE', *, *, #755, .T. ) ;
#2072 = CARTESIAN_POINT ( 'NONE',  ( 20.30000000000001847, 25.64428253832007343, 47.33032854312338600 ) ) ;
#2073 = ORIENTED_EDGE ( 'NONE', *, *, #2525, .F. ) ;
#2074 = ORIENTED_EDGE ( 'NONE', *, *, #4574, .F. ) ;
#2075 = CARTESIAN_POINT ( 'NONE',  ( 22.80000000000000782, 6.999999999999999112, 32.42492653411373027 ) ) ;
#2076 = EDGE_CURVE ( 'NONE', #1247, #457, #3665, .T. ) ;
#2077 = VECTOR ( 'NONE', #3697, 1000.000000000000000 ) ;
#2078 = CARTESIAN_POINT ( 'NONE',  ( -14.50000000000001066, 23.00000000000000000, 12.24673507763198543 ) ) ;
#2079 = DIRECTION ( 'NONE',  ( 1.000000000000000000, 0.000000000000000000, 0.000000000000000000 ) ) ;
#2080 = ORIENTED_EDGE ( 'NONE', *, *, #402, .F. ) ;
#2081 = CIRCLE ( 'NONE', #2279, 1.999999999999994893 ) ;
#2082 = EDGE_CURVE ( 'NONE', #4068, #436, #5481, .T. ) ;
#2083 = VECTOR ( 'NONE', #3214, 1000.000000000000000 ) ;
#2084 = AXIS2_PLACEMENT_3D ( 'NONE', #6177, #2768, #817 ) ;
#2085 = DIRECTION ( 'NONE',  ( -0.000000000000000000, -1.000000000000000000, -0.000000000000000000 ) ) ;
#2086 = CARTESIAN_POINT ( 'NONE',  ( -10.29999977648293452, 30.00000000000000000, -33.61719605079856876 ) ) ;
#2087 = FACE_OUTER_BOUND ( 'NONE', #4857, .T. ) ;
#2088 = CARTESIAN_POINT ( 'NONE',  ( -16.57720468938351033, -0.7500000065192580223, 9.120155997975347262 ) ) ;
#2089 = ORIENTED_EDGE ( 'NONE', *, *, #4118, .F. ) ;
#2090 = DIRECTION ( 'NONE',  ( 0.000000000000000000, 0.000000000000000000, -1.000000000000000000 ) ) ;
#2091 = DIRECTION ( 'NONE',  ( -1.000000000000000000, 0.000000000000000000, 1.521687259628777768E-16 ) ) ;
#2092 = VECTOR ( 'NONE', #1838, 1000.000000000000227 ) ;
#2093 =( LENGTH_UNIT ( ) NAMED_UNIT ( * ) SI_UNIT ( .MILLI., .METRE. ) );
#2094 = ORIENTED_EDGE ( 'NONE', *, *, #6133, .F. ) ;
#2095 = CIRCLE ( 'NONE', #2299, 2.000000000000001776 ) ;
#2096 = DIRECTION ( 'NONE',  ( 1.000000000000000000, 0.000000000000000000, -1.176083712526649195E-16 ) ) ;
#2097 = EDGE_CURVE ( 'NONE', #555, #4679, #3058, .T. ) ;
#2098 = CARTESIAN_POINT ( 'NONE',  ( -12.50000000000000178, 24.99999999999999645, -38.75326492236801812 ) ) ;
#2099 = CARTESIAN_POINT ( 'NONE',  ( -7.500000000000001776, 7.000000000000000000, -40.75326492236801812 ) ) ;
#2100 = DIRECTION ( 'NONE',  ( -0.000000000000000000, 1.000000000000000000, -0.000000000000000000 ) ) ;
#2101 = VERTEX_POINT ( 'NONE', #1540 ) ;
#2102 = CARTESIAN_POINT ( 'NONE',  ( 19.20968409924800469, 20.42810040476156885, 47.78339625295990345 ) ) ;
#2103 = ORIENTED_EDGE ( 'NONE', *, *, #4989, .T. ) ;
#2104 = EDGE_LOOP ( 'NONE', ( #3663, #342, #6052, #4270 ) ) ;
#2105 = CARTESIAN_POINT ( 'NONE',  ( -19.80000000000001137, 27.00000000000000000, 37.42492653411373738 ) ) ;
#2106 = AXIS2_PLACEMENT_3D ( 'NONE', #4319, #2294, #1909 ) ;
#2107 = CYLINDRICAL_SURFACE ( 'NONE', #1401, 1.999999999999998224 ) ;
#2108 = CARTESIAN_POINT ( 'NONE',  ( 0.000000000000000000, 27.00000000000000000, 48.42492653411373738 ) ) ;
#2109 = VERTEX_POINT ( 'NONE', #1507 ) ;
#2110 = ADVANCED_FACE ( 'NONE', ( #3472 ), #1122, .F. ) ;
#2111 = ORIENTED_EDGE ( 'NONE', *, *, #2157, .F. ) ;
#2112 = DIRECTION ( 'NONE',  ( -0.000000000000000000, -1.000000000000000000, 0.000000000000000000 ) ) ;
#2113 = AXIS2_PLACEMENT_3D ( 'NONE', #5525, #3578, #734 ) ;
#2114 = DIRECTION ( 'NONE',  ( 0.000000000000000000, 0.000000000000000000, 1.000000000000000000 ) ) ;
#2115 = DIRECTION ( 'NONE',  ( -1.000000000000000000, 0.000000000000000000, -1.764125568789973300E-16 ) ) ;
#2116 = DIRECTION ( 'NONE',  ( 0.000000000000000000, 0.000000000000000000, -1.000000000000000000 ) ) ;
#2117 = PLANE ( 'NONE',  #1545 ) ;
#2118 = AXIS2_PLACEMENT_3D ( 'NONE', #5582, #2241, #4243 ) ;
#2119 = ORIENTED_EDGE ( 'NONE', *, *, #3502, .T. ) ;
#2120 = CARTESIAN_POINT ( 'NONE',  ( -14.50000000000001066, 26.99999999999999645, -41.75326492236801101 ) ) ;
#2121 = VERTEX_POINT ( 'NONE', #3531 ) ;
#2122 = AXIS2_PLACEMENT_3D ( 'NONE', #6019, #2079, #1666 ) ;
#2123 = EDGE_CURVE ( 'NONE', #2531, #3872, #1650, .T. ) ;
#2124 = ADVANCED_FACE ( 'NONE', ( #5415 ), #3979, .T. ) ;
#2125 = EDGE_LOOP ( 'NONE', ( #3117, #5664, #6240, #4911 ) ) ;
#2126 = LINE ( 'NONE', #6038, #1582 ) ;
#2127 = ORIENTED_EDGE ( 'NONE', *, *, #2998, .F. ) ;
#2128 = CIRCLE ( 'NONE', #4669, 2.000000000000000000 ) ;
#2129 = DIRECTION ( 'NONE',  ( 0.000000000000000000, -1.000000000000000000, 0.000000000000000000 ) ) ;
#2130 = CARTESIAN_POINT ( 'NONE',  ( -7.941796780427109681, 5.000000000000000000, 32.42492653411373738 ) ) ;
#2131 = CARTESIAN_POINT ( 'NONE',  ( -11.50000000000000178, 24.99999999999999645, 12.24673507763198543 ) ) ;
#2132 = ORIENTED_EDGE ( 'NONE', *, *, #4504, .T. ) ;
#2133 = DIRECTION ( 'NONE',  ( 0.000000000000000000, 0.000000000000000000, 1.000000000000000000 ) ) ;
#2134 = VECTOR ( 'NONE', #977, 1000.000000000000000 ) ;
#2135 = FACE_OUTER_BOUND ( 'NONE', #3997, .T. ) ;
#2136 = EDGE_CURVE ( 'NONE', #4813, #1374, #652, .T. ) ;
#2137 = CARTESIAN_POINT ( 'NONE',  ( -15.51608050105626724, -1.250000006519258022, 10.71834649412947726 ) ) ;
#2138 = ORIENTED_EDGE ( 'NONE', *, *, #5361, .T. ) ;
#2139 = EDGE_LOOP ( 'NONE', ( #5606, #3338, #3967, #2915, #5235, #1079, #3527, #4470, #928, #2215 ) ) ;
#2140 = AXIS2_PLACEMENT_3D ( 'NONE', #93, #2591, #1076 ) ;
#2141 = EDGE_CURVE ( 'NONE', #6220, #3728, #4362, .T. ) ;
#2142 = CARTESIAN_POINT ( 'NONE',  ( 8.063931798982489241, 30.00000000000000000, -37.85326402829817738 ) ) ;
#2143 = ADVANCED_FACE ( 'NONE', ( #3949 ), #1568, .F. ) ;
#2144 = AXIS2_PLACEMENT_3D ( 'NONE', #4556, #2644, #3161 ) ;
#2145 = DIRECTION ( 'NONE',  ( -0.000000000000000000, 1.000000000000000000, -0.000000000000000000 ) ) ;
#2146 = DIRECTION ( 'NONE',  ( -1.000000000000000000, 0.000000000000000000, -1.075606490245633122E-14 ) ) ;
#2147 = DIRECTION ( 'NONE',  ( 0.000000000000000000, 1.000000000000000000, 0.000000000000000000 ) ) ;
#2148 = ORIENTED_EDGE ( 'NONE', *, *, #3654, .T. ) ;
#2149 = DIRECTION ( 'NONE',  ( -1.000000000000000000, 0.000000000000000000, 0.000000000000000000 ) ) ;
#2150 = VECTOR ( 'NONE', #1804, 1000.000000000000114 ) ;
#2151 = PRODUCT_DEFINITION_CONTEXT ( 'detailed design', #1664, 'design' ) ;
#2152 = B_SPLINE_CURVE_WITH_KNOTS ( 'NONE', 3,
 ( #482, #3303, #2404, #4347, #3754, #1934, #3877, #1845 ),
 .UNSPECIFIED., .F., .F.,
 ( 4, 2, 2, 4 ),
 ( 0.006599609235183059863, 0.009907701172399316705, 0.01156174714100744426, 0.01321579310961557181 ),
 .UNSPECIFIED. ) ;
#2153 = ORIENTED_EDGE ( 'NONE', *, *, #3734, .T. ) ;
#2154 = VECTOR ( 'NONE', #606, 1000.000000000000000 ) ;
#2155 = CARTESIAN_POINT ( 'NONE',  ( 8.063931798982459043, 26.00000000000000000, -35.85326402829817027 ) ) ;
#2156 = ORIENTED_EDGE ( 'NONE', *, *, #1108, .F. ) ;
#2157 = EDGE_CURVE ( 'NONE', #5127, #4483, #5291, .T. ) ;
#2158 = CARTESIAN_POINT ( 'NONE',  ( 21.62287565553232582, 27.00000000000000355, 34.60205087858144424 ) ) ;
#2159 = PLANE ( 'NONE',  #4239 ) ;
#2160 = DIRECTION ( 'NONE',  ( -0.000000000000000000, 1.000000000000000000, -0.000000000000000000 ) ) ;
#2161 = DIRECTION ( 'NONE',  ( 0.000000000000000000, 0.000000000000000000, -1.000000000000000000 ) ) ;
#2162 = ORIENTED_EDGE ( 'NONE', *, *, #2609, .T. ) ;
#2163 = CARTESIAN_POINT ( 'NONE',  ( 11.50000000000000178, 6.999999999999999112, 12.24673507763198188 ) ) ;
#2164 = EDGE_CURVE ( 'NONE', #3695, #2101, #2331, .T. ) ;
#2165 = TOROIDAL_SURFACE ( 'NONE', #3384, 4.000000000000000000, 2.000000000000000000 ) ;
#2166 = DIRECTION ( 'NONE',  ( -0.000000000000000000, 1.000000000000000000, -0.000000000000000000 ) ) ;
#2167 = CARTESIAN_POINT ( 'NONE',  ( 24.80000000000000782, 6.999999999999999112, 42.83935106884789690 ) ) ;
#2168 = ORIENTED_EDGE ( 'NONE', *, *, #3017, .F. ) ;
#2169 = ORIENTED_EDGE ( 'NONE', *, *, #1796, .T. ) ;
#2170 = DIRECTION ( 'NONE',  ( 0.000000000000000000, -1.000000000000000000, 0.000000000000000000 ) ) ;
#2171 = ORIENTED_EDGE ( 'NONE', *, *, #749, .F. ) ;
#2172 = CIRCLE ( 'NONE', #3084, 2.000000000000001776 ) ;
#2173 = CARTESIAN_POINT ( 'NONE',  ( 12.49999999999999822, 23.00000000000000000, -36.75326492236801812 ) ) ;
#2174 = AXIS2_PLACEMENT_3D ( 'NONE', #377, #2266, #2745 ) ;
#2175 = EDGE_CURVE ( 'NONE', #3974, #1860, #4413, .T. ) ;
#2176 = DIRECTION ( 'NONE',  ( 0.000000000000000000, 0.000000000000000000, 1.000000000000000000 ) ) ;
#2177 = AXIS2_PLACEMENT_3D ( 'NONE', #4706, #368, #4201 ) ;
#2178 = LINE ( 'NONE', #4180, #96 ) ;
#2179 = FACE_OUTER_BOUND ( 'NONE', #4199, .T. ) ;
#2180 = DIRECTION ( 'NONE',  ( -1.489033026589530178E-16, 0.000000000000000000, -1.000000000000000000 ) ) ;
#2181 = EDGE_LOOP ( 'NONE', ( #5914, #1733, #3617, #2629 ) ) ;
#2182 = LINE ( 'NONE', #6029, #5826 ) ;
#2183 = ADVANCED_FACE ( 'NONE', ( #4543 ), #625, .T. ) ;
#2184 = CIRCLE ( 'NONE', #5734, 1.249999999999987121 ) ;
#2185 = DIRECTION ( 'NONE',  ( 1.000000000000000000, 0.000000000000000000, 7.826644089160282576E-15 ) ) ;
#2186 = AXIS2_PLACEMENT_3D ( 'NONE', #3164, #2145, #5581 ) ;
#2187 = DIRECTION ( 'NONE',  ( 0.000000000000000000, 0.000000000000000000, 1.000000000000000000 ) ) ;
#2188 = ORIENTED_EDGE ( 'NONE', *, *, #585, .F. ) ;
#2189 = EDGE_CURVE ( 'NONE', #1990, #3848, #4769, .T. ) ;
#2190 = CARTESIAN_POINT ( 'NONE',  ( 2.726273952367047393, 30.00000000000000000, 10.24673507763198899 ) ) ;
#2191 = B_SPLINE_CURVE_WITH_KNOTS ( 'NONE', 2,
 ( #4136, #1825, #2800 ),
 .UNSPECIFIED., .F., .F.,
 ( 3, 3 ),
 ( 0.000000000000000000, 1.000000000000000000 ),
 .UNSPECIFIED. ) ;
#2192 = CARTESIAN_POINT ( 'NONE',  ( 21.60872140428860178, 28.09522170245489292, 34.59544944219982909 ) ) ;
#2193 = DIRECTION ( 'NONE',  ( 0.000000000000000000, -1.000000000000000000, 0.000000000000000000 ) ) ;
#2194 = AXIS2_PLACEMENT_3D ( 'NONE', #5154, #3177, #5121 ) ;
#2195 = CARTESIAN_POINT ( 'NONE',  ( -2.897013138777539076, 5.000000000000000888, 33.22158628093627897 ) ) ;
#2196 = CARTESIAN_POINT ( 'NONE',  ( -18.47553841263261987, 18.56317436389606357, 48.07264415973592264 ) ) ;
#2197 = EDGE_LOOP ( 'NONE', ( #4619, #4265, #5419, #4160 ) ) ;
#2198 = CARTESIAN_POINT ( 'NONE',  ( -9.500000000000001776, 23.00000000000000000, 10.24673507763198543 ) ) ;
#2199 = FACE_OUTER_BOUND ( 'NONE', #5207, .T. ) ;
#2200 = CARTESIAN_POINT ( 'NONE',  ( 10.96666644314903394, 26.00000000000000000, 4.001379085132098723 ) ) ;
#2201 = CARTESIAN_POINT ( 'NONE',  ( 12.29999977648221865, 26.00000000000000000, -33.61719605079833428 ) ) ;
#2202 = ORIENTED_EDGE ( 'NONE', *, *, #891, .F. ) ;
#2203 = VECTOR ( 'NONE', #2901, 1000.000000000000000 ) ;
#2204 = ORIENTED_EDGE ( 'NONE', *, *, #1831, .F. ) ;
#2205 = EDGE_CURVE ( 'NONE', #5456, #3972, #113, .T. ) ;
#2206 = CARTESIAN_POINT ( 'NONE',  ( 12.49999999999999822, 23.00000000000000000, -38.75326492236801812 ) ) ;
#2207 = ORIENTED_EDGE ( 'NONE', *, *, #3796, .F. ) ;
#2208 = B_SPLINE_SURFACE_WITH_KNOTS ( 'NONE', 2, 1, ( 
 ( #3843, #6262 ),
 ( #5375, #4279 ),
 ( #447, #6201 ) ),
 .UNSPECIFIED., .F., .F., .F.,
 ( 3, 3 ),
 ( 2, 2 ),
 ( 0.000000000000000000, 1.000000000000000000 ),
 ( 0.000000000000000000, 1.000000000000000000 ),
 .UNSPECIFIED. ) ;
#2209 = AXIS2_PLACEMENT_3D ( 'NONE', #2003, #4031, #2545 ) ;
#2210 = EDGE_CURVE ( 'NONE', #713, #2953, #4972, .T. ) ;
#2211 = LINE ( 'NONE', #348, #1996 ) ;
#2212 = LINE ( 'NONE', #5110, #3422 ) ;
#2213 = DIRECTION ( 'NONE',  ( 0.000000000000000000, 0.000000000000000000, 1.000000000000000000 ) ) ;
#2214 = CARTESIAN_POINT ( 'NONE',  ( 2.522359980770977264E-15, 27.00000000000000000, 54.00100000000000477 ) ) ;
#2215 = ORIENTED_EDGE ( 'NONE', *, *, #1331, .T. ) ;
#2216 = ADVANCED_FACE ( 'NONE', ( #4032 ), #4482, .F. ) ;
#2217 = AXIS2_PLACEMENT_3D ( 'NONE', #524, #4385, #50 ) ;
#2218 = AXIS2_PLACEMENT_3D ( 'NONE', #3503, #1121, #5853 ) ;
#2219 = DIRECTION ( 'NONE',  ( 1.000000000000000000, -0.000000000000000000, -1.176083712526649195E-16 ) ) ;
#2220 = PRODUCT_DEFINITION_FORMATION_WITH_SPECIFIED_SOURCE ( 'ANY', '', #6121, .NOT_KNOWN. ) ;
#2221 = AXIS2_PLACEMENT_3D ( 'NONE', #5680, #2213, #1803 ) ;
#2222 = DIRECTION ( 'NONE',  ( 1.000000000000000000, -0.000000000000000000, -1.176083712526648949E-16 ) ) ;
#2223 = ORIENTED_EDGE ( 'NONE', *, *, #2061, .T. ) ;
#2224 = VECTOR ( 'NONE', #4357, 1000.000000000000000 ) ;
#2225 = EDGE_CURVE ( 'NONE', #555, #2327, #10, .T. ) ;
#2226 = CYLINDRICAL_SURFACE ( 'NONE', #1201, 2.000000000000001776 ) ;
#2227 = FACE_OUTER_BOUND ( 'NONE', #1479, .T. ) ;
#2228 = DIRECTION ( 'NONE',  ( 0.000000000000000000, 1.000000000000000000, 0.000000000000000000 ) ) ;
#2229 = CARTESIAN_POINT ( 'NONE',  ( -12.50000000000001066, 24.99999999999999645, 10.24673507763198543 ) ) ;
#2230 = ORIENTED_EDGE ( 'NONE', *, *, #2282, .F. ) ;
#2231 = ORIENTED_EDGE ( 'NONE', *, *, #283, .F. ) ;
#2232 = CARTESIAN_POINT ( 'NONE',  ( 11.50000000000000178, 7.000000000000006217, -45.75326492236801812 ) ) ;
#2233 = ORIENTED_EDGE ( 'NONE', *, *, #5813, .F. ) ;
#2234 = DIRECTION ( 'NONE',  ( 0.000000000000000000, -1.000000000000000000, 0.000000000000000000 ) ) ;
#2235 = VERTEX_POINT ( 'NONE', #233 ) ;
#2236 = TOROIDAL_SURFACE ( 'NONE', #5191, 52.00000000000000000, 2.000000000000000000 ) ;
#2237 = ORIENTED_EDGE ( 'NONE', *, *, #2061, .F. ) ;
#2238 = ADVANCED_FACE ( 'NONE', ( #1690 ), #2236, .T. ) ;
#2239 = LINE ( 'NONE', #1770, #3316 ) ;
#2240 = DIRECTION ( 'NONE',  ( -1.000000000000000000, 0.000000000000000000, -1.764125568789973300E-16 ) ) ;
#2241 = DIRECTION ( 'NONE',  ( 0.000000000000000000, 0.000000000000000000, 1.000000000000000000 ) ) ;
#2242 = CARTESIAN_POINT ( 'NONE',  ( 7.500000000000001776, 23.00000000000000000, -40.75326492236801812 ) ) ;
#2243 = EDGE_LOOP ( 'NONE', ( #1952, #1630, #4966, #3901, #4258, #485, #3194, #6183, #1548, #5534, #847, #3304 ) ) ;
#2244 = VERTEX_POINT ( 'NONE', #1724 ) ;
#2245 = DIRECTION ( 'NONE',  ( 1.000000000000000000, 0.000000000000000000, 0.000000000000000000 ) ) ;
#2246 = CARTESIAN_POINT ( 'NONE',  ( 17.00000092387199402, 7.749999873340129852, 9.999999776482582092 ) ) ;
#2247 = EDGE_LOOP ( 'NONE', ( #3712, #503 ) ) ;
#2248 = EDGE_CURVE ( 'NONE', #5810, #5550, #520, .T. ) ;
#2249 = VECTOR ( 'NONE', #981, 1000.000000000000000 ) ;
#2250 = ORIENTED_EDGE ( 'NONE', *, *, #5104, .F. ) ;
#2251 = LINE ( 'NONE', #2631, #1876 ) ;
#2252 = VECTOR ( 'NONE', #4722, 1000.000000000000000 ) ;
#2253 = EDGE_CURVE ( 'NONE', #565, #1471, #808, .T. ) ;
#2254 = LINE ( 'NONE', #5560, #598 ) ;
#2255 = AXIS2_PLACEMENT_3D ( 'NONE', #767, #2653, #357 ) ;
#2256 = LINE ( 'NONE', #5594, #699 ) ;
#2257 = CARTESIAN_POINT ( 'NONE',  ( -20.30000000000001137, 26.32198660421835967, 47.33032854312340021 ) ) ;
#2258 = ORIENTED_EDGE ( 'NONE', *, *, #3157, .F. ) ;
#2259 = ORIENTED_EDGE ( 'NONE', *, *, #4844, .F. ) ;
#2260 = CARTESIAN_POINT ( 'NONE',  ( 10.96666644314892025, 26.00000000000000000, -35.10790803579821784 ) ) ;
#2261 = ORIENTED_EDGE ( 'NONE', *, *, #355, .F. ) ;
#2262 = DIRECTION ( 'NONE',  ( 0.000000000000000000, -1.000000000000000000, 0.000000000000000000 ) ) ;
#2263 = DIRECTION ( 'NONE',  ( 0.000000000000000000, 0.000000000000000000, 1.000000000000000000 ) ) ;
#2264 = VERTEX_POINT ( 'NONE', #711 ) ;
#2265 = ORIENTED_EDGE ( 'NONE', *, *, #3885, .F. ) ;
#2266 = DIRECTION ( 'NONE',  ( 0.000000000000000000, 0.000000000000000000, 1.000000000000000000 ) ) ;
#2267 = VERTEX_POINT ( 'NONE', #6225 ) ;
#2268 = EDGE_CURVE ( 'NONE', #5403, #4433, #5743, .T. ) ;
#2269 = AXIS2_PLACEMENT_3D ( 'NONE', #5309, #2789, #4275 ) ;
#2270 =( LENGTH_UNIT ( ) NAMED_UNIT ( * ) SI_UNIT ( .MILLI., .METRE. ) );
#2271 = CARTESIAN_POINT ( 'NONE',  ( -12.50000000000000000, 7.000000000000000000, -38.75326492236801812 ) ) ;
#2272 = CYLINDRICAL_SURFACE ( 'NONE', #2967, 2.000000000000001776 ) ;
#2273 = VERTEX_POINT ( 'NONE', #6104 ) ;
#2274 = ORIENTED_EDGE ( 'NONE', *, *, #444, .F. ) ;
#2275 = VECTOR ( 'NONE', #3606, 1000.000000000000000 ) ;
#2276 = CIRCLE ( 'NONE', #866, 2.000000000000000000 ) ;
#2277 = ADVANCED_FACE ( 'NONE', ( #4093 ), #6011, .T. ) ;
#2278 = CARTESIAN_POINT ( 'NONE',  ( -16.99982397258282063, 2.500000000000000000, 10.02646417955923042 ) ) ;
#2279 = AXIS2_PLACEMENT_3D ( 'NONE', #4453, #180, #2133 ) ;
#2280 = DIRECTION ( 'NONE',  ( -0.000000000000000000, 0.000000000000000000, 1.000000000000000000 ) ) ;
#2281 = CARTESIAN_POINT ( 'NONE',  ( 22.80000000000000782, 6.999999999999999112, 32.42492653411373027 ) ) ;
#2282 = EDGE_CURVE ( 'NONE', #4108, #5157, #653, .T. ) ;
#2283 = CIRCLE ( 'NONE', #4717, 2.000000000000001776 ) ;
#2284 = DIRECTION ( 'NONE',  ( 0.000000000000000000, -1.000000000000000000, 0.000000000000000000 ) ) ;
#2285 = LINE ( 'NONE', #2692, #76 ) ;
#2286 = CARTESIAN_POINT ( 'NONE',  ( -8.063931798983126953, 30.00000000000000000, -35.85326402829834791 ) ) ;
#2287 = CARTESIAN_POINT ( 'NONE',  ( 0.6305718654524770095, 49.39163224705773558, 51.49636126048261531 ) ) ;
#2288 = VERTEX_POINT ( 'NONE', #2662 ) ;
#2289 = EDGE_CURVE ( 'NONE', #2987, #5968, #4877, .T. ) ;
#2290 = DIRECTION ( 'NONE',  ( 1.176083712526648949E-16, -0.000000000000000000, 1.000000000000000000 ) ) ;
#2291 = ORIENTED_EDGE ( 'NONE', *, *, #3181, .F. ) ;
#2292 = B_SPLINE_CURVE_WITH_KNOTS ( 'NONE', 2,
 ( #5275, #415, #1427 ),
 .UNSPECIFIED., .F., .F.,
 ( 3, 3 ),
 ( 0.000000000000000000, 1.000000000000000000 ),
 .UNSPECIFIED. ) ;
#2293 = VECTOR ( 'NONE', #5771, 1000.000000000000000 ) ;
#2294 = DIRECTION ( 'NONE',  ( 0.000000000000000000, -1.000000000000000000, 0.000000000000000000 ) ) ;
#2295 = LINE ( 'NONE', #1252, #2018 ) ;
#2296 = ORIENTED_EDGE ( 'NONE', *, *, #3350, .T. ) ;
#2297 = ORIENTED_EDGE ( 'NONE', *, *, #4388, .F. ) ;
#2298 = DIRECTION ( 'NONE',  ( -0.000000000000000000, -1.000000000000000000, -0.000000000000000000 ) ) ;
#2299 = AXIS2_PLACEMENT_3D ( 'NONE', #3274, #5224, #3426 ) ;
#2300 = VECTOR ( 'NONE', #4983, 1000.000000000000114 ) ;
#2301 = EDGE_CURVE ( 'NONE', #4791, #5127, #2128, .T. ) ;
#2302 = AXIS2_PLACEMENT_3D ( 'NONE', #4, #1465, #895 ) ;
#2303 = CARTESIAN_POINT ( 'NONE',  ( 14.69055430771182635, -5.750000011175870895, 9.999999776482582092 ) ) ;
#2304 = LINE ( 'NONE', #2779, #1450 ) ;
#2305 = ORIENTED_EDGE ( 'NONE', *, *, #5709, .T. ) ;
#2306 = ORIENTED_EDGE ( 'NONE', *, *, #1025, .T. ) ;
#2307 = CARTESIAN_POINT ( 'NONE',  ( -11.50000000000000178, 24.99999999999999645, 12.24673507763198543 ) ) ;
#2308 = ORIENTED_EDGE ( 'NONE', *, *, #6245, .T. ) ;
#2309 = AXIS2_PLACEMENT_3D ( 'NONE', #5698, #5819, #1444 ) ;
#2310 = APPLICATION_CONTEXT ( 'automotive_design' ) ;
#2311 = AXIS2_PLACEMENT_3D ( 'NONE', #1834, #855, #4242 ) ;
#2312 = CARTESIAN_POINT ( 'NONE',  ( -14.69037735642265119, -7.749999873340129852, 9.999999776482582092 ) ) ;
#2313 = AXIS2_PLACEMENT_3D ( 'NONE', #5225, #4398, #4702 ) ;
#2314 = DIRECTION ( 'NONE',  ( -0.000000000000000000, -1.000000000000000000, -0.000000000000000000 ) ) ;
#2315 = CARTESIAN_POINT ( 'NONE',  ( -16.99982397258282063, 2.015564357861876488, 10.02646417955923042 ) ) ;
#2316 = AXIS2_PLACEMENT_3D ( 'NONE', #856, #884, #3769 ) ;
#2317 = EDGE_CURVE ( 'NONE', #4098, #3280, #2942, .T. ) ;
#2318 = ADVANCED_FACE ( 'NONE', ( #5627 ), #4604, .T. ) ;
#2319 = CARTESIAN_POINT ( 'NONE',  ( 0.7693471066074917264, 49.29858182450958282, 51.49438193182757573 ) ) ;
#2320 = ORIENTED_EDGE ( 'NONE', *, *, #644, .T. ) ;
#2321 = VECTOR ( 'NONE', #3958, 1000.000000000000000 ) ;
#2322 = VECTOR ( 'NONE', #2738, 1000.000000000000000 ) ;
#2323 = CARTESIAN_POINT ( 'NONE',  ( -11.50000000000000178, 23.00000000000000000, 12.24673507763198543 ) ) ;
#2324 = ORIENTED_EDGE ( 'NONE', *, *, #23, .T. ) ;
#2325 = CARTESIAN_POINT ( 'NONE',  ( -1.250000000000000444, 48.30000000000001847, 53.98553046882099693 ) ) ;
#2326 = DIRECTION ( 'NONE',  ( 0.000000000000000000, 0.000000000000000000, 1.000000000000000000 ) ) ;
#2327 = VERTEX_POINT ( 'NONE', #297 ) ;
#2328 = ORIENTED_EDGE ( 'NONE', *, *, #479, .T. ) ;
#2329 = CARTESIAN_POINT ( 'NONE',  ( -20.80000000000000782, 6.999999999999999112, 36.42492653411374448 ) ) ;
#2330 = ADVANCED_FACE ( 'NONE', ( #1278 ), #2694, .T. ) ;
#2331 = CIRCLE ( 'NONE', #5689, 2.000000000000001776 ) ;
#2332 = CARTESIAN_POINT ( 'NONE',  ( 14.50000000000000000, 120.7419196555744350, -41.75326492236801101 ) ) ;
#2333 = CARTESIAN_POINT ( 'NONE',  ( -8.418828923307891898, 26.00000000000000000, 4.778474924312155814 ) ) ;
#2334 = CARTESIAN_POINT ( 'NONE',  ( 1.209874921676739046, 47.97538991681860665, 51.48578889383875179 ) ) ;
#2335 = ORIENTED_EDGE ( 'NONE', *, *, #5924, .T. ) ;
#2336 = EDGE_LOOP ( 'NONE', ( #2663, #5084, #1493, #2058, #4935, #2348 ) ) ;
#2337 = CARTESIAN_POINT ( 'NONE',  ( -11.50000000000000178, 23.00000000000000000, 15.24673507763199076 ) ) ;
#2338 = ADVANCED_FACE ( 'NONE', ( #1925 ), #213, .F. ) ;
#2339 = AXIS2_PLACEMENT_3D ( 'NONE', #2907, #1456, #2364 ) ;
#2340 = DIRECTION ( 'NONE',  ( 0.000000000000000000, 1.000000000000000000, -0.000000000000000000 ) ) ;
#2341 = CARTESIAN_POINT ( 'NONE',  ( 0.3612963953565371811, 4.999999999999999112, 33.55326683043163882 ) ) ;
#2342 = APPLICATION_PROTOCOL_DEFINITION ( 'draft international standard', 'automotive_design', 1998, #1664 ) ;
#2343 = FACE_OUTER_BOUND ( 'NONE', #452, .T. ) ;
#2344 = EDGE_LOOP ( 'NONE', ( #5769, #1071, #5750, #1966 ) ) ;
#2345 = CARTESIAN_POINT ( 'NONE',  ( -10.96666644314946204, 26.00000000000000000, 4.001379085131786084 ) ) ;
#2346 = EDGE_CURVE ( 'NONE', #5550, #2987, #1832, .T. ) ;
#2347 = DIRECTION ( 'NONE',  ( 1.000000000000000000, 0.000000000000000000, 0.000000000000000000 ) ) ;
#2348 = ORIENTED_EDGE ( 'NONE', *, *, #4490, .T. ) ;
#2349 = DIRECTION ( 'NONE',  ( 0.000000000000000000, -1.000000000000000000, 0.000000000000000000 ) ) ;
#2350 = ORIENTED_EDGE ( 'NONE', *, *, #757, .F. ) ;
#2351 = ADVANCED_FACE ( 'NONE', ( #1892 ), #5774, .F. ) ;
#2352 = CARTESIAN_POINT ( 'NONE',  ( -6.031730738754033538, 6.038714165162304859, 34.42492653426157290 ) ) ;
#2353 = DIRECTION ( 'NONE',  ( 0.000000000000000000, 0.000000000000000000, -1.000000000000000000 ) ) ;
#2354 = LINE ( 'NONE', #1975, #3544 ) ;
#2355 = ORIENTED_EDGE ( 'NONE', *, *, #499, .F. ) ;
#2356 = ORIENTED_EDGE ( 'NONE', *, *, #1431, .T. ) ;
#2357 = DIRECTION ( 'NONE',  ( -1.000000000000000000, -0.000000000000000000, 2.392722035830077493E-16 ) ) ;
#2358 = CARTESIAN_POINT ( 'NONE',  ( 6.613092689688071629E-15, 47.05000000000001847, 54.00000000000000000 ) ) ;
#2359 = DIRECTION ( 'NONE',  ( -0.000000000000000000, 1.000000000000000000, -0.000000000000000000 ) ) ;
#2360 = DIRECTION ( 'NONE',  ( 0.000000000000000000, 0.000000000000000000, 1.000000000000000000 ) ) ;
#2361 = ORIENTED_EDGE ( 'NONE', *, *, #5732, .F. ) ;
#2362 = ORIENTED_EDGE ( 'NONE', *, *, #5406, .F. ) ;
#2363 = EDGE_CURVE ( 'NONE', #2368, #2665, #510, .T. ) ;
#2364 = DIRECTION ( 'NONE',  ( -0.4226189496394526790, 0.000000000000000000, 0.9063074662638754830 ) ) ;
#2365 = CARTESIAN_POINT ( 'NONE',  ( 8.847564458826717108E-05, 5.750000011175870895, 2.999999999999998668 ) ) ;
#2366 = CARTESIAN_POINT ( 'NONE',  ( -14.50000000000001066, 30.00000000000000000, 15.24673507763199076 ) ) ;
#2367 = ORIENTED_EDGE ( 'NONE', *, *, #4297, .F. ) ;
#2368 = VERTEX_POINT ( 'NONE', #3418 ) ;
#2369 = DIRECTION ( 'NONE',  ( 0.000000000000000000, 1.000000000000000000, -0.000000000000000000 ) ) ;
#2370 = EDGE_LOOP ( 'NONE', ( #4922, #493, #3814, #5563 ) ) ;
#2371 = ADVANCED_FACE ( 'NONE', ( #65 ), #4302, .F. ) ;
#2372 = DIRECTION ( 'NONE',  ( 0.000000000000000000, 0.000000000000000000, 1.000000000000000000 ) ) ;
#2373 = CIRCLE ( 'NONE', #2676, 1.250003382295028942 ) ;
#2374 = EDGE_CURVE ( 'NONE', #4044, #982, #4790, .T. ) ;
#2375 = AXIS2_PLACEMENT_3D ( 'NONE', #2010, #2419, #3955 ) ;
#2376 = CARTESIAN_POINT ( 'NONE',  ( 2.726273952367047393, 26.00000000000000000, 10.24673507763198899 ) ) ;
#2377 = ORIENTED_EDGE ( 'NONE', *, *, #6070, .T. ) ;
#2378 = LINE ( 'NONE', #1470, #6243 ) ;
#2379 = EDGE_LOOP ( 'NONE', ( #5283, #3763, #4281, #1372, #5394, #5360, #4898, #3729, #1244, #5136 ) ) ;
#2380 = CIRCLE ( 'NONE', #972, 2.000000000000000000 ) ;
#2381 = VECTOR ( 'NONE', #3255, 1000.000000000000000 ) ;
#2382 = CARTESIAN_POINT ( 'NONE',  ( -1.762221625971827299, 5.000000000000000000, 33.41159165469427705 ) ) ;
#2383 = CARTESIAN_POINT ( 'NONE',  ( -21.60872140428860178, 25.90477829754511419, 34.59544944219983620 ) ) ;
#2384 = DIRECTION ( 'NONE',  ( -0.000000000000000000, -0.000000000000000000, -1.000000000000000000 ) ) ;
#2385 = ORIENTED_EDGE ( 'NONE', *, *, #4989, .F. ) ;
#2386 = ORIENTED_EDGE ( 'NONE', *, *, #1317, .F. ) ;
#2387 = CARTESIAN_POINT ( 'NONE',  ( -6.961359767642286478, 26.00000000000000000, 5.900964146969708501 ) ) ;
#2388 = PLANE ( 'NONE',  #486 ) ;
#2389 = ADVANCED_FACE ( 'NONE', ( #5307 ), #6255, .F. ) ;
#2390 = DIRECTION ( 'NONE',  ( 0.000000000000000000, 0.000000000000000000, 1.000000000000000000 ) ) ;
#2391 = CARTESIAN_POINT ( 'NONE',  ( 11.50000000000000178, 7.000000000000000000, -38.75326492236801812 ) ) ;
#2392 = ORIENTED_EDGE ( 'NONE', *, *, #1698, .T. ) ;
#2393 = DIRECTION ( 'NONE',  ( 0.000000000000000000, -1.000000000000000000, 0.000000000000000000 ) ) ;
#2394 = DIRECTION ( 'NONE',  ( 0.000000000000000000, -0.000000000000000000, -1.000000000000000000 ) ) ;
#2395 = DIRECTION ( 'NONE',  ( 0.000000000000000000, 0.000000000000000000, 1.000000000000000000 ) ) ;
#2396 = ORIENTED_EDGE ( 'NONE', *, *, #3555, .F. ) ;
#2397 = CYLINDRICAL_SURFACE ( 'NONE', #5821, 2.000000000000223821 ) ;
#2398 = ORIENTED_EDGE ( 'NONE', *, *, #4510, .T. ) ;
#2399 = AXIS2_PLACEMENT_3D ( 'NONE', #1554, #1164, #2974 ) ;
#2400 = DIRECTION ( 'NONE',  ( 1.000000000000000000, 0.000000000000000000, -0.000000000000000000 ) ) ;
#2401 = EDGE_CURVE ( 'NONE', #51, #6220, #1233, .T. ) ;
#2402 =( BOUNDED_SURFACE ( )  B_SPLINE_SURFACE ( 3, 2, ( 
 ( #5231, #1286, #6081 ),
 ( #3656, #3692, #5603 ),
 ( #1763, #3725, #6148 ),
 ( #1251, #4262, #4680 ),
 ( #6208, #5132, #782 ),
 ( #4643, #1794, #5669 ),
 ( #933, #1907, #489 ),
 ( #4411, #3433, #2862 ),
 ( #2958, #1474, #2411 ),
 ( #5347, #4284, #4354 ),
 ( #5789, #3882, #3788 ),
 ( #5818, #3851, #424 ),
 ( #1377, #1939, #4801 ),
 ( #5755, #2926, #5258 ),
 ( #3402, #1850, #2382 ),
 ( #454, #901, #3369 ),
 ( #4870, #521, #4901 ),
 ( #963, #993, #3309 ),
 ( #2352, #1409, #550 ),
 ( #6237, #11, #5318 ),
 ( #2447, #5725, #1878 ),
 ( #1026, #1443, #5382 ),
 ( #3817, #3914, #46 ),
 ( #4382, #2832, #4771 ) ),
 .UNSPECIFIED., .F., .F., .T. ) 
 B_SPLINE_SURFACE_WITH_KNOTS ( ( 4, 2, 2, 2, 2, 2, 2, 2, 2, 2, 2, 4 ),
 ( 3, 3 ),
 ( 0.005101981380155723098, 0.006207212439192765635, 0.007312443498229809040, 0.009522905616303894982, 0.01173336773437798179, 0.01394382985245206860, 0.01504906091148911114, 0.01615429197052615368, 0.01836475408860024222, 0.02057521620667432730, 0.02168044726571136810, 0.02278567832474841237 ),
 ( 0.000000000000000000, 1.000000000000000000 ),
 .UNSPECIFIED. ) 
 GEOMETRIC_REPRESENTATION_ITEM ( )  RATIONAL_B_SPLINE_SURFACE ( (
 ( 1.000000000000000000, 0.7071067811865471286, 1.000000000000000000),
 ( 1.000000000000000000, 0.7306834500147642020, 1.000000000000000000),
 ( 1.000000000000000000, 0.7522136707562863123, 1.000000000000000000),
 ( 1.000000000000000000, 0.7918533042534130484, 1.000000000000000000),
 ( 1.000000000000000000, 0.8099623970661358197, 1.000000000000000000),
 ( 1.000000000000000000, 0.8597351391851473235, 1.000000000000000000),
 ( 1.000000000000000000, 0.8868815032051419189, 1.000000000000000000),
 ( 1.000000000000000000, 0.9303834663037070518, 1.000000000000000000),
 ( 1.000000000000000000, 0.9467132501339917683, 1.000000000000000000),
 ( 1.000000000000000000, 0.9687381716417525768, 1.000000000000000000),
 ( 1.000000000000000000, 0.9744251217487142069, 1.000000000000000000),
 ( 1.000000000000000000, 0.9747941121231030737, 1.000000000000000000),
 ( 1.000000000000000000, 0.9735529936952787011, 1.000000000000000000),
 ( 1.000000000000000000, 0.9683032560033713043, 1.000000000000000000),
 ( 1.000000000000000000, 0.9642901522567990380, 1.000000000000000000),
 ( 1.000000000000000000, 0.9481021930900819239, 1.000000000000000000),
 ( 1.000000000000000000, 0.9319058799959708539, 1.000000000000000000),
 ( 1.000000000000000000, 0.8884006753659506872, 1.000000000000000000),
 ( 1.000000000000000000, 0.8610699303700491969, 1.000000000000000000),
 ( 1.000000000000000000, 0.8108710899149533802, 1.000000000000000000),
 ( 1.000000000000000000, 0.7925969733214370816, 1.000000000000000000),
 ( 1.000000000000000000, 0.7525997328429439026, 1.000000000000000000),
 ( 1.000000000000000000, 0.7308768736852782055, 1.000000000000000000),
 ( 1.000000000000000000, 0.7071067811865446862, 1.000000000000000000) ) ) 
 REPRESENTATION_ITEM ( '' )  SURFACE ( )  );
#2403 = AXIS2_PLACEMENT_3D ( 'NONE', #1795, #2739, #6082 ) ;
#2404 = CARTESIAN_POINT ( 'NONE',  ( -21.56803208907647473, 29.19077620708480225, 34.57363300755999802 ) ) ;
#2405 = ORIENTED_EDGE ( 'NONE', *, *, #1866, .T. ) ;
#2406 = DIRECTION ( 'NONE',  ( 1.764125568789973300E-16, 0.000000000000000000, -1.000000000000000000 ) ) ;
#2407 = ORIENTED_EDGE ( 'NONE', *, *, #2454, .F. ) ;
#2408 = VECTOR ( 'NONE', #5822, 1000.000000000000000 ) ;
#2409 = CIRCLE ( 'NONE', #1407, 4.000000000000000000 ) ;
#2410 = EDGE_CURVE ( 'NONE', #2737, #3399, #4821, .T. ) ;
#2411 = CARTESIAN_POINT ( 'NONE',  ( 2.918510531928162788, 5.000000000000000000, 33.21722029263889908 ) ) ;
#2412 = DIRECTION ( 'NONE',  ( 0.000000000000000000, 0.000000000000000000, -1.000000000000000000 ) ) ;
#2413 = CIRCLE ( 'NONE', #5175, 2.000000000000000000 ) ;
#2414 = LINE ( 'NONE', #1475, #2816 ) ;
#2415 = DIRECTION ( 'NONE',  ( 1.000000000000000000, 0.000000000000000000, -1.272596596149578236E-15 ) ) ;
#2416 = FACE_BOUND ( 'NONE', #4775, .T. ) ;
#2417 = VERTEX_POINT ( 'NONE', #95 ) ;
#2418 = ORIENTED_EDGE ( 'NONE', *, *, #3715, .F. ) ;
#2419 = DIRECTION ( 'NONE',  ( 0.000000000000000000, -1.000000000000000000, 0.000000000000000000 ) ) ;
#2420 = AXIS2_PLACEMENT_3D ( 'NONE', #4873, #3919, #996 ) ;
#2421 = CARTESIAN_POINT ( 'NONE',  ( -8.063931798983000832, 26.00000000000000000, 6.746735077631819344 ) ) ;
#2422 = DIRECTION ( 'NONE',  ( -1.000000000000000000, 0.000000000000000000, 0.000000000000000000 ) ) ;
#2423 = CYLINDRICAL_SURFACE ( 'NONE', #3881, 2.000000000000001776 ) ;
#2424 = VECTOR ( 'NONE', #5472, 1000.000000000000000 ) ;
#2425 = ORIENTED_EDGE ( 'NONE', *, *, #2668, .F. ) ;
#2426 = EDGE_LOOP ( 'NONE', ( #1633, #2978, #3364, #821 ) ) ;
#2427 = CYLINDRICAL_SURFACE ( 'NONE', #6252, 2.000000000000000000 ) ;
#2428 = EDGE_CURVE ( 'NONE', #6220, #4874, #1557, .T. ) ;
#2429 = DIRECTION ( 'NONE',  ( -1.176083712526648949E-16, -0.000000000000000000, -1.000000000000000000 ) ) ;
#2430 = DIRECTION ( 'NONE',  ( -0.000000000000000000, -0.000000000000000000, -1.000000000000000000 ) ) ;
#2431 = PLANE ( 'NONE',  #2448 ) ;
#2432 = EDGE_LOOP ( 'NONE', ( #4370, #2405, #206, #3380 ) ) ;
#2433 = ORIENTED_EDGE ( 'NONE', *, *, #5748, .F. ) ;
#2434 = FACE_OUTER_BOUND ( 'NONE', #1089, .T. ) ;
#2435 = ORIENTED_EDGE ( 'NONE', *, *, #2740, .F. ) ;
#2436 = VECTOR ( 'NONE', #3916, 1000.000000000000000 ) ;
#2437 = LINE ( 'NONE', #1399, #5723 ) ;
#2438 = EDGE_CURVE ( 'NONE', #5078, #4245, #4996, .T. ) ;
#2439 = CIRCLE ( 'NONE', #3658, 2.000000000000000000 ) ;
#2440 = DIRECTION ( 'NONE',  ( 0.000000000000000000, 0.000000000000000000, 1.000000000000000000 ) ) ;
#2441 = DIRECTION ( 'NONE',  ( 0.000000000000000000, 1.000000000000000000, 0.000000000000000000 ) ) ;
#2442 = ORIENTED_EDGE ( 'NONE', *, *, #2248, .T. ) ;
#2443 = DIRECTION ( 'NONE',  ( 0.000000000000000000, 0.000000000000000000, -1.000000000000000000 ) ) ;
#2444 = EDGE_LOOP ( 'NONE', ( #5657, #3412, #3837 ) ) ;
#2445 = VECTOR ( 'NONE', #571, 1000.000000000000000 ) ;
#2446 = ADVANCED_FACE ( 'NONE', ( #4853, #537 ), #2431, .F. ) ;
#2447 = CARTESIAN_POINT ( 'NONE',  ( -7.392624209698348992, 6.488759931450099216, 34.42492653415726522 ) ) ;
#2448 = AXIS2_PLACEMENT_3D ( 'NONE', #4369, #1044, #5841 ) ;
#2449 = DIRECTION ( 'NONE',  ( 0.000000000000000000, 1.000000000000000000, 0.000000000000000000 ) ) ;
#2450 = CARTESIAN_POINT ( 'NONE',  ( -10.29999977648274267, 30.00000000000000000, 4.746735077631762501 ) ) ;
#2451 = ORIENTED_EDGE ( 'NONE', *, *, #5010, .T. ) ;
#2452 = ORIENTED_EDGE ( 'NONE', *, *, #4427, .T. ) ;
#2453 = CARTESIAN_POINT ( 'NONE',  ( 8.063931798982459043, 26.00000000000000000, -35.85326402829817027 ) ) ;
#2454 = EDGE_CURVE ( 'NONE', #3457, #2700, #26, .T. ) ;
#2455 = CIRCLE ( 'NONE', #3780, 2.000000000000000000 ) ;
#2456 = DIRECTION ( 'NONE',  ( -0.4226189496394526235, 0.000000000000000000, 0.9063074662638754830 ) ) ;
#2457 = CARTESIAN_POINT ( 'NONE',  ( 14.50000000000000000, 23.00000000000000000, -40.75326492236801812 ) ) ;
#2458 = DIRECTION ( 'NONE',  ( -0.000000000000000000, -1.000000000000000000, -0.000000000000000000 ) ) ;
#2459 = EDGE_LOOP ( 'NONE', ( #4980, #1501, #5639, #1195 ) ) ;
#2460 = EDGE_CURVE ( 'NONE', #2911, #4409, #3933, .T. ) ;
#2461 = ORIENTED_EDGE ( 'NONE', *, *, #665, .T. ) ;
#2462 = CARTESIAN_POINT ( 'NONE',  ( -11.50000000000000178, 24.99999999999999645, -40.75326492236801812 ) ) ;
#2463 = LINE ( 'NONE', #2086, #2154 ) ;
#2464 = DIRECTION ( 'NONE',  ( -1.000000000000000000, -0.000000000000000000, 1.176083712526649195E-16 ) ) ;
#2465 = DIRECTION ( 'NONE',  ( 0.000000000000000000, 0.000000000000000000, -1.000000000000000000 ) ) ;
#2466 = ORIENTED_EDGE ( 'NONE', *, *, #5931, .F. ) ;
#2467 = PRODUCT_RELATED_PRODUCT_CATEGORY ( 'part', '', ( #6121 ) ) ;
#2468 = VERTEX_POINT ( 'NONE', #1492 ) ;
#2469 = LINE ( 'NONE', #1224, #3802 ) ;
#2470 = CARTESIAN_POINT ( 'NONE',  ( 9.554643783982681882, 26.00000000000000000, 5.413401744298711904 ) ) ;
#2471 = EDGE_CURVE ( 'NONE', #4896, #5095, #2946, .T. ) ;
#2472 =( NAMED_UNIT ( * ) PLANE_ANGLE_UNIT ( ) SI_UNIT ( $, .RADIAN. ) );
#2473 = ORIENTED_EDGE ( 'NONE', *, *, #4049, .T. ) ;
#2474 = AXIS2_PLACEMENT_3D ( 'NONE', #2120, #1019, #5875 ) ;
#2475 = VECTOR ( 'NONE', #4876, 1000.000000000000000 ) ;
#2476 = CARTESIAN_POINT ( 'NONE',  ( -7.500000000000001776, 5.000000000000000000, 12.24673507763198543 ) ) ;
#2477 = ORIENTED_EDGE ( 'NONE', *, *, #4700, .F. ) ;
#2478 = AXIS2_PLACEMENT_3D ( 'NONE', #2232, #4168, #6109 ) ;
#2479 = DIRECTION ( 'NONE',  ( 0.4226189496394524014, 0.000000000000000000, -0.9063074662638755941 ) ) ;
#2480 = DIRECTION ( 'NONE',  ( -0.000000000000000000, -0.000000000000000000, -1.000000000000000000 ) ) ;
#2481 = DIRECTION ( 'NONE',  ( 0.000000000000000000, 0.000000000000000000, 1.000000000000000000 ) ) ;
#2482 = DIRECTION ( 'NONE',  ( -0.000000000000000000, -1.000000000000000000, 0.000000000000000000 ) ) ;
#2483 = EDGE_CURVE ( 'NONE', #1374, #6212, #573, .T. ) ;
#2484 = CARTESIAN_POINT ( 'NONE',  ( 0.000000000000000000, 55.00000000000000000, 0.000000000000000000 ) ) ;
#2485 = ORIENTED_EDGE ( 'NONE', *, *, #2746, .F. ) ;
#2486 = CARTESIAN_POINT ( 'NONE',  ( -12.50000000000000000, 23.00000000000000000, -38.75326492236801812 ) ) ;
#2487 = AXIS2_PLACEMENT_3D ( 'NONE', #6008, #1998, #2572 ) ;
#2488 = DIRECTION ( 'NONE',  ( -1.000000000000000000, -0.000000000000000000, -0.000000000000000000 ) ) ;
#2489 = DIRECTION ( 'NONE',  ( 0.4226189496394527345, -0.000000000000000000, -0.9063074662638754830 ) ) ;
#2490 = CARTESIAN_POINT ( 'NONE',  ( 6.613092709592609990E-15, 49.55000000000001847, 54.00000000000000000 ) ) ;
#2491 = VERTEX_POINT ( 'NONE', #5937 ) ;
#2492 = VERTEX_POINT ( 'NONE', #2530 ) ;
#2493 = LINE ( 'NONE', #3514, #1737 ) ;
#2494 = DIRECTION ( 'NONE',  ( -0.000000000000000000, -0.000000000000000000, -1.000000000000000000 ) ) ;
#2495 = LINE ( 'NONE', #2975, #5711 ) ;
#2496 = LINE ( 'NONE', #5840, #5054 ) ;
#2497 = DIRECTION ( 'NONE',  ( 1.000000000000000000, 0.000000000000000000, -0.000000000000000000 ) ) ;
#2498 = VERTEX_POINT ( 'NONE', #5495 ) ;
#2499 = EDGE_LOOP ( 'NONE', ( #1055, #4766, #4509, #6044 ) ) ;
#2500 = EDGE_LOOP ( 'NONE', ( #5708, #1014, #3066, #5439, #1818, #3675, #3816, #3630 ) ) ;
#2501 = CARTESIAN_POINT ( 'NONE',  ( -9.500000000000001776, 23.00000000000000000, 13.24673507763199076 ) ) ;
#2502 = ORIENTED_EDGE ( 'NONE', *, *, #832, .F. ) ;
#2503 = CIRCLE ( 'NONE', #1603, 2.000000000000000000 ) ;
#2504 = LINE ( 'NONE', #4505, #5186 ) ;
#2505 = ORIENTED_EDGE ( 'NONE', *, *, #4087, .F. ) ;
#2506 = FACE_OUTER_BOUND ( 'NONE', #5145, .T. ) ;
#2507 = ORIENTED_EDGE ( 'NONE', *, *, #6268, .F. ) ;
#2508 = AXIS2_PLACEMENT_3D ( 'NONE', #2833, #3818, #5756 ) ;
#2509 = ADVANCED_FACE ( 'NONE', ( #4560 ), #4893, .F. ) ;
#2510 = EDGE_CURVE ( 'NONE', #2121, #1549, #696, .T. ) ;
#2511 = CARTESIAN_POINT ( 'NONE',  ( 8.418828923307865253, 26.00000000000000000, 4.778474924312426708 ) ) ;
#2512 = DIRECTION ( 'NONE',  ( 1.000000000000000000, 0.000000000000000000, 0.000000000000000000 ) ) ;
#2513 = EDGE_LOOP ( 'NONE', ( #2948, #5746, #3845, #676, #117, #661, #5777, #3983 ) ) ;
#2514 = CARTESIAN_POINT ( 'NONE',  ( 12.50000000000000711, 5.000000000000000000, 13.24673507763198721 ) ) ;
#2515 = ORIENTED_EDGE ( 'NONE', *, *, #217, .T. ) ;
#2516 = VECTOR ( 'NONE', #331, 1000.000000000000000 ) ;
#2517 = FACE_OUTER_BOUND ( 'NONE', #5843, .T. ) ;
#2518 = EDGE_CURVE ( 'NONE', #4228, #4486, #4577, .T. ) ;
#2519 = AXIS2_PLACEMENT_3D ( 'NONE', #5076, #5936, #3965 ) ;
#2520 = DIRECTION ( 'NONE',  ( -0.4226189496394527345, -0.000000000000000000, 0.9063074662638755941 ) ) ;
#2521 = DIRECTION ( 'NONE',  ( -0.000000000000000000, -0.000000000000000000, 1.000000000000000000 ) ) ;
#2522 = ORIENTED_EDGE ( 'NONE', *, *, #4118, .T. ) ;
#2523 = VERTEX_POINT ( 'NONE', #3518 ) ;
#2524 = AXIS2_PLACEMENT_3D ( 'NONE', #5798, #1004, #1858 ) ;
#2525 = EDGE_CURVE ( 'NONE', #960, #937, #5599, .T. ) ;
#2526 = CIRCLE ( 'NONE', #3533, 2.000000000000000000 ) ;
#2527 = CARTESIAN_POINT ( 'NONE',  ( -11.50000000000000178, 23.00000000000000000, -41.75326492236801101 ) ) ;
#2528 = DIRECTION ( 'NONE',  ( 0.000000000000000000, 1.000000000000000000, 0.000000000000000000 ) ) ;
#2529 = LINE ( 'NONE', #4465, #5061 ) ;
#2530 = CARTESIAN_POINT ( 'NONE',  ( -14.99999966472387314, 2.015564250886539011, 9.855620236878186446 ) ) ;
#2531 = VERTEX_POINT ( 'NONE', #1137 ) ;
#2532 = ORIENTED_EDGE ( 'NONE', *, *, #5713, .T. ) ;
#2533 = CARTESIAN_POINT ( 'NONE',  ( -2.726273952367047393, 26.00000000000000000, 10.24673507763198899 ) ) ;
#2534 = ORIENTED_EDGE ( 'NONE', *, *, #2799, .F. ) ;
#2535 = ADVANCED_FACE ( 'NONE', ( #1677 ), #642, .T. ) ;
#2536 = DIRECTION ( 'NONE',  ( 0.000000000000000000, 1.000000000000000000, 0.000000000000000000 ) ) ;
#2537 = EDGE_LOOP ( 'NONE', ( #634, #1225, #3854, #4460 ) ) ;
#2538 = ADVANCED_FACE ( 'NONE', ( #1645 ), #3603, .F. ) ;
#2539 = AXIS2_PLACEMENT_3D ( 'NONE', #3557, #145, #1149 ) ;
#2540 = CARTESIAN_POINT ( 'NONE',  ( -9.500000000000001776, 23.00000000000000000, -41.75326492236801101 ) ) ;
#2541 = ORIENTED_EDGE ( 'NONE', *, *, #3961, .T. ) ;
#2542 = EDGE_CURVE ( 'NONE', #4422, #2523, #161, .T. ) ;
#2543 = CARTESIAN_POINT ( 'NONE',  ( 9.698850806325167270E-16, 7.000000000000000000, 8.246735077631983657 ) ) ;
#2544 = CIRCLE ( 'NONE', #1436, 4.000000000000003553 ) ;
#2545 = DIRECTION ( 'NONE',  ( -1.000000000000000000, 0.000000000000000000, 0.000000000000000000 ) ) ;
#2546 = DIRECTION ( 'NONE',  ( 0.000000000000000000, 0.000000000000000000, -1.000000000000000000 ) ) ;
#2547 = ORIENTED_EDGE ( 'NONE', *, *, #3766, .F. ) ;
#2548 = AXIS2_PLACEMENT_3D ( 'NONE', #2462, #2112, #2587 ) ;
#2549 = DIRECTION ( 'NONE',  ( 0.000000000000000000, 1.000000000000000000, 0.000000000000000000 ) ) ;
#2550 = ORIENTED_EDGE ( 'NONE', *, *, #6267, .T. ) ;
#2551 = ADVANCED_FACE ( 'NONE', ( #5967 ), #2117, .F. ) ;
#2552 = DIRECTION ( 'NONE',  ( -0.000000000000000000, -1.000000000000000000, -0.000000000000000000 ) ) ;
#2553 = CIRCLE ( 'NONE', #2851, 2.000000000000001776 ) ;
#2554 = FACE_OUTER_BOUND ( 'NONE', #3206, .T. ) ;
#2555 = PLANE ( 'NONE',  #507 ) ;
#2556 = EDGE_LOOP ( 'NONE', ( #5373, #3820, #3012, #4085, #6182, #5113, #4673, #549 ) ) ;
#2557 = ORIENTED_EDGE ( 'NONE', *, *, #1574, .T. ) ;
#2558 = EDGE_CURVE ( 'NONE', #6013, #2327, #2852, .T. ) ;
#2559 = CARTESIAN_POINT ( 'NONE',  ( 20.80000000000000782, 5.000000000000000000, 36.42492653411373738 ) ) ;
#2560 = VECTOR ( 'NONE', #4819, 1000.000000000000000 ) ;
#2561 = DIRECTION ( 'NONE',  ( -1.000000000000000000, 0.000000000000000000, 0.000000000000000000 ) ) ;
#2562 = LINE ( 'NONE', #5965, #4784 ) ;
#2563 = CARTESIAN_POINT ( 'NONE',  ( 20.30000000000000782, 55.00000000000000000, 36.92492653411373738 ) ) ;
#2564 = DIRECTION ( 'NONE',  ( 0.9063074662638754830, 0.000000000000000000, 0.4226189496394526235 ) ) ;
#2565 = ORIENTED_EDGE ( 'NONE', *, *, #2205, .T. ) ;
#2566 = ADVANCED_FACE ( 'NONE', ( #220 ), #1168, .F. ) ;
#2567 = DIRECTION ( 'NONE',  ( 1.000000000000000000, 0.000000000000000000, 0.000000000000000000 ) ) ;
#2568 = CARTESIAN_POINT ( 'NONE',  ( -12.50000000000000000, 30.00000000000000000, -43.75326492236801812 ) ) ;
#2569 = ORIENTED_EDGE ( 'NONE', *, *, #2898, .T. ) ;
#2570 = CYLINDRICAL_SURFACE ( 'NONE', #5781, 51.50000000000000000 ) ;
#2571 = ORIENTED_EDGE ( 'NONE', *, *, #4763, .F. ) ;
#2572 = DIRECTION ( 'NONE',  ( 1.000000000000000000, 0.000000000000000000, 0.000000000000000000 ) ) ;
#2573 = EDGE_CURVE ( 'NONE', #5456, #107, #3574, .T. ) ;
#2574 = DIRECTION ( 'NONE',  ( 0.000000000000000000, 0.000000000000000000, 1.000000000000000000 ) ) ;
#2575 = FACE_OUTER_BOUND ( 'NONE', #3549, .T. ) ;
#2576 = DIRECTION ( 'NONE',  ( 0.000000000000000000, 0.000000000000000000, 1.000000000000000000 ) ) ;
#2577 = AXIS2_PLACEMENT_3D ( 'NONE', #4473, #4891, #3424 ) ;
#2578 = CARTESIAN_POINT ( 'NONE',  ( -6.564214038173121324, 7.743803025179316180, 51.09531507396739869 ) ) ;
#2579 = ORIENTED_EDGE ( 'NONE', *, *, #1649, .T. ) ;
#2580 = DIRECTION ( 'NONE',  ( -0.000000000000000000, -0.000000000000000000, 1.000000000000000000 ) ) ;
#2581 = VECTOR ( 'NONE', #3126, 1000.000000000000000 ) ;
#2582 = DIRECTION ( 'NONE',  ( -0.000000000000000000, -1.000000000000000000, -0.000000000000000000 ) ) ;
#2583 = LINE ( 'NONE', #5893, #1207 ) ;
#2584 = VERTEX_POINT ( 'NONE', #1194 ) ;
#2585 = ORIENTED_EDGE ( 'NONE', *, *, #4991, .F. ) ;
#2586 = AXIS2_PLACEMENT_3D ( 'NONE', #3034, #3984, #5923 ) ;
#2587 = DIRECTION ( 'NONE',  ( 0.000000000000000000, 0.000000000000000000, 1.000000000000000000 ) ) ;
#2588 = EDGE_CURVE ( 'NONE', #3878, #4132, #3470, .T. ) ;
#2589 = CIRCLE ( 'NONE', #3401, 4.000000000000003553 ) ;
#2590 = DIRECTION ( 'NONE',  ( -0.000000000000000000, 1.000000000000000000, -0.000000000000000000 ) ) ;
#2591 = DIRECTION ( 'NONE',  ( 1.000000000000000000, -0.000000000000000000, -0.000000000000000000 ) ) ;
#2592 = DIRECTION ( 'NONE',  ( 1.000000000000000000, 0.000000000000000000, -1.176083712526649195E-16 ) ) ;
#2593 = CARTESIAN_POINT ( 'NONE',  ( -16.99982397258281708, -2.500000000000000000, 10.02646417955922686 ) ) ;
#2594 = ORIENTED_EDGE ( 'NONE', *, *, #1176, .F. ) ;
#2595 = LINE ( 'NONE', #4531, #6041 ) ;
#2596 = CARTESIAN_POINT ( 'NONE',  ( -14.99999966472389445, -2.015564276980035707, 9.120155997975308182 ) ) ;
#2597 = EDGE_LOOP ( 'NONE', ( #6241, #5490, #1608, #2890 ) ) ;
#2598 = CARTESIAN_POINT ( 'NONE',  ( -4.538640232357586513, 26.00000000000000000, 11.09250600829422595 ) ) ;
#2599 = VERTEX_POINT ( 'NONE', #760 ) ;
#2600 = EDGE_CURVE ( 'NONE', #1560, #718, #2455, .T. ) ;
#2601 = EDGE_CURVE ( 'NONE', #3124, #4176, #5615, .T. ) ;
#2602 = STYLED_ITEM ( 'NONE', ( #2776 ), #4029 ) ;
#2603 = CYLINDRICAL_SURFACE ( 'NONE', #1613, 2.000000000000000000 ) ;
#2604 = CARTESIAN_POINT ( 'NONE',  ( -1.250000000000000444, 48.30000000000001847, 78.92492653411373738 ) ) ;
#2605 = CARTESIAN_POINT ( 'NONE',  ( 19.31605446941562221, 20.74762011845726306, 47.74045673311155724 ) ) ;
#2606 = ORIENTED_EDGE ( 'NONE', *, *, #733, .F. ) ;
#2607 = DIRECTION ( 'NONE',  ( 0.000000000000000000, 0.000000000000000000, 1.000000000000000000 ) ) ;
#2608 = VECTOR ( 'NONE', #1636, 1000.000000000000000 ) ;
#2609 = EDGE_CURVE ( 'NONE', #2027, #2690, #4626, .T. ) ;
#2610 = EDGE_CURVE ( 'NONE', #3872, #1510, #5681, .T. ) ;
#2611 = LINE ( 'NONE', #3481, #193 ) ;
#2612 = AXIS2_PLACEMENT_3D ( 'NONE', #5950, #1655, #3529 ) ;
#2613 = LINE ( 'NONE', #1157, #2827 ) ;
#2614 = ORIENTED_EDGE ( 'NONE', *, *, #1814, .F. ) ;
#2615 = ORIENTED_EDGE ( 'NONE', *, *, #2225, .T. ) ;
#2616 = DIRECTION ( 'NONE',  ( 1.000000000000000000, 0.000000000000000000, 0.000000000000000000 ) ) ;
#2617 = PRODUCT_DEFINITION_FORMATION_WITH_SPECIFIED_SOURCE ( 'ANY', '', #3676, .NOT_KNOWN. ) ;
#2618 = CIRCLE ( 'NONE', #399, 2.000000000000001776 ) ;
#2619 = DIRECTION ( 'NONE',  ( 0.9063074662638741508, -6.147111219247054649E-08, 0.4226189496394510692 ) ) ;
#2620 = DIRECTION ( 'NONE',  ( 0.000000000000000000, 0.000000000000000000, -1.000000000000000000 ) ) ;
#2621 = DIRECTION ( 'NONE',  ( -0.000000000000000000, -1.000000000000000000, -0.000000000000000000 ) ) ;
#2622 = DIRECTION ( 'NONE',  ( 0.000000000000000000, 0.000000000000000000, -1.000000000000000000 ) ) ;
#2623 = CIRCLE ( 'NONE', #2723, 2.000000000000000000 ) ;
#2624 = ORIENTED_EDGE ( 'NONE', *, *, #1472, .T. ) ;
#2625 = EDGE_CURVE ( 'NONE', #2953, #5729, #4573, .T. ) ;
#2626 = CARTESIAN_POINT ( 'NONE',  ( -14.69037735642265119, -7.749999873340129852, 9.999999776482582092 ) ) ;
#2627 = AXIS2_PLACEMENT_3D ( 'NONE', #3539, #2489, #1607 ) ;
#2628 = DIRECTION ( 'NONE',  ( -1.000000000000000000, 0.000000000000000000, 0.000000000000000000 ) ) ;
#2629 = ORIENTED_EDGE ( 'NONE', *, *, #4361, .F. ) ;
#2630 = ADVANCED_FACE ( 'NONE', ( #1297 ), #1328, .F. ) ;
#2631 = CARTESIAN_POINT ( 'NONE',  ( -9.500000000000001776, 5.000000000000000000, 12.24673507763198543 ) ) ;
#2632 = CARTESIAN_POINT ( 'NONE',  ( 0.000000000000000000, 5.000000000000000000, 0.000000000000000000 ) ) ;
#2633 = VERTEX_POINT ( 'NONE', #6095 ) ;
#2634 = CARTESIAN_POINT ( 'NONE',  ( -17.56255317094082358, 16.79769052532808971, 48.41403853446993111 ) ) ;
#2635 = EDGE_LOOP ( 'NONE', ( #3192, #3142 ) ) ;
#2636 = EDGE_CURVE ( 'NONE', #1560, #3934, #3202, .T. ) ;
#2637 = DIRECTION ( 'NONE',  ( -0.000000000000000000, 1.000000000000000000, -0.000000000000000000 ) ) ;
#2638 = DIRECTION ( 'NONE',  ( 0.000000000000000000, 0.000000000000000000, 1.000000000000000000 ) ) ;
#2639 = CARTESIAN_POINT ( 'NONE',  ( 0.000000000000000000, 55.00000000000000000, 0.000000000000000000 ) ) ;
#2640 = VERTEX_POINT ( 'NONE', #5214 ) ;
#2641 = EDGE_CURVE ( 'NONE', #1397, #6143, #2759, .T. ) ;
#2642 = CARTESIAN_POINT ( 'NONE',  ( 0.000000000000000000, 27.00000000000000000, 37.42492653411373738 ) ) ;
#2643 = VERTEX_POINT ( 'NONE', #319 ) ;
#2644 = DIRECTION ( 'NONE',  ( 0.000000000000000000, -1.000000000000000000, 0.000000000000000000 ) ) ;
#2645 = CIRCLE ( 'NONE', #594, 3.999999999999996447 ) ;
#2646 = AXIS2_PLACEMENT_3D ( 'NONE', #3548, #4020, #5464 ) ;
#2647 = EDGE_CURVE ( 'NONE', #6013, #555, #534, .T. ) ;
#2648 = DIRECTION ( 'NONE',  ( 1.000000000000000000, 0.000000000000000000, 0.000000000000000000 ) ) ;
#2649 = DIRECTION ( 'NONE',  ( 0.000000000000000000, 0.000000000000000000, 1.000000000000000000 ) ) ;
#2650 = DIRECTION ( 'NONE',  ( 1.000000000000000000, 0.000000000000000000, 0.000000000000000000 ) ) ;
#2651 = ORIENTED_EDGE ( 'NONE', *, *, #3308, .F. ) ;
#2652 = DIRECTION ( 'NONE',  ( 1.000000000000000000, 0.000000000000000000, 0.000000000000000000 ) ) ;
#2653 = DIRECTION ( 'NONE',  ( 0.000000000000000000, -1.000000000000000000, 0.000000000000000000 ) ) ;
#2654 = DIRECTION ( 'NONE',  ( -1.764125568789973300E-16, 0.000000000000000000, 1.000000000000000000 ) ) ;
#2655 = ORIENTED_EDGE ( 'NONE', *, *, #2510, .T. ) ;
#2656 = AXIS2_PLACEMENT_3D ( 'NONE', #1986, #5013, #4984 ) ;
#2657 = DIRECTION ( 'NONE',  ( 1.000000000000000000, 0.000000000000000000, 0.000000000000000000 ) ) ;
#2658 = ADVANCED_FACE ( 'NONE', ( #3704 ), #2272, .T. ) ;
#2659 = EDGE_CURVE ( 'NONE', #1487, #2468, #2304, .T. ) ;
#2660 = CARTESIAN_POINT ( 'NONE',  ( -9.500000000000001776, 5.000000000000000000, -45.75326492236801812 ) ) ;
#2661 = DIRECTION ( 'NONE',  ( 7.826644089160282576E-15, 0.000000000000000000, -1.000000000000000000 ) ) ;
#2662 = CARTESIAN_POINT ( 'NONE',  ( -3.053113317719180486E-13, 26.00000000000000000, -37.80326402829826549 ) ) ;
#2663 = ORIENTED_EDGE ( 'NONE', *, *, #5230, .F. ) ;
#2664 = DIRECTION ( 'NONE',  ( 1.000000000000000000, -0.000000000000000000, -0.000000000000000000 ) ) ;
#2665 = VERTEX_POINT ( 'NONE', #5648 ) ;
#2666 = VERTEX_POINT ( 'NONE', #4269 ) ;
#2667 = DIRECTION ( 'NONE',  ( -0.000000000000000000, 1.000000000000000000, -0.000000000000000000 ) ) ;
#2668 = EDGE_CURVE ( 'NONE', #2897, #2997, #5241, .T. ) ;
#2669 = DIRECTION ( 'NONE',  ( -1.000000000000000000, 0.000000000000000000, 1.521687259628777768E-16 ) ) ;
#2670 = LINE ( 'NONE', #1287, #3023 ) ;
#2671 = DIRECTION ( 'NONE',  ( 0.000000000000000000, 1.000000000000000000, -0.000000000000000000 ) ) ;
#2672 = VERTEX_POINT ( 'NONE', #3738 ) ;
#2673 = EDGE_LOOP ( 'NONE', ( #5906, #2060, #2697, #6249 ) ) ;
#2674 = DIRECTION ( 'NONE',  ( 0.000000000000000000, 1.000000000000000000, 0.000000000000000000 ) ) ;
#2675 = ORIENTED_EDGE ( 'NONE', *, *, #3413, .T. ) ;
#2676 = AXIS2_PLACEMENT_3D ( 'NONE', #2933, #5825, #3857 ) ;
#2677 = EDGE_CURVE ( 'NONE', #4913, #813, #2853, .T. ) ;
#2678 = CARTESIAN_POINT ( 'NONE',  ( -10.12317673398208839, 2.500000000000000000, -4.720524190280062093 ) ) ;
#2679 = VECTOR ( 'NONE', #2357, 1000.000000000000000 ) ;
#2680 = FACE_OUTER_BOUND ( 'NONE', #5371, .T. ) ;
#2681 = CARTESIAN_POINT ( 'NONE',  ( 9.698850806325167270E-16, 7.000000000000000000, 8.246735077631983657 ) ) ;
#2682 = CARTESIAN_POINT ( 'NONE',  ( -0.7683740329709981554, 47.30064839287300771, 51.49439689102679552 ) ) ;
#2683 = ORIENTED_EDGE ( 'NONE', *, *, #3104, .T. ) ;
#2684 = ORIENTED_EDGE ( 'NONE', *, *, #2460, .F. ) ;
#2685 = DIRECTION ( 'NONE',  ( 1.000000000000000000, 0.000000000000000000, 0.000000000000000000 ) ) ;
#2686 = EDGE_CURVE ( 'NONE', #1413, #4627, #6248, .T. ) ;
#2687 = AXIS2_PLACEMENT_3D ( 'NONE', #4934, #3054, #1146 ) ;
#2688 = DIRECTION ( 'NONE',  ( 0.000000000000000000, 0.000000000000000000, 1.000000000000000000 ) ) ;
#2689 = AXIS2_PLACEMENT_3D ( 'NONE', #1771, #758, #317 ) ;
#2690 = VERTEX_POINT ( 'NONE', #2490 ) ;
#2691 = CARTESIAN_POINT ( 'NONE',  ( -15.19893862388081196, 0.8928575042518954730, 10.86623247323444552 ) ) ;
#2692 = CARTESIAN_POINT ( 'NONE',  ( -15.51608050105626724, 0.7500000065192584664, 10.71834649412947726 ) ) ;
#2693 = DIRECTION ( 'NONE',  ( -0.000000000000000000, -0.000000000000000000, -1.000000000000000000 ) ) ;
#2694 = PLANE ( 'NONE',  #2743 ) ;
#2695 = ORIENTED_EDGE ( 'NONE', *, *, #5055, .F. ) ;
#2696 = DIRECTION ( 'NONE',  ( -0.000000000000000000, -0.000000000000000000, -1.000000000000000000 ) ) ;
#2697 = ORIENTED_EDGE ( 'NONE', *, *, #5763, .F. ) ;
#2698 = ORIENTED_EDGE ( 'NONE', *, *, #3961, .F. ) ;
#2699 = LINE ( 'NONE', #4641, #6147 ) ;
#2700 = VERTEX_POINT ( 'NONE', #502 ) ;
#2701 = CARTESIAN_POINT ( 'NONE',  ( -22.80000000000000782, 6.999999999999999112, 34.42492653411373738 ) ) ;
#2702 = CARTESIAN_POINT ( 'NONE',  ( 0.000000000000000000, 55.00000000000000000, 0.000000000000000000 ) ) ;
#2703 = B_SPLINE_CURVE_WITH_KNOTS ( 'NONE', 2,
 ( #2312, #4367, #1864 ),
 .UNSPECIFIED., .F., .F.,
 ( 3, 3 ),
 ( 0.000000000000000000, 1.000000000000000000 ),
 .UNSPECIFIED. ) ;
#2704 = DIRECTION ( 'NONE',  ( 0.000000000000000000, 0.000000000000000000, 1.000000000000000000 ) ) ;
#2705 = ORIENTED_EDGE ( 'NONE', *, *, #182, .T. ) ;
#2706 = MECHANICAL_DESIGN_GEOMETRIC_PRESENTATION_REPRESENTATION (  '', ( #2602 ), #992 ) ;
#2707 = EDGE_LOOP ( 'NONE', ( #4458, #2813, #1976, #2569 ) ) ;
#2708 = CARTESIAN_POINT ( 'NONE',  ( -11.50000000000000178, 7.000000000000000000, 8.246735077631985433 ) ) ;
#2709 = ORIENTED_EDGE ( 'NONE', *, *, #2625, .T. ) ;
#2710 = ADVANCED_FACE ( 'NONE', ( #4781 ), #943, .F. ) ;
#2711 = AXIS2_PLACEMENT_3D ( 'NONE', #4944, #5007, #5863 ) ;
#2712 = VECTOR ( 'NONE', #1147, 1000.000000000000000 ) ;
#2713 = SURFACE_STYLE_FILL_AREA ( #4718 ) ;
#2714 = CARTESIAN_POINT ( 'NONE',  ( -11.50000000000000178, 6.999999999999999112, 12.24673507763198543 ) ) ;
#2715 = DIRECTION ( 'NONE',  ( 0.000000000000000000, 1.000000000000000000, 0.000000000000000000 ) ) ;
#2716 = DIRECTION ( 'NONE',  ( 0.000000000000000000, 0.000000000000000000, 1.000000000000000000 ) ) ;
#2717 = VERTEX_POINT ( 'NONE', #5736 ) ;
#2718 = ORIENTED_EDGE ( 'NONE', *, *, #3968, .T. ) ;
#2719 = AXIS2_PLACEMENT_3D ( 'NONE', #2484, #2549, #4973 ) ;
#2720 = VECTOR ( 'NONE', #5056, 1000.000000000000000 ) ;
#2721 = ADVANCED_FACE ( 'NONE', ( #434 ), #6280, .F. ) ;
#2722 = LINE ( 'NONE', #4629, #1884 ) ;
#2723 = AXIS2_PLACEMENT_3D ( 'NONE', #5735, #5328, #2422 ) ;
#2724 = EDGE_CURVE ( 'NONE', #5507, #3928, #4998, .T. ) ;
#2725 =( LENGTH_UNIT ( ) NAMED_UNIT ( * ) SI_UNIT ( .MILLI., .METRE. ) );
#2726 = ORIENTED_EDGE ( 'NONE', *, *, #2062, .T. ) ;
#2727 = LINE ( 'NONE', #5556, #3000 ) ;
#2728 = CARTESIAN_POINT ( 'NONE',  ( 0.000000000000000000, 27.00000000000000000, 48.42492653411373738 ) ) ;
#2729 = AXIS2_PLACEMENT_3D ( 'NONE', #5233, #2895, #492 ) ;
#2730 = DIRECTION ( 'NONE',  ( 0.000000000000000000, -1.000000000000000000, 0.000000000000000000 ) ) ;
#2731 = EDGE_CURVE ( 'NONE', #4416, #4813, #1454, .T. ) ;
#2732 = CARTESIAN_POINT ( 'NONE',  ( 9.500000000000001776, 7.000000000000000000, 15.24673507763198188 ) ) ;
#2733 = CARTESIAN_POINT ( 'NONE',  ( -17.21748401750074109, 16.22582147841410460, 48.53822877339235475 ) ) ;
#2734 = ORIENTED_EDGE ( 'NONE', *, *, #1831, .T. ) ;
#2735 = ORIENTED_EDGE ( 'NONE', *, *, #4716, .T. ) ;
#2736 = DIRECTION ( 'NONE',  ( 0.000000000000000000, 0.000000000000000000, 1.000000000000000000 ) ) ;
#2737 = VERTEX_POINT ( 'NONE', #4365 ) ;
#2738 = DIRECTION ( 'NONE',  ( 1.000000000000000000, 0.000000000000000000, -1.176083712526649195E-16 ) ) ;
#2739 = DIRECTION ( 'NONE',  ( 0.000000000000000000, 0.000000000000000000, 1.000000000000000000 ) ) ;
#2740 = EDGE_CURVE ( 'NONE', #4615, #2805, #4328, .T. ) ;
#2741 = CARTESIAN_POINT ( 'NONE',  ( -14.50000000000001066, 23.00000000000000000, -36.75326492236801812 ) ) ;
#2742 = ORIENTED_EDGE ( 'NONE', *, *, #6036, .F. ) ;
#2743 = AXIS2_PLACEMENT_3D ( 'NONE', #4164, #2025, #1460 ) ;
#2744 = ORIENTED_EDGE ( 'NONE', *, *, #2935, .T. ) ;
#2745 = DIRECTION ( 'NONE',  ( 1.000000000000000000, 0.000000000000000000, 0.000000000000000000 ) ) ;
#2746 = EDGE_CURVE ( 'NONE', #4068, #3772, #1005, .T. ) ;
#2747 = DIRECTION ( 'NONE',  ( 1.000000000000000000, -0.000000000000000000, 0.000000000000000000 ) ) ;
#2748 = DIRECTION ( 'NONE',  ( -0.000000000000000000, 1.000000000000000000, -0.000000000000000000 ) ) ;
#2749 = DIRECTION ( 'NONE',  ( -1.000000000000000000, 0.000000000000000000, 0.000000000000000000 ) ) ;
#2750 = ORIENTED_EDGE ( 'NONE', *, *, #1915, .T. ) ;
#2751 = ORIENTED_EDGE ( 'NONE', *, *, #1145, .F. ) ;
#2752 = CARTESIAN_POINT ( 'NONE',  ( 7.500000000000001776, 26.99999999999999645, 13.24673507763198543 ) ) ;
#2753 = ORIENTED_EDGE ( 'NONE', *, *, #3876, .F. ) ;
#2754 = AXIS2_PLACEMENT_3D ( 'NONE', #6289, #2910, #1988 ) ;
#2755 = EDGE_CURVE ( 'NONE', #1587, #6132, #4294, .T. ) ;
#2756 = CARTESIAN_POINT ( 'NONE',  ( -19.99999955296516418, 9.999999776482582092, 4.999999888241291046 ) ) ;
#2757 = ORIENTED_EDGE ( 'NONE', *, *, #5104, .T. ) ;
#2758 = FACE_OUTER_BOUND ( 'NONE', #4925, .T. ) ;
#2759 = CIRCLE ( 'NONE', #4480, 0.9999999999998698819 ) ;
#2760 = DIRECTION ( 'NONE',  ( -0.2345698027577533817, 0.9659257760966472039, -0.1093819121531457439 ) ) ;
#2761 = AXIS2_PLACEMENT_3D ( 'NONE', #2908, #2340, #4273 ) ;
#2762 = CARTESIAN_POINT ( 'NONE',  ( -14.99999966472387314, -5.750000011175870895, 9.999999776482582092 ) ) ;
#2763 = CARTESIAN_POINT ( 'NONE',  ( 12.50000000000000178, 7.000000000000006217, -41.75326492236801101 ) ) ;
#2764 = ORIENTED_EDGE ( 'NONE', *, *, #109, .F. ) ;
#2765 = FACE_OUTER_BOUND ( 'NONE', #2803, .T. ) ;
#2766 = ORIENTED_EDGE ( 'NONE', *, *, #1606, .T. ) ;
#2767 = EDGE_CURVE ( 'NONE', #6264, #1578, #1353, .T. ) ;
#2768 = DIRECTION ( 'NONE',  ( -1.176083712526649195E-16, 0.000000000000000000, -1.000000000000000000 ) ) ;
#2769 = LINE ( 'NONE', #3625, #3234 ) ;
#2770 = FACE_OUTER_BOUND ( 'NONE', #2370, .T. ) ;
#2771 = VERTEX_POINT ( 'NONE', #2391 ) ;
#2772 = ORIENTED_EDGE ( 'NONE', *, *, #969, .T. ) ;
#2773 = DIRECTION ( 'NONE',  ( -0.000000000000000000, 0.000000000000000000, 1.000000000000000000 ) ) ;
#2774 = EDGE_LOOP ( 'NONE', ( #36, #374, #793, #6139 ) ) ;
#2775 = CIRCLE ( 'NONE', #4915, 4.000000000000000000 ) ;
#2776 = PRESENTATION_STYLE_ASSIGNMENT (( #5074 ) ) ;
#2777 = DIRECTION ( 'NONE',  ( 0.000000000000000000, 0.000000000000000000, 1.000000000000000000 ) ) ;
#2778 = CARTESIAN_POINT ( 'NONE',  ( -14.99999966472387314, -2.500000000000000888, 9.999999776482582092 ) ) ;
#2779 = CARTESIAN_POINT ( 'NONE',  ( -6.961359767642286478, 26.00000000000000000, 5.900964146969708501 ) ) ;
#2780 = EDGE_LOOP ( 'NONE', ( #5124, #3579, #3595, #3893 ) ) ;
#2781 = ORIENTED_EDGE ( 'NONE', *, *, #1948, .F. ) ;
#2782 = AXIS2_PLACEMENT_3D ( 'NONE', #2246, #2149, #3639 ) ;
#2783 = AXIS2_PLACEMENT_3D ( 'NONE', #5555, #3456, #5844 ) ;
#2784 = CARTESIAN_POINT ( 'NONE',  ( -12.50000000000001066, 120.7419196555744350, 12.24673507763198543 ) ) ;
#2785 = EDGE_CURVE ( 'NONE', #5095, #3764, #1485, .T. ) ;
#2786 = CIRCLE ( 'NONE', #1674, 2.000000000000000000 ) ;
#2787 = DIRECTION ( 'NONE',  ( 1.000000000000000000, 0.000000000000000000, 0.000000000000000000 ) ) ;
#2788 = ITEM_DEFINED_TRANSFORMATION ( 'NONE', 'NONE', #810,  #3537 ) ;
#2789 = DIRECTION ( 'NONE',  ( 1.000000000000000000, 0.000000000000000000, -0.000000000000000000 ) ) ;
#2790 = VECTOR ( 'NONE', #5345, 1000.000000000000000 ) ;
#2791 = CARTESIAN_POINT ( 'NONE',  ( -14.69037735642265119, 7.749999873340129852, 9.999999776482582092 ) ) ;
#2792 = EDGE_CURVE ( 'NONE', #259, #2771, #5107, .T. ) ;
#2793 = FACE_OUTER_BOUND ( 'NONE', #5575, .T. ) ;
#2794 = DIRECTION ( 'NONE',  ( 0.9063074662638754830, 0.000000000000000000, 0.4226189496394526790 ) ) ;
#2795 = ORIENTED_EDGE ( 'NONE', *, *, #1915, .F. ) ;
#2796 = CIRCLE ( 'NONE', #4116, 3.999999999999996447 ) ;
#2797 = DIRECTION ( 'NONE',  ( 0.000000000000000000, -0.000000000000000000, 1.000000000000000000 ) ) ;
#2798 = VERTEX_POINT ( 'NONE', #5799 ) ;
#2799 = EDGE_CURVE ( 'NONE', #3136, #565, #3411, .T. ) ;
#2800 = CARTESIAN_POINT ( 'NONE',  ( 14.69055430771182813, 7.749999873340129852, 9.999999776482582092 ) ) ;
#2801 = CARTESIAN_POINT ( 'NONE',  ( -16.99982397258282063, 0.7500000065192580223, 10.02646417955923042 ) ) ;
#2802 = PLANE ( 'NONE',  #4455 ) ;
#2803 = EDGE_LOOP ( 'NONE', ( #683, #2089, #149, #786 ) ) ;
#2804 = EDGE_CURVE ( 'NONE', #458, #1935, #1453, .T. ) ;
#2805 = VERTEX_POINT ( 'NONE', #5301 ) ;
#2806 = DIRECTION ( 'NONE',  ( 1.176083712526648949E-16, 0.000000000000000000, 1.000000000000000000 ) ) ;
#2807 = ORIENTED_EDGE ( 'NONE', *, *, #528, .F. ) ;
#2808 = CIRCLE ( 'NONE', #84, 3.999999999999999112 ) ;
#2809 = CARTESIAN_POINT ( 'NONE',  ( 8.773726047632909086, 26.00000000000000000, 6.746735077632055599 ) ) ;
#2810 = DIRECTION ( 'NONE',  ( -1.000000000000000000, 0.000000000000000000, 1.176083712526649195E-16 ) ) ;
#2811 = CARTESIAN_POINT ( 'NONE',  ( 1.241825030132744256, 48.13556269662529274, 51.48502817267918630 ) ) ;
#2812 = VERTEX_POINT ( 'NONE', #2903 ) ;
#2813 = ORIENTED_EDGE ( 'NONE', *, *, #316, .F. ) ;
#2814 = DIRECTION ( 'NONE',  ( 0.000000000000000000, 0.000000000000000000, -1.000000000000000000 ) ) ;
#2815 = VECTOR ( 'NONE', #5998, 1000.000000000000000 ) ;
#2816 = VECTOR ( 'NONE', #372, 999.9999999999998863 ) ;
#2817 = FACE_OUTER_BOUND ( 'NONE', #525, .T. ) ;
#2818 = CIRCLE ( 'NONE', #5765, 2.000000000000001776 ) ;
#2819 = ADVANCED_FACE ( 'NONE', ( #4846 ), #2423, .T. ) ;
#2820 = CARTESIAN_POINT ( 'NONE',  ( 0.000000000000000000, -2.500000000000000000, 0.000000000000000000 ) ) ;
#2821 = PLANE ( 'NONE',  #5838 ) ;
#2822 = VECTOR ( 'NONE', #5878, 1000.000000000000000 ) ;
#2823 = VECTOR ( 'NONE', #1136, 1000.000000000000000 ) ;
#2824 = ADVANCED_FACE ( 'NONE', ( #3892 ), #4880, .F. ) ;
#2825 = CYLINDRICAL_SURFACE ( 'NONE', #5485, 1.999999999999996669 ) ;
#2826 = ORIENTED_EDGE ( 'NONE', *, *, #673, .F. ) ;
#2827 = VECTOR ( 'NONE', #3093, 1000.000000000000000 ) ;
#2828 = CARTESIAN_POINT ( 'NONE',  ( -10.29999977648274267, 26.00000000000000000, 4.746735077631762501 ) ) ;
#2829 = VERTEX_POINT ( 'NONE', #4088 ) ;
#2830 = AXIS2_PLACEMENT_3D ( 'NONE', #2450, #3917, #2777 ) ;
#2831 = TOROIDAL_SURFACE ( 'NONE', #1406, 4.000000000000000000, 2.000000000000000000 ) ;
#2832 = CARTESIAN_POINT ( 'NONE',  ( -8.674099376880672452, 5.000000000000000000, 34.42492653411375869 ) ) ;
#2833 = CARTESIAN_POINT ( 'NONE',  ( 11.50000000000000178, 23.00000000000000000, 13.24673507763198366 ) ) ;
#2834 = EDGE_CURVE ( 'NONE', #5810, #5968, #345, .T. ) ;
#2835 = DIRECTION ( 'NONE',  ( -2.400836355802184218E-16, -1.000000000000000000, -1.119530597191299856E-16 ) ) ;
#2836 = ORIENTED_EDGE ( 'NONE', *, *, #5741, .T. ) ;
#2837 = ORIENTED_EDGE ( 'NONE', *, *, #6185, .F. ) ;
#2838 = DIRECTION ( 'NONE',  ( 0.000000000000000000, 0.000000000000000000, 1.000000000000000000 ) ) ;
#2839 = CARTESIAN_POINT ( 'NONE',  ( 11.50000000000000178, 120.7419196555744350, 13.24673507763198366 ) ) ;
#2840 = EDGE_CURVE ( 'NONE', #327, #2672, #4596, .T. ) ;
#2841 = ORIENTED_EDGE ( 'NONE', *, *, #4708, .F. ) ;
#2842 = ORIENTED_EDGE ( 'NONE', *, *, #1980, .F. ) ;
#2843 = DIRECTION ( 'NONE',  ( 0.000000000000000000, 0.000000000000000000, -1.000000000000000000 ) ) ;
#2844 = ADVANCED_FACE ( 'NONE', ( #6064 ), #3607, .F. ) ;
#2845 = CARTESIAN_POINT ( 'NONE',  ( 14.99999966472387491, -5.750000011175870895, 4.999999888241291046 ) ) ;
#2846 = CARTESIAN_POINT ( 'NONE',  ( 5.765501493428475399, 5.000000000000000000, 32.67429855109332237 ) ) ;
#2847 = ORIENTED_EDGE ( 'NONE', *, *, #4128, .T. ) ;
#2848 = CARTESIAN_POINT ( 'NONE',  ( 0.000000000000000000, 0.000000000000000000, 0.000000000000000000 ) ) ;
#2849 = DIRECTION ( 'NONE',  ( -0.000000000000000000, -1.000000000000000000, -0.000000000000000000 ) ) ;
#2850 = DIRECTION ( 'NONE',  ( -0.000000000000000000, 1.000000000000000000, -0.000000000000000000 ) ) ;
#2851 = AXIS2_PLACEMENT_3D ( 'NONE', #5364, #2747, #2620 ) ;
#2852 = CIRCLE ( 'NONE', #132, 1.999999999999999556 ) ;
#2853 =( BOUNDED_CURVE ( )  B_SPLINE_CURVE ( 3, ( #5831, #912, #87, #5329 ),
 .UNSPECIFIED., .F., .T. ) 
 B_SPLINE_CURVE_WITH_KNOTS ( ( 4, 4 ),
 ( 1.570796326794899667, 1.905280750165359915 ),
 .UNSPECIFIED. ) 
 CURVE ( )  GEOMETRIC_REPRESENTATION_ITEM ( )  RATIONAL_B_SPLINE_CURVE ( ( 1.000000000000000000, 0.9906983916962917025, 0.9906983916962917025, 1.000000000000000000 ) ) 
 REPRESENTATION_ITEM ( '' )  );
#2854 = CARTESIAN_POINT ( 'NONE',  ( 0.1658947546694417574, 49.54986138072298729, 51.49999663545562356 ) ) ;
#2855 = ORIENTED_EDGE ( 'NONE', *, *, #1574, .F. ) ;
#2856 = AXIS2_PLACEMENT_3D ( 'NONE', #727, #2147, #4084 ) ;
#2857 = VECTOR ( 'NONE', #3056, 1000.000000000000000 ) ;
#2858 = CARTESIAN_POINT ( 'NONE',  ( 4.538640232357565196, 30.00000000000000000, 11.09250600829425792 ) ) ;
#2859 = EDGE_LOOP ( 'NONE', ( #4676, #4438, #4444, #3937 ) ) ;
#2860 = ADVANCED_FACE ( 'NONE', ( #5553 ), #4694, .F. ) ;
#2861 = EDGE_CURVE ( 'NONE', #1587, #5919, #1303, .T. ) ;
#2862 = CARTESIAN_POINT ( 'NONE',  ( 3.632684094274227782, 5.000000000000000000, 33.06958984763993925 ) ) ;
#2863 = CARTESIAN_POINT ( 'NONE',  ( -9.554643783982966099, 26.00000000000000000, -36.51993069496501931 ) ) ;
#2864 = CARTESIAN_POINT ( 'NONE',  ( -9.500000000000001776, 7.000000000000006217, 15.24673507763198899 ) ) ;
#2865 = ORIENTED_EDGE ( 'NONE', *, *, #5754, .F. ) ;
#2866 = ORIENTED_EDGE ( 'NONE', *, *, #1331, .F. ) ;
#2867 = DIRECTION ( 'NONE',  ( -0.000000000000000000, 0.000000000000000000, -1.000000000000000000 ) ) ;
#2868 = EDGE_CURVE ( 'NONE', #4055, #3136, #38, .T. ) ;
#2869 = DIRECTION ( 'NONE',  ( 0.000000000000000000, 0.000000000000000000, -1.000000000000000000 ) ) ;
#2870 = FACE_OUTER_BOUND ( 'NONE', #114, .T. ) ;
#2871 = DIRECTION ( 'NONE',  ( -0.000000000000000000, -1.000000000000000000, -0.000000000000000000 ) ) ;
#2872 = ORIENTED_EDGE ( 'NONE', *, *, #4611, .T. ) ;
#2873 = FACE_OUTER_BOUND ( 'NONE', #2139, .T. ) ;
#2874 = VECTOR ( 'NONE', #5715, 1000.000000000000000 ) ;
#2875 = AXIS2_PLACEMENT_3D ( 'NONE', #1174, #1305, #5117 ) ;
#2876 = CARTESIAN_POINT ( 'NONE',  ( 0.6299786550434586241, 49.39198917185336057, 53.99653701388037774 ) ) ;
#2877 = CARTESIAN_POINT ( 'NONE',  ( 22.80000000000000782, 55.00000000000000000, 36.42492653411373738 ) ) ;
#2878 = ORIENTED_EDGE ( 'NONE', *, *, #4100, .T. ) ;
#2879 = DIRECTION ( 'NONE',  ( 0.000000000000000000, 1.000000000000000000, 0.000000000000000000 ) ) ;
#2880 = EDGE_LOOP ( 'NONE', ( #6162, #5513, #4387, #905 ) ) ;
#2881 = DIRECTION ( 'NONE',  ( 0.000000000000000000, 0.000000000000000000, -1.000000000000000000 ) ) ;
#2882 = ORIENTED_EDGE ( 'NONE', *, *, #3673, .F. ) ;
#2883 = EDGE_CURVE ( 'NONE', #5810, #6146, #1809, .T. ) ;
#2884 = DIRECTION ( 'NONE',  ( 0.000000000000000000, -1.000000000000000000, -0.000000000000000000 ) ) ;
#2885 = TOROIDAL_SURFACE ( 'NONE', #3698, 4.000000000000000000, 2.000000000000000000 ) ;
#2886 = CIRCLE ( 'NONE', #461, 19.30000000000006821 ) ;
#2887 = CARTESIAN_POINT ( 'NONE',  ( -0.3260697097883148432, 49.51782395031513317, 51.49919092953793864 ) ) ;
#2888 = ORIENTED_EDGE ( 'NONE', *, *, #1206, .T. ) ;
#2889 = CARTESIAN_POINT ( 'NONE',  ( 14.99999966472387491, 5.750000011175870895, 9.999999776482582092 ) ) ;
#2890 = ORIENTED_EDGE ( 'NONE', *, *, #1418, .F. ) ;
#2891 = VECTOR ( 'NONE', #5410, 1000.000000000000000 ) ;
#2892 = DIRECTION ( 'NONE',  ( 0.000000000000000000, 0.000000000000000000, 1.000000000000000000 ) ) ;
#2893 = CARTESIAN_POINT ( 'NONE',  ( -21.38022903066122993, 23.16135611317310605, 34.50980420311270080 ) ) ;
#2894 = LINE ( 'NONE', #1974, #488 ) ;
#2895 = DIRECTION ( 'NONE',  ( 0.000000000000000000, 1.000000000000000000, 0.000000000000000000 ) ) ;
#2896 = ORIENTED_EDGE ( 'NONE', *, *, #375, .F. ) ;
#2897 = VERTEX_POINT ( 'NONE', #3677 ) ;
#2898 = EDGE_CURVE ( 'NONE', #5023, #1543, #1144, .T. ) ;
#2899 = CYLINDRICAL_SURFACE ( 'NONE', #2375, 2.000000000000000000 ) ;
#2900 = CIRCLE ( 'NONE', #4829, 4.000000000000000000 ) ;
#2901 = DIRECTION ( 'NONE',  ( -0.000000000000000000, 1.000000000000000000, -0.000000000000000000 ) ) ;
#2902 = CARTESIAN_POINT ( 'NONE',  ( -12.43637129664421259, 0.5823428509756922722, 12.15444132685661671 ) ) ;
#2903 = CARTESIAN_POINT ( 'NONE',  ( -19.80000000000001137, 27.00000000000000000, 48.42492653411373738 ) ) ;
#2904 = ORIENTED_EDGE ( 'NONE', *, *, #3196, .F. ) ;
#2905 = VERTEX_POINT ( 'NONE', #1202 ) ;
#2906 = EDGE_CURVE ( 'NONE', #6266, #1992, #3710, .T. ) ;
#2907 = CARTESIAN_POINT ( 'NONE',  ( -16.57720468938351033, 2.500000000000000000, 9.120155997975347262 ) ) ;
#2908 = CARTESIAN_POINT ( 'NONE',  ( 11.50000000000000178, 23.00000000000000000, 12.24673507763198188 ) ) ;
#2909 = PLANE ( 'NONE',  #3032 ) ;
#2910 = DIRECTION ( 'NONE',  ( 1.000000000000000000, 0.000000000000000000, -0.000000000000000000 ) ) ;
#2911 = VERTEX_POINT ( 'NONE', #5115 ) ;
#2912 = EDGE_CURVE ( 'NONE', #2273, #3974, #1951, .T. ) ;
#2913 = ORIENTED_EDGE ( 'NONE', *, *, #3911, .T. ) ;
#2914 = CARTESIAN_POINT ( 'NONE',  ( -15.51608050105626724, -0.7500000065192584664, 10.71834649412947726 ) ) ;
#2915 = ORIENTED_EDGE ( 'NONE', *, *, #3181, .T. ) ;
#2916 = VECTOR ( 'NONE', #1857, 1000.000000000000000 ) ;
#2917 = LINE ( 'NONE', #5284, #6031 ) ;
#2918 = CIRCLE ( 'NONE', #6176, 51.50000000000000000 ) ;
#2919 = EDGE_CURVE ( 'NONE', #5894, #5888, #4589, .T. ) ;
#2920 = DIRECTION ( 'NONE',  ( -0.000000000000000000, 1.000000000000000000, -0.000000000000000000 ) ) ;
#2921 = EDGE_LOOP ( 'NONE', ( #5062, #1889, #5728, #3684 ) ) ;
#2922 = CARTESIAN_POINT ( 'NONE',  ( -24.80000000000000071, 55.00000000000000000, 42.83935106884789690 ) ) ;
#2923 = ORIENTED_EDGE ( 'NONE', *, *, #3287, .T. ) ;
#2924 = AXIS2_PLACEMENT_3D ( 'NONE', #3417, #5804, #2945 ) ;
#2925 = ADVANCED_FACE ( 'NONE', ( #4631 ), #5187, .T. ) ;
#2926 = CARTESIAN_POINT ( 'NONE',  ( -1.465032995085031153, 5.000000000000157208, 33.97621812539750152 ) ) ;
#2927 = CIRCLE ( 'NONE', #199, 2.000000000000001776 ) ;
#2928 = DIRECTION ( 'NONE',  ( 0.000000000000000000, 0.000000000000000000, 1.000000000000000000 ) ) ;
#2929 = DIRECTION ( 'NONE',  ( 0.000000000000000000, 0.000000000000000000, 1.000000000000000000 ) ) ;
#2930 = FACE_BOUND ( 'NONE', #4659, .T. ) ;
#2931 = ORIENTED_EDGE ( 'NONE', *, *, #1302, .T. ) ;
#2932 = EDGE_LOOP ( 'NONE', ( #320, #4472, #3970 ) ) ;
#2933 = CARTESIAN_POINT ( 'NONE',  ( -14.40608187331757151, -1.068566186598375600E-06, 11.23594838048487432 ) ) ;
#2934 = VECTOR ( 'NONE', #1103, 999.9999999999998863 ) ;
#2935 = EDGE_CURVE ( 'NONE', #6020, #953, #3570, .T. ) ;
#2936 = CARTESIAN_POINT ( 'NONE',  ( -16.57720468938351033, 0.7500000065192580223, 9.120155997975347262 ) ) ;
#2937 = DIRECTION ( 'NONE',  ( 0.000000000000000000, 0.000000000000000000, -1.000000000000000000 ) ) ;
#2938 = DIRECTION ( 'NONE',  ( 0.000000000000000000, 0.000000000000000000, 1.000000000000000000 ) ) ;
#2939 = ORIENTED_EDGE ( 'NONE', *, *, #2647, .T. ) ;
#2940 = VERTEX_POINT ( 'NONE', #705 ) ;
#2941 = FILL_AREA_STYLE ('',( #5491 ) ) ;
#2942 = CIRCLE ( 'NONE', #1929, 49.49999999999999289 ) ;
#2943 = ADVANCED_FACE ( 'NONE', ( #862 ), #3171, .F. ) ;
#2944 = CARTESIAN_POINT ( 'NONE',  ( -10.29999977648274267, 26.00000000000000000, 4.746735077631762501 ) ) ;
#2945 = DIRECTION ( 'NONE',  ( 0.000000000000000000, 0.000000000000000000, 1.000000000000000000 ) ) ;
#2946 = LINE ( 'NONE', #5367, #3563 ) ;
#2947 = ORIENTED_EDGE ( 'NONE', *, *, #3261, .T. ) ;
#2948 = ORIENTED_EDGE ( 'NONE', *, *, #4297, .T. ) ;
#2949 = DIRECTION ( 'NONE',  ( 0.000000000000000000, 0.000000000000000000, 1.000000000000000000 ) ) ;
#2950 = DIRECTION ( 'NONE',  ( -1.000000000000000000, 0.000000000000000000, 1.176083712526649195E-16 ) ) ;
#2951 = ADVANCED_FACE ( 'NONE', ( #439 ), #508, .F. ) ;
#2952 = DIRECTION ( 'NONE',  ( -0.4226189496394526790, 0.000000000000000000, 0.9063074662638754830 ) ) ;
#2953 = VERTEX_POINT ( 'NONE', #1840 ) ;
#2954 = DIRECTION ( 'NONE',  ( 0.000000000000000000, 0.000000000000000000, 1.000000000000000000 ) ) ;
#2955 = ORIENTED_EDGE ( 'NONE', *, *, #2868, .T. ) ;
#2956 = CIRCLE ( 'NONE', #224, 2.000000000000000000 ) ;
#2957 = AXIS2_PLACEMENT_3D ( 'NONE', #1429, #3357, #5805 ) ;
#2958 = CARTESIAN_POINT ( 'NONE',  ( 3.152760055129034011, 5.415421185118375114, 34.42492653400610436 ) ) ;
#2959 = DIRECTION ( 'NONE',  ( 2.392722035830077493E-16, -0.000000000000000000, 1.000000000000000000 ) ) ;
#2960 = CARTESIAN_POINT ( 'NONE',  ( -19.99999955296516418, -9.999999776482582092, 4.999999888241291046 ) ) ;
#2961 = CARTESIAN_POINT ( 'NONE',  ( -2.726273952367158415, 26.00000000000000000, 12.24673507763199254 ) ) ;
#2962 = CARTESIAN_POINT ( 'NONE',  ( -12.37358830281554312, 10.89340190672738373, 49.99423400220383229 ) ) ;
#2963 = ORIENTED_EDGE ( 'NONE', *, *, #324, .T. ) ;
#2964 = ORIENTED_EDGE ( 'NONE', *, *, #3562, .T. ) ;
#2965 = FACE_OUTER_BOUND ( 'NONE', #1701, .T. ) ;
#2966 = EDGE_CURVE ( 'NONE', #5550, #4015, #6224, .T. ) ;
#2967 = AXIS2_PLACEMENT_3D ( 'NONE', #4751, #6191, #3290 ) ;
#2968 = DIRECTION ( 'NONE',  ( -0.4226189496394527345, 0.000000000000000000, 0.9063074662638754830 ) ) ;
#2969 = DIRECTION ( 'NONE',  ( -0.000000000000000000, 1.000000000000000000, -0.000000000000000000 ) ) ;
#2970 = DIRECTION ( 'NONE',  ( 0.000000000000000000, 0.000000000000000000, -1.000000000000000000 ) ) ;
#2971 = CIRCLE ( 'NONE', #6004, 1.000000000000000000 ) ;
#2972 = ORIENTED_EDGE ( 'NONE', *, *, #133, .T. ) ;
#2973 = FACE_OUTER_BOUND ( 'NONE', #689, .T. ) ;
#2974 = DIRECTION ( 'NONE',  ( 1.000000000000000000, 0.000000000000000000, 0.000000000000000000 ) ) ;
#2975 = CARTESIAN_POINT ( 'NONE',  ( -16.99982397258281708, -7.749999873340129852, 9.999999776482582092 ) ) ;
#2976 = LINE ( 'NONE', #64, #4440 ) ;
#2977 = CARTESIAN_POINT ( 'NONE',  ( -11.50000000000000178, 7.000000000000000000, -41.75326492236801101 ) ) ;
#2978 = ORIENTED_EDGE ( 'NONE', *, *, #5079, .T. ) ;
#2979 = ORIENTED_EDGE ( 'NONE', *, *, #4324, .F. ) ;
#2980 = DIRECTION ( 'NONE',  ( 0.000000000000000000, 1.000000000000000000, 0.000000000000000000 ) ) ;
#2981 = ORIENTED_EDGE ( 'NONE', *, *, #4539, .F. ) ;
#2982 = EDGE_CURVE ( 'NONE', #565, #4642, #544, .T. ) ;
#2983 = ADVANCED_FACE ( 'NONE', ( #6254 ), #4729, .F. ) ;
#2984 = CARTESIAN_POINT ( 'NONE',  ( 12.49999999999999822, 24.99999999999999645, -38.75326492236801812 ) ) ;
#2985 = ORIENTED_EDGE ( 'NONE', *, *, #1866, .F. ) ;
#2986 = DIRECTION ( 'NONE',  ( -0.000000000000000000, -1.000000000000000000, -0.000000000000000000 ) ) ;
#2987 = VERTEX_POINT ( 'NONE', #386 ) ;
#2988 = CIRCLE ( 'NONE', #3897, 2.000000000000001776 ) ;
#2989 = LINE ( 'NONE', #1088, #3186 ) ;
#2990 = ORIENTED_EDGE ( 'NONE', *, *, #2785, .F. ) ;
#2991 = VECTOR ( 'NONE', #4610, 1000.000000000000000 ) ;
#2992 = DIRECTION ( 'NONE',  ( 0.000000000000000000, 1.000000000000000000, 0.000000000000000000 ) ) ;
#2993 = DIRECTION ( 'NONE',  ( 0.000000000000000000, 0.000000000000000000, -1.000000000000000000 ) ) ;
#2994 = CARTESIAN_POINT ( 'NONE',  ( 12.50000000000000178, 30.00000000000000000, -41.75326492236801101 ) ) ;
#2995 = VERTEX_POINT ( 'NONE', #5773 ) ;
#2996 = CARTESIAN_POINT ( 'NONE',  ( 1.364436143172539584, 6.701647967419896545, 51.49935041324791740 ) ) ;
#2997 = VERTEX_POINT ( 'NONE', #949 ) ;
#2998 = EDGE_CURVE ( 'NONE', #1596, #1903, #2703, .T. ) ;
#2999 = CYLINDRICAL_SURFACE ( 'NONE', #3905, 2.000000000000001776 ) ;
#3000 = VECTOR ( 'NONE', #4124, 1000.000000000000000 ) ;
#3001 = DIRECTION ( 'NONE',  ( 0.9063074662638753720, 0.000000000000000000, 0.4226189496394526235 ) ) ;
#3002 = ADVANCED_FACE ( 'NONE', ( #1428 ), #4252, .T. ) ;
#3003 = DIRECTION ( 'NONE',  ( 0.000000000000000000, 1.000000000000000000, 0.000000000000000000 ) ) ;
#3004 = ORIENTED_EDGE ( 'NONE', *, *, #6060, .F. ) ;
#3005 = ADVANCED_FACE ( 'NONE', ( #3268 ), #6196, .F. ) ;
#3006 = DIRECTION ( 'NONE',  ( 6.668549564830944681E-16, -0.000000000000000000, 1.000000000000000000 ) ) ;
#3007 = LINE ( 'NONE', #5426, #3569 ) ;
#3008 = EDGE_CURVE ( 'NONE', #5568, #3785, #3806, .T. ) ;
#3009 = CARTESIAN_POINT ( 'NONE',  ( -14.50000000000000178, 26.99999999999999645, -36.75326492236801812 ) ) ;
#3010 = CARTESIAN_POINT ( 'NONE',  ( -16.50000000000001066, 7.000000000000000000, 12.24673507763198543 ) ) ;
#3011 = CIRCLE ( 'NONE', #6261, 2.000000000000000000 ) ;
#3012 = ORIENTED_EDGE ( 'NONE', *, *, #1051, .F. ) ;
#3013 = DIRECTION ( 'NONE',  ( 0.000000000000000000, -1.000000000000000000, 0.000000000000000000 ) ) ;
#3014 = ORIENTED_EDGE ( 'NONE', *, *, #2067, .T. ) ;
#3015 = DIRECTION ( 'NONE',  ( -0.000000000000000000, 1.000000000000000000, -0.000000000000000000 ) ) ;
#3016 = ORIENTED_EDGE ( 'NONE', *, *, #1445, .F. ) ;
#3017 = EDGE_CURVE ( 'NONE', #2368, #2633, #6287, .T. ) ;
#3018 = AXIS2_PLACEMENT_3D ( 'NONE', #971, #2869, #4363 ) ;
#3019 =( NAMED_UNIT ( * ) SI_UNIT ( $, .STERADIAN. ) SOLID_ANGLE_UNIT ( ) );
#3020 = ORIENTED_EDGE ( 'NONE', *, *, #5520, .F. ) ;
#3021 = CARTESIAN_POINT ( 'NONE',  ( -19.80000000000001137, 27.00000000000000000, 48.42492653411373738 ) ) ;
#3022 = ORIENTED_EDGE ( 'NONE', *, *, #1040, .T. ) ;
#3023 = VECTOR ( 'NONE', #6115, 1000.000000000000000 ) ;
#3024 = VECTOR ( 'NONE', #3717, 1000.000000000000000 ) ;
#3025 = ADVANCED_FACE ( 'NONE', ( #2817 ), #4488, .F. ) ;
#3026 = CARTESIAN_POINT ( 'NONE',  ( 7.500000000000001776, 5.000000000000000000, -41.75326492236801101 ) ) ;
#3027 = DIRECTION ( 'NONE',  ( 0.000000000000000000, 1.000000000000000000, -0.000000000000000000 ) ) ;
#3028 = DIRECTION ( 'NONE',  ( 1.000000000000000000, 0.000000000000000000, 0.000000000000000000 ) ) ;
#3029 = DIRECTION ( 'NONE',  ( 0.000000000000000000, 0.000000000000000000, 1.000000000000000000 ) ) ;
#3030 = CIRCLE ( 'NONE', #108, 4.000000000000000000 ) ;
#3031 = VERTEX_POINT ( 'NONE', #3356 ) ;
#3032 = AXIS2_PLACEMENT_3D ( 'NONE', #5193, #1310, #1459 ) ;
#3033 = EDGE_LOOP ( 'NONE', ( #4016, #3320, #275, #4359 ) ) ;
#3034 = CARTESIAN_POINT ( 'NONE',  ( -16.57720468938351033, -2.015564357861876488, 9.120155997975347262 ) ) ;
#3035 = AXIS2_PLACEMENT_3D ( 'NONE', #4721, #380, #6094 ) ;
#3036 = EDGE_CURVE ( 'NONE', #5351, #2771, #4758, .T. ) ;
#3037 = CARTESIAN_POINT ( 'NONE',  ( -16.50000000000001066, 7.000000000000006217, 13.24673507763199076 ) ) ;
#3038 = LINE ( 'NONE', #4043, #4447 ) ;
#3039 = EDGE_LOOP ( 'NONE', ( #2872, #4947, #3329, #3156 ) ) ;
#3040 = EDGE_LOOP ( 'NONE', ( #1984, #4036, #3103, #975, #2847 ) ) ;
#3041 = AXIS2_PLACEMENT_3D ( 'NONE', #1910, #4742, #5295 ) ;
#3042 = VECTOR ( 'NONE', #1726, 1000.000000000000000 ) ;
#3043 = DIRECTION ( 'NONE',  ( 1.000000000000000000, 0.000000000000000000, 0.000000000000000000 ) ) ;
#3044 = DIRECTION ( 'NONE',  ( -0.000000000000000000, 1.000000000000000000, -0.000000000000000000 ) ) ;
#3045 = FACE_BOUND ( 'NONE', #185, .T. ) ;
#3046 = CARTESIAN_POINT ( 'NONE',  ( -14.40607890250482725, -1.594897499658520790E-08, 11.23594976580035265 ) ) ;
#3047 = ORIENTED_EDGE ( 'NONE', *, *, #4859, .F. ) ;
#3048 = FACE_OUTER_BOUND ( 'NONE', #4170, .T. ) ;
#3049 = VERTEX_POINT ( 'NONE', #5306 ) ;
#3050 = ADVANCED_FACE ( 'NONE', ( #1923 ), #3866, .F. ) ;
#3051 = AXIS2_PLACEMENT_3D ( 'NONE', #5562, #4572, #3807 ) ;
#3052 = DIRECTION ( 'NONE',  ( 0.000000000000000000, 0.000000000000000000, -1.000000000000000000 ) ) ;
#3053 = VERTEX_POINT ( 'NONE', #917 ) ;
#3054 = DIRECTION ( 'NONE',  ( 1.000000000000000000, -0.000000000000000000, 1.764125568789973300E-16 ) ) ;
#3055 = AXIS2_PLACEMENT_3D ( 'NONE', #5962, #3485, #127 ) ;
#3056 = DIRECTION ( 'NONE',  ( 1.764125568789973300E-16, -0.000000000000000000, -1.000000000000000000 ) ) ;
#3057 = CARTESIAN_POINT ( 'NONE',  ( -16.99982397258281708, 7.749999873340129852, 9.999999776482582092 ) ) ;
#3058 = LINE ( 'NONE', #3083, #1442 ) ;
#3059 = CARTESIAN_POINT ( 'NONE',  ( 9.048370174475268257, 8.780175005130338661, 50.71387954989948810 ) ) ;
#3060 = VERTEX_POINT ( 'NONE', #2845 ) ;
#3061 = CARTESIAN_POINT ( 'NONE',  ( -12.50000000000000000, 7.000000000000006217, -40.75326492236801812 ) ) ;
#3062 = ADVANCED_FACE ( 'NONE', ( #4789 ), #3367, .F. ) ;
#3063 = PLANE ( 'NONE',  #4540 ) ;
#3064 = CARTESIAN_POINT ( 'NONE',  ( 12.50000000000000711, 5.000000000000000000, 17.24673507763198188 ) ) ;
#3065 = ORIENTED_EDGE ( 'NONE', *, *, #3911, .F. ) ;
#3066 = ORIENTED_EDGE ( 'NONE', *, *, #771, .F. ) ;
#3067 = EDGE_CURVE ( 'NONE', #5296, #3462, #3071, .T. ) ;
#3068 = CYLINDRICAL_SURFACE ( 'NONE', #3055, 2.000000000000001776 ) ;
#3069 = VECTOR ( 'NONE', #5839, 1000.000000000000000 ) ;
#3070 = CARTESIAN_POINT ( 'NONE',  ( -9.554643783982848859, 26.00000000000000000, 5.413401744298468543 ) ) ;
#3071 = LINE ( 'NONE', #5397, #4187 ) ;
#3072 = DIRECTION ( 'NONE',  ( 0.000000000000000000, -0.000000000000000000, 1.000000000000000000 ) ) ;
#3073 = EDGE_CURVE ( 'NONE', #6152, #6126, #3964, .T. ) ;
#3074 = DIRECTION ( 'NONE',  ( 1.000000000000000000, 0.000000000000000000, -0.000000000000000000 ) ) ;
#3075 = ORIENTED_EDGE ( 'NONE', *, *, #4042, .T. ) ;
#3076 = DIRECTION ( 'NONE',  ( -0.000000000000000000, 1.000000000000000000, -0.000000000000000000 ) ) ;
#3077 = AXIS2_PLACEMENT_3D ( 'NONE', #4376, #1614, #3515 ) ;
#3078 = EDGE_CURVE ( 'NONE', #2665, #1768, #4381, .T. ) ;
#3079 = ORIENTED_EDGE ( 'NONE', *, *, #3198, .F. ) ;
#3080 = DIRECTION ( 'NONE',  ( 1.176083712526649195E-16, 0.000000000000000000, 1.000000000000000000 ) ) ;
#3081 = AXIS2_PLACEMENT_3D ( 'NONE', #2820, #4306, #476 ) ;
#3082 = CARTESIAN_POINT ( 'NONE',  ( 14.50000000000000000, 5.000000000000000000, -45.75326492236801812 ) ) ;
#3083 = CARTESIAN_POINT ( 'NONE',  ( -22.80000000000000782, 55.00000000000000000, 42.83935106884789690 ) ) ;
#3084 = AXIS2_PLACEMENT_3D ( 'NONE', #3205, #2652, #284 ) ;
#3085 = CIRCLE ( 'NONE', #1869, 2.000000000000192735 ) ;
#3086 = CARTESIAN_POINT ( 'NONE',  ( 6.613092715395707467E-15, 2.000000000000001776, 54.00000000000000000 ) ) ;
#3087 = EDGE_LOOP ( 'NONE', ( #2865, #3944, #4955, #404 ) ) ;
#3088 = VERTEX_POINT ( 'NONE', #535 ) ;
#3089 = CARTESIAN_POINT ( 'NONE',  ( -7.500000000000001776, 23.00000000000000000, -38.75326492236801812 ) ) ;
#3090 = CIRCLE ( 'NONE', #5332, 2.000000000000001776 ) ;
#3091 = DIRECTION ( 'NONE',  ( -1.000000000000000000, 0.000000000000000000, 0.000000000000000000 ) ) ;
#3092 = EDGE_CURVE ( 'NONE', #4714, #5948, #2463, .T. ) ;
#3093 = DIRECTION ( 'NONE',  ( 0.000000000000000000, -1.000000000000000000, 0.000000000000000000 ) ) ;
#3094 = EDGE_LOOP ( 'NONE', ( #2836, #4400, #5632, #4608 ) ) ;
#3095 = AXIS2_PLACEMENT_3D ( 'NONE', #4314, #4833, #929 ) ;
#3096 = DIRECTION ( 'NONE',  ( 1.521687259628777768E-16, -0.000000000000000000, 1.000000000000000000 ) ) ;
#3097 = CARTESIAN_POINT ( 'NONE',  ( 12.49999999999999822, 26.99999999999999645, -38.75326492236801812 ) ) ;
#3098 = CARTESIAN_POINT ( 'NONE',  ( 10.29999977648224530, 30.00000000000000000, -35.85326402829814185 ) ) ;
#3099 = CARTESIAN_POINT ( 'NONE',  ( -9.500000000000001776, 7.000000000000000000, -38.75326492236801812 ) ) ;
#3100 = DIRECTION ( 'NONE',  ( -0.4226189496394526790, -0.000000000000000000, 0.9063074662638754830 ) ) ;
#3101 = VERTEX_POINT ( 'NONE', #3516 ) ;
#3102 = CARTESIAN_POINT ( 'NONE',  ( -16.50000000000000000, 7.000000000000006217, -43.75326492236801812 ) ) ;
#3103 = ORIENTED_EDGE ( 'NONE', *, *, #2625, .F. ) ;
#3104 = EDGE_CURVE ( 'NONE', #1903, #4649, #2495, .T. ) ;
#3105 = AXIS2_PLACEMENT_3D ( 'NONE', #3098, #6123, #4050 ) ;
#3106 = CARTESIAN_POINT ( 'NONE',  ( -9.500000000000001776, 24.99999999999999645, -36.75326492236801812 ) ) ;
#3107 = DIRECTION ( 'NONE',  ( -1.000000000000000000, 0.000000000000000000, 1.176083712526649195E-16 ) ) ;
#3108 = EDGE_LOOP ( 'NONE', ( #1006, #3792, #1058, #5663, #4408, #3455, #267, #2931, #601, #1215, #1570, #4782, #321, #5352, #1350, #4117 ) ) ;
#3109 = AXIS2_PLACEMENT_3D ( 'NONE', #1901, #4346, #1844 ) ;
#3110 = DIRECTION ( 'NONE',  ( 0.000000000000000000, 0.000000000000000000, -1.000000000000000000 ) ) ;
#3111 = COLOUR_RGB ( '',0.7921568627450980005, 0.8196078431372548767, 0.9333333333333333481 ) ;
#3112 = EDGE_CURVE ( 'NONE', #1381, #2737, #2971, .T. ) ;
#3113 = CARTESIAN_POINT ( 'NONE',  ( 10.29999977648193976, 30.00000000000000000, 2.510667100131867002 ) ) ;
#3114 = DIRECTION ( 'NONE',  ( 0.000000000000000000, 0.000000000000000000, -1.000000000000000000 ) ) ;
#3115 = VERTEX_POINT ( 'NONE', #1955 ) ;
#3116 = CARTESIAN_POINT ( 'NONE',  ( -14.50000000000000000, 23.00000000000000000, -40.75326492236801812 ) ) ;
#3117 = ORIENTED_EDGE ( 'NONE', *, *, #5120, .T. ) ;
#3118 = DIRECTION ( 'NONE',  ( 0.000000000000000000, 0.000000000000000000, -1.000000000000000000 ) ) ;
#3119 = AXIS2_PLACEMENT_3D ( 'NONE', #5891, #5957, #3986 ) ;
#3120 = ADVANCED_FACE ( 'NONE', ( #4884 ), #4397, .T. ) ;
#3121 = CIRCLE ( 'NONE', #2218, 2.000000000000001776 ) ;
#3122 = CARTESIAN_POINT ( 'NONE',  ( -3.053113317719180486E-13, 30.00000000000000000, -39.05326402829825128 ) ) ;
#3123 = DIRECTION ( 'NONE',  ( 0.000000000000000000, 0.000000000000000000, 1.000000000000000000 ) ) ;
#3124 = VERTEX_POINT ( 'NONE', #4527 ) ;
#3125 = ORIENTED_EDGE ( 'NONE', *, *, #1606, .F. ) ;
#3126 = DIRECTION ( 'NONE',  ( -0.000000000000000000, -1.000000000000000000, -0.000000000000000000 ) ) ;
#3127 = VERTEX_POINT ( 'NONE', #1523 ) ;
#3128 = CARTESIAN_POINT ( 'NONE',  ( -16.99982397258281708, 7.749999873340129852, 9.999999776482582092 ) ) ;
#3129 = PRODUCT_DEFINITION_FORMATION_WITH_SPECIFIED_SOURCE ( 'ANY', '', #5611, .NOT_KNOWN. ) ;
#3130 = CIRCLE ( 'NONE', #3035, 0.9999999999998698819 ) ;
#3131 = CARTESIAN_POINT ( 'NONE',  ( -7.500000000000000888, 23.00000000000000000, 15.24673507763198899 ) ) ;
#3132 = CARTESIAN_POINT ( 'NONE',  ( -12.50000000000001066, 120.7419196555744350, 13.24673507763199076 ) ) ;
#3133 = DIRECTION ( 'NONE',  ( 0.000000000000000000, 0.000000000000000000, -1.000000000000000000 ) ) ;
#3134 = CARTESIAN_POINT ( 'NONE',  ( -4.467099079768596450E-16, 27.00000000000000000, 34.42492653411373738 ) ) ;
#3135 = AXIS2_PLACEMENT_3D ( 'NONE', #6050, #6181, #1321 ) ;
#3136 = VERTEX_POINT ( 'NONE', #5462 ) ;
#3137 = DIRECTION ( 'NONE',  ( 1.764125568789973300E-16, 0.000000000000000000, -1.000000000000000000 ) ) ;
#3138 = ADVANCED_FACE ( 'NONE', ( #3451 ), #4066, .T. ) ;
#3139 = VECTOR ( 'NONE', #6106, 1000.000000000000000 ) ;
#3140 = CARTESIAN_POINT ( 'NONE',  ( -11.50000000000000178, 5.000000000000000000, -41.75326492236801101 ) ) ;
#3141 = DIRECTION ( 'NONE',  ( 1.000000000000000000, 0.000000000000000000, -0.000000000000000000 ) ) ;
#3142 = ORIENTED_EDGE ( 'NONE', *, *, #4418, .F. ) ;
#3143 = PLANE ( 'NONE',  #772 ) ;
#3144 = EDGE_CURVE ( 'NONE', #299, #1853, #63, .T. ) ;
#3145 = VECTOR ( 'NONE', #1865, 1000.000000000000000 ) ;
#3146 = DIRECTION ( 'NONE',  ( -0.000000000000000000, 1.000000000000000000, -0.000000000000000000 ) ) ;
#3147 = CARTESIAN_POINT ( 'NONE',  ( -3.053113317719180486E-13, 26.00000000000000000, -39.05326402829825128 ) ) ;
#3148 = CARTESIAN_POINT ( 'NONE',  ( 7.938852224416101500, 5.000000000000000888, 32.42492653411373738 ) ) ;
#3149 = VERTEX_POINT ( 'NONE', #3898 ) ;
#3150 = CARTESIAN_POINT ( 'NONE',  ( -14.99999966472387314, 5.750000011175870895, 4.999999888241291046 ) ) ;
#3151 = ORIENTED_EDGE ( 'NONE', *, *, #4749, .T. ) ;
#3152 = ORIENTED_EDGE ( 'NONE', *, *, #3745, .F. ) ;
#3153 = DIRECTION ( 'NONE',  ( -1.176083712526648949E-16, 0.000000000000000000, -1.000000000000000000 ) ) ;
#3154 = CARTESIAN_POINT ( 'NONE',  ( -14.50000000000000000, 7.000000000000006217, -41.75326492236801101 ) ) ;
#3155 = LINE ( 'NONE', #3257, #5072 ) ;
#3156 = ORIENTED_EDGE ( 'NONE', *, *, #4994, .T. ) ;
#3157 = EDGE_CURVE ( 'NONE', #1345, #6047, #3162, .T. ) ;
#3158 = ORIENTED_EDGE ( 'NONE', *, *, #1472, .F. ) ;
#3159 = DIRECTION ( 'NONE',  ( -1.000000000000000000, -0.000000000000000000, -0.000000000000000000 ) ) ;
#3160 = ORIENTED_EDGE ( 'NONE', *, *, #789, .T. ) ;
#3161 = DIRECTION ( 'NONE',  ( 0.000000000000000000, 0.000000000000000000, -1.000000000000000000 ) ) ;
#3162 = CIRCLE ( 'NONE', #2656, 21.80000000000003268 ) ;
#3163 =( NAMED_UNIT ( * ) PLANE_ANGLE_UNIT ( ) SI_UNIT ( $, .RADIAN. ) );
#3164 = CARTESIAN_POINT ( 'NONE',  ( -20.80000000000000782, 5.000000000000000000, 36.42492653411374448 ) ) ;
#3165 = DIRECTION ( 'NONE',  ( 0.4226189496394527345, -0.000000000000000000, -0.9063074662638754830 ) ) ;
#3166 = CARTESIAN_POINT ( 'NONE',  ( -0.6288964109365653421, 47.20752351845223416, 51.49637969764683021 ) ) ;
#3167 = VERTEX_POINT ( 'NONE', #3488 ) ;
#3168 = ORIENTED_EDGE ( 'NONE', *, *, #5590, .F. ) ;
#3169 = DIRECTION ( 'NONE',  ( 0.000000000000000000, -1.000000000000000000, 0.000000000000000000 ) ) ;
#3170 = AXIS2_PLACEMENT_3D ( 'NONE', #1781, #798, #325 ) ;
#3171 = B_SPLINE_SURFACE_WITH_KNOTS ( 'NONE', 2, 1, ( 
 ( #4850, #469 ),
 ( #5742, #2365 ),
 ( #1891, #3748 ) ),
 .UNSPECIFIED., .F., .F., .F.,
 ( 3, 3 ),
 ( 2, 2 ),
 ( 0.000000000000000000, 1.000000000000000000 ),
 ( 0.000000000000000000, 1.000000000000000000 ),
 .UNSPECIFIED. ) ;
#3172 = DIRECTION ( 'NONE',  ( -1.000000000000000000, 0.000000000000000000, 1.176083712526649195E-16 ) ) ;
#3173 = EDGE_CURVE ( 'NONE', #3672, #1543, #5092, .T. ) ;
#3174 = LINE ( 'NONE', #5116, #3945 ) ;
#3175 = ORIENTED_EDGE ( 'NONE', *, *, #836, .F. ) ;
#3176 = DIRECTION ( 'NONE',  ( 0.000000000000000000, 1.000000000000000000, 0.000000000000000000 ) ) ;
#3177 = DIRECTION ( 'NONE',  ( -0.000000000000000000, 1.000000000000000000, -0.000000000000000000 ) ) ;
#3178 = CARTESIAN_POINT ( 'NONE',  ( 10.29999977648193976, 26.00000000000000000, 2.510667100131867002 ) ) ;
#3179 = CARTESIAN_POINT ( 'NONE',  ( 5.046701806854309247, 4.999999999999999112, 32.80092546559570366 ) ) ;
#3180 = VERTEX_POINT ( 'NONE', #3009 ) ;
#3181 = EDGE_CURVE ( 'NONE', #3053, #4069, #2052, .T. ) ;
#3182 = DIRECTION ( 'NONE',  ( 1.000000000000000000, 0.000000000000000000, -0.000000000000000000 ) ) ;
#3183 = VERTEX_POINT ( 'NONE', #640 ) ;
#3184 = DIRECTION ( 'NONE',  ( -1.000000000000000000, 0.000000000000000000, 1.176083712526649195E-16 ) ) ;
#3185 = ORIENTED_EDGE ( 'NONE', *, *, #882, .F. ) ;
#3186 = VECTOR ( 'NONE', #5913, 1000.000000000000000 ) ;
#3187 = LINE ( 'NONE', #5202, #3208 ) ;
#3188 = CARTESIAN_POINT ( 'NONE',  ( -16.99982397258282063, 0.7500000065192580223, 10.02646417955923042 ) ) ;
#3189 = EDGE_CURVE ( 'NONE', #4283, #4130, #2562, .T. ) ;
#3190 = DIRECTION ( 'NONE',  ( -0.4226189496394526790, -0.000000000000000000, 0.9063074662638754830 ) ) ;
#3191 = ORIENTED_EDGE ( 'NONE', *, *, #2636, .T. ) ;
#3192 = ORIENTED_EDGE ( 'NONE', *, *, #3641, .F. ) ;
#3193 = CARTESIAN_POINT ( 'NONE',  ( -19.99999955296516418, -9.999999776482582092, 0.000000000000000000 ) ) ;
#3194 = ORIENTED_EDGE ( 'NONE', *, *, #5524, .F. ) ;
#3195 = AXIS2_PLACEMENT_3D ( 'NONE', #4890, #540, #1080 ) ;
#3196 = EDGE_CURVE ( 'NONE', #5500, #3049, #159, .T. ) ;
#3197 = DIRECTION ( 'NONE',  ( -0.8654414357343025443, 0.000000000000000000, 0.5010101010100985741 ) ) ;
#3198 = EDGE_CURVE ( 'NONE', #5961, #989, #3546, .T. ) ;
#3199 = AXIS2_PLACEMENT_3D ( 'NONE', #592, #5198, #747 ) ;
#3200 = FACE_OUTER_BOUND ( 'NONE', #3040, .T. ) ;
#3201 = DIRECTION ( 'NONE',  ( -1.000000000000000000, 0.000000000000000000, 0.000000000000000000 ) ) ;
#3202 = LINE ( 'NONE', #381, #2252 ) ;
#3203 = ORIENTED_EDGE ( 'NONE', *, *, #5079, .F. ) ;
#3204 = ORIENTED_EDGE ( 'NONE', *, *, #6090, .T. ) ;
#3205 = CARTESIAN_POINT ( 'NONE',  ( 12.50000000000000711, 7.000000000000006217, 17.24673507763198188 ) ) ;
#3206 = EDGE_LOOP ( 'NONE', ( #5752, #4313, #3739, #4264 ) ) ;
#3207 = AXIS2_PLACEMENT_3D ( 'NONE', #990, #518, #2443 ) ;
#3208 = VECTOR ( 'NONE', #5099, 1000.000000000000000 ) ;
#3209 = EDGE_CURVE ( 'NONE', #5351, #2498, #2553, .T. ) ;
#3210 = DIRECTION ( 'NONE',  ( -1.000000000000000000, 0.000000000000000000, 1.745647977045123323E-15 ) ) ;
#3211 = DIRECTION ( 'NONE',  ( 0.000000000000000000, 0.000000000000000000, 1.000000000000000000 ) ) ;
#3212 = ORIENTED_EDGE ( 'NONE', *, *, #6101, .F. ) ;
#3213 = B_SPLINE_CURVE_WITH_KNOTS ( 'NONE', 3,
 ( #1778, #4693, #223, #5080, #1648, #5549, #4155, #730 ),
 .UNSPECIFIED., .F., .F.,
 ( 4, 2, 2, 4 ),
 ( 0.006599609235183042516, 0.009907701172399292419, 0.01156174714100741824, 0.01321579310961554232 ),
 .UNSPECIFIED. ) ;
#3214 = DIRECTION ( 'NONE',  ( -0.000000000000000000, 1.000000000000000000, -0.000000000000000000 ) ) ;
#3215 = VECTOR ( 'NONE', #3242, 1000.000000000000000 ) ;
#3216 = EDGE_CURVE ( 'NONE', #5895, #6077, #5141, .T. ) ;
#3217 = CARTESIAN_POINT ( 'NONE',  ( -12.01375201344490051, 0.5823428509756922722, 11.24813314527273356 ) ) ;
#3218 = CARTESIAN_POINT ( 'NONE',  ( 17.00000092387199402, 7.749999873340129852, 9.999999776482582092 ) ) ;
#3219 = DIRECTION ( 'NONE',  ( -0.4226189496394527345, -0.000000000000000000, 0.9063074662638755941 ) ) ;
#3220 = DIRECTION ( 'NONE',  ( 0.000000000000000000, 0.000000000000000000, 1.000000000000000000 ) ) ;
#3221 = ORIENTED_EDGE ( 'NONE', *, *, #2374, .T. ) ;
#3222 = ORIENTED_EDGE ( 'NONE', *, *, #4650, .F. ) ;
#3223 = DIRECTION ( 'NONE',  ( -1.000000000000000000, -0.000000000000000000, 1.176083712526649195E-16 ) ) ;
#3224 = ORIENTED_EDGE ( 'NONE', *, *, #3209, .F. ) ;
#3225 = AXIS2_PLACEMENT_3D ( 'NONE', #5243, #887, #1922 ) ;
#3226 = EDGE_CURVE ( 'NONE', #5566, #4506, #2956, .T. ) ;
#3227 = CARTESIAN_POINT ( 'NONE',  ( -16.98748339430512644, -2.015564357861876488, 9.999999776482585645 ) ) ;
#3228 = DIRECTION ( 'NONE',  ( 1.000000000000000000, 0.000000000000000000, 0.000000000000000000 ) ) ;
#3229 = ORIENTED_EDGE ( 'NONE', *, *, #3198, .T. ) ;
#3230 = CIRCLE ( 'NONE', #1807, 1.999999999999994893 ) ;
#3231 = ORIENTED_EDGE ( 'NONE', *, *, #207, .T. ) ;
#3232 = CARTESIAN_POINT ( 'NONE',  ( -7.500000000000001776, 24.99999999999999645, -41.75326492236801101 ) ) ;
#3233 = EDGE_CURVE ( 'NONE', #5857, #4228, #248, .T. ) ;
#3234 = VECTOR ( 'NONE', #2234, 1000.000000000000000 ) ;
#3235 =( NAMED_UNIT ( * ) SI_UNIT ( $, .STERADIAN. ) SOLID_ANGLE_UNIT ( ) );
#3236 = CYLINDRICAL_SURFACE ( 'NONE', #2689, 1.250000000000000444 ) ;
#3237 = CARTESIAN_POINT ( 'NONE',  ( 19.99999955296516418, -9.999999776482582092, 4.999999888241291046 ) ) ;
#3238 = CARTESIAN_POINT ( 'NONE',  ( -14.50000000000000000, 26.99999999999999645, -43.75326492236801812 ) ) ;
#3239 = ORIENTED_EDGE ( 'NONE', *, *, #3233, .T. ) ;
#3240 = ORIENTED_EDGE ( 'NONE', *, *, #6187, .F. ) ;
#3241 = AXIS2_PLACEMENT_3D ( 'NONE', #1116, #4476, #1086 ) ;
#3242 = DIRECTION ( 'NONE',  ( 0.000000000000000000, 0.000000000000000000, -1.000000000000000000 ) ) ;
#3243 = TOROIDAL_SURFACE ( 'NONE', #2118, 4.000000000000000000, 2.000000000000000000 ) ;
#3244 = CARTESIAN_POINT ( 'NONE',  ( 0.000000000000000000, 2.000000000000001776, 52.00000000000000000 ) ) ;
#3245 = FACE_OUTER_BOUND ( 'NONE', #546, .T. ) ;
#3246 = ADVANCED_FACE ( 'NONE', ( #4558 ), #5646, .T. ) ;
#3247 = CARTESIAN_POINT ( 'NONE',  ( -10.96666644314946204, 30.00000000000000000, 4.001379085131786084 ) ) ;
#3248 = VECTOR ( 'NONE', #973, 1000.000000000000000 ) ;
#3249 = LINE ( 'NONE', #6040, #1294 ) ;
#3250 = CARTESIAN_POINT ( 'NONE',  ( 19.80000000000001137, 27.00000000000000355, 37.42492653411373738 ) ) ;
#3251 = CARTESIAN_POINT ( 'NONE',  ( -7.500000000000001776, 23.00000000000000000, -41.75326492236801101 ) ) ;
#3252 = ORIENTED_EDGE ( 'NONE', *, *, #2205, .F. ) ;
#3253 = ORIENTED_EDGE ( 'NONE', *, *, #1051, .T. ) ;
#3254 = LINE ( 'NONE', #5569, #5834 ) ;
#3255 = DIRECTION ( 'NONE',  ( 1.000000000000000000, -0.000000000000000000, -1.521687259628777768E-16 ) ) ;
#3256 = CARTESIAN_POINT ( 'NONE',  ( -4.538640232357586513, 30.00000000000000000, 11.09250600829422595 ) ) ;
#3257 = CARTESIAN_POINT ( 'NONE',  ( -16.57720468938351033, -2.015564357861876488, 9.120155997975347262 ) ) ;
#3258 = VERTEX_POINT ( 'NONE', #4625 ) ;
#3259 = AXIS2_PLACEMENT_3D ( 'NONE', #5000, #680, #4449 ) ;
#3260 = ORIENTED_EDGE ( 'NONE', *, *, #1431, .F. ) ;
#3261 = EDGE_CURVE ( 'NONE', #3180, #5921, #2645, .T. ) ;
#3262 = CARTESIAN_POINT ( 'NONE',  ( 24.80000000000000426, 6.999999999999999112, 42.83935106884789690 ) ) ;
#3263 = CARTESIAN_POINT ( 'NONE',  ( 20.30000000000000782, 27.00000000000000000, 36.92492653411373738 ) ) ;
#3264 = CARTESIAN_POINT ( 'NONE',  ( 19.99999955296516418, 9.999999776482582092, 4.999999888241291046 ) ) ;
#3265 = CARTESIAN_POINT ( 'NONE',  ( -1.091962309304984613, 47.66993993631767523, 51.48846044170438319 ) ) ;
#3266 = EDGE_LOOP ( 'NONE', ( #4875, #5015, #3587, #2963 ) ) ;
#3267 = LINE ( 'NONE', #1390, #2293 ) ;
#3268 = FACE_OUTER_BOUND ( 'NONE', #4593, .T. ) ;
#3269 = EDGE_CURVE ( 'NONE', #4001, #611, #2212, .T. ) ;
#3270 = DIRECTION ( 'NONE',  ( -0.000000000000000000, 1.000000000000000000, -0.000000000000000000 ) ) ;
#3271 = DIRECTION ( 'NONE',  ( 0.000000000000000000, 1.000000000000000000, 0.000000000000000000 ) ) ;
#3272 = VECTOR ( 'NONE', #1261, 1000.000000000000000 ) ;
#3273 = EDGE_CURVE ( 'NONE', #3695, #457, #725, .T. ) ;
#3274 = CARTESIAN_POINT ( 'NONE',  ( 11.50000000000000178, 6.999999999999999112, -41.75326492236801101 ) ) ;
#3275 = AXIS2_PLACEMENT_3D ( 'NONE', #5393, #2458, #4393 ) ;
#3276 = LINE ( 'NONE', #94, #4138 ) ;
#3277 = CARTESIAN_POINT ( 'NONE',  ( 1.250000000006537437, 48.29999999999935767, 51.48482786219629048 ) ) ;
#3278 = ORIENTED_EDGE ( 'NONE', *, *, #3778, .F. ) ;
#3279 = DIRECTION ( 'NONE',  ( -1.000000000000000000, 0.000000000000000000, 0.000000000000000000 ) ) ;
#3280 = VERTEX_POINT ( 'NONE', #5041 ) ;
#3281 = CARTESIAN_POINT ( 'NONE',  ( -21.62287565553232227, 27.00000000000000000, 34.60205087858145134 ) ) ;
#3282 = DIRECTION ( 'NONE',  ( 0.000000000000000000, 0.000000000000000000, -1.000000000000000000 ) ) ;
#3283 = VERTEX_POINT ( 'NONE', #3635 ) ;
#3284 = ORIENTED_EDGE ( 'NONE', *, *, #1716, .F. ) ;
#3285 = DIRECTION ( 'NONE',  ( 1.000000000000000000, 0.000000000000000000, 0.000000000000000000 ) ) ;
#3286 = CIRCLE ( 'NONE', #2875, 1.250002480752413936 ) ;
#3287 = EDGE_CURVE ( 'NONE', #5456, #6110, #2178, .T. ) ;
#3288 = FACE_OUTER_BOUND ( 'NONE', #3679, .T. ) ;
#3289 = CARTESIAN_POINT ( 'NONE',  ( -12.50000000000000000, 26.99999999999999645, -43.75326492236801812 ) ) ;
#3290 = DIRECTION ( 'NONE',  ( 0.000000000000000000, 0.000000000000000000, -1.000000000000000000 ) ) ;
#3291 = ORIENTED_EDGE ( 'NONE', *, *, #3036, .T. ) ;
#3292 = VECTOR ( 'NONE', #4255, 1000.000000000000000 ) ;
#3293 = AXIS2_PLACEMENT_3D ( 'NONE', #2533, #2980, #5402 ) ;
#3294 = CYLINDRICAL_SURFACE ( 'NONE', #468, 2.000000000000000000 ) ;
#3295 = ADVANCED_FACE ( 'NONE', ( #3601 ), #1166, .F. ) ;
#3296 = CIRCLE ( 'NONE', #566, 2.000000000000001776 ) ;
#3297 = CARTESIAN_POINT ( 'NONE',  ( -18.80000000000001492, 27.00000000000000000, 37.42492653411379422 ) ) ;
#3298 = DIRECTION ( 'NONE',  ( -0.000000000000000000, 1.000000000000000000, -0.000000000000000000 ) ) ;
#3299 = ORIENTED_EDGE ( 'NONE', *, *, #3092, .T. ) ;
#3300 = AXIS2_PLACEMENT_3D ( 'NONE', #4508, #2065, #5474 ) ;
#3301 = CARTESIAN_POINT ( 'NONE',  ( -10.29999977648274267, 26.00000000000000000, 4.746735077631762501 ) ) ;
#3302 = EDGE_CURVE ( 'NONE', #4245, #2109, #1383, .T. ) ;
#3303 = CARTESIAN_POINT ( 'NONE',  ( -21.62287565553231872, 28.09709791080267749, 34.60205087858145845 ) ) ;
#3304 = ORIENTED_EDGE ( 'NONE', *, *, #1610, .F. ) ;
#3305 = VECTOR ( 'NONE', #5146, 1000.000000000000000 ) ;
#3306 = CARTESIAN_POINT ( 'NONE',  ( 14.50000000000000000, 120.7419196555744350, -40.75326492236801812 ) ) ;
#3307 = ORIENTED_EDGE ( 'NONE', *, *, #4045, .F. ) ;
#3308 = EDGE_CURVE ( 'NONE', #4230, #4791, #2900, .T. ) ;
#3309 = CARTESIAN_POINT ( 'NONE',  ( -5.021115241337913204, 5.000000000000000000, 32.80551706837836434 ) ) ;
#3310 = CARTESIAN_POINT ( 'NONE',  ( 12.50000000000000178, 7.000000000000006217, -43.75326492236801812 ) ) ;
#3311 = CARTESIAN_POINT ( 'NONE',  ( -12.50000000000001066, 7.000000000000006217, 13.24673507763199076 ) ) ;
#3312 = VERTEX_POINT ( 'NONE', #1295 ) ;
#3313 = ORIENTED_EDGE ( 'NONE', *, *, #3269, .F. ) ;
#3314 = DIRECTION ( 'NONE',  ( 0.000000000000000000, -1.000000000000000000, 0.000000000000000000 ) ) ;
#3315 = ADVANCED_FACE ( 'NONE', ( #1259 ), #1084, .F. ) ;
#3316 = VECTOR ( 'NONE', #3699, 1000.000000000000000 ) ;
#3317 = CYLINDRICAL_SURFACE ( 'NONE', #5356, 2.000000000000000000 ) ;
#3318 = CARTESIAN_POINT ( 'NONE',  ( -14.99999966472387314, -0.7607504052650645443, 9.855620236878186446 ) ) ;
#3319 = DIRECTION ( 'NONE',  ( 1.000000000000000000, 0.000000000000000000, 0.000000000000000000 ) ) ;
#3320 = ORIENTED_EDGE ( 'NONE', *, *, #2966, .F. ) ;
#3321 = ORIENTED_EDGE ( 'NONE', *, *, #3849, .F. ) ;
#3322 = CARTESIAN_POINT ( 'NONE',  ( 24.80000000000000071, 6.999999999999999112, 42.83935106884789690 ) ) ;
#3323 = AXIS2_PLACEMENT_3D ( 'NONE', #4173, #3693, #2638 ) ;
#3324 = CIRCLE ( 'NONE', #2612, 2.000000000000001776 ) ;
#3325 = DIRECTION ( 'NONE',  ( 1.521687259628777768E-16, -0.000000000000000000, 1.000000000000000000 ) ) ;
#3326 = VECTOR ( 'NONE', #3650, 1000.000000000000000 ) ;
#3327 = CARTESIAN_POINT ( 'NONE',  ( -5.768532730520274932, 5.000000000000000000, 32.67380258208739008 ) ) ;
#3328 = CIRCLE ( 'NONE', #293, 2.000000000000000000 ) ;
#3329 = ORIENTED_EDGE ( 'NONE', *, *, #1615, .F. ) ;
#3330 = SHAPE_DEFINITION_REPRESENTATION ( #1755, #1566 ) ;
#3331 = FACE_OUTER_BOUND ( 'NONE', #2104, .T. ) ;
#3332 = ADVANCED_FACE ( 'NONE', ( #3200 ), #3236, .F. ) ;
#3333 = EDGE_CURVE ( 'NONE', #4442, #1223, #5442, .T. ) ;
#3334 = LINE ( 'NONE', #4733, #4396 ) ;
#3335 = CIRCLE ( 'NONE', #1908, 2.000000000000001776 ) ;
#3336 = ADVANCED_FACE ( 'NONE', ( #2680 ), #4113, .F. ) ;
#3337 = DIRECTION ( 'NONE',  ( 0.000000000000000000, 1.000000000000000000, 0.000000000000000000 ) ) ;
#3338 = ORIENTED_EDGE ( 'NONE', *, *, #290, .T. ) ;
#3339 = CIRCLE ( 'NONE', #2122, 2.000000000000001776 ) ;
#3340 = EDGE_CURVE ( 'NONE', #6077, #2633, #3011, .T. ) ;
#3341 = FACE_BOUND ( 'NONE', #5424, .T. ) ;
#3342 = ORIENTED_EDGE ( 'NONE', *, *, #2210, .T. ) ;
#3343 = DIRECTION ( 'NONE',  ( -0.9063074662638755941, 0.000000000000000000, -0.4226189496394524014 ) ) ;
#3344 = LINE ( 'NONE', #1826, #5554 ) ;
#3345 = PLANE ( 'NONE',  #1916 ) ;
#3346 = VERTEX_POINT ( 'NONE', #349 ) ;
#3347 = EDGE_LOOP ( 'NONE', ( #5621, #5701, #4605, #6107 ) ) ;
#3348 = CARTESIAN_POINT ( 'NONE',  ( -9.500000000000001776, 23.00000000000000000, 15.24673507763198188 ) ) ;
#3349 = CARTESIAN_POINT ( 'NONE',  ( -0.9989655520780257314, 47.53111649866166744, 53.99088245141086873 ) ) ;
#3350 = EDGE_CURVE ( 'NONE', #3772, #6266, #1508, .T. ) ;
#3351 = CYLINDRICAL_SURFACE ( 'NONE', #708, 1.250003382295029608 ) ;
#3352 = DIRECTION ( 'NONE',  ( 1.000000000000000000, -0.000000000000000000, 0.000000000000000000 ) ) ;
#3353 = ORIENTED_EDGE ( 'NONE', *, *, #3508, .F. ) ;
#3354 = VERTEX_POINT ( 'NONE', #48 ) ;
#3355 = CARTESIAN_POINT ( 'NONE',  ( -14.99999966472389445, 2.015564269993059376, 9.120155997975308182 ) ) ;
#3356 = CARTESIAN_POINT ( 'NONE',  ( -3.051582509220246486E-13, 26.00000000000000000, -40.30326402829823706 ) ) ;
#3357 = DIRECTION ( 'NONE',  ( 0.000000000000000000, 0.000000000000000000, 1.000000000000000000 ) ) ;
#3358 = APPLICATION_PROTOCOL_DEFINITION ( 'draft international standard', 'automotive_design', 1998, #2310 ) ;
#3359 = ORIENTED_EDGE ( 'NONE', *, *, #5558, .F. ) ;
#3360 = LINE ( 'NONE', #4792, #6233 ) ;
#3361 = ORIENTED_EDGE ( 'NONE', *, *, #4345, .F. ) ;
#3362 = FACE_OUTER_BOUND ( 'NONE', #646, .T. ) ;
#3363 = CARTESIAN_POINT ( 'NONE',  ( -11.50000000000000178, 5.000000000000000000, 12.24673507763198543 ) ) ;
#3364 = ORIENTED_EDGE ( 'NONE', *, *, #2792, .F. ) ;
#3365 = CARTESIAN_POINT ( 'NONE',  ( -20.30000000000000426, 27.00000000000000000, 47.33032854312336468 ) ) ;
#3366 = ORIENTED_EDGE ( 'NONE', *, *, #2785, .T. ) ;
#3367 = TOROIDAL_SURFACE ( 'NONE', #647, 4.000000000000000000, 2.000000000000000000 ) ;
#3368 = EDGE_CURVE ( 'NONE', #2640, #3167, #2894, .T. ) ;
#3369 = CARTESIAN_POINT ( 'NONE',  ( -2.852381437598163760, 5.000000000000000000, 33.23052696511482651 ) ) ;
#3370 = DIRECTION ( 'NONE',  ( -1.000000000000000000, 0.000000000000000000, 0.000000000000000000 ) ) ;
#3371 = FACE_OUTER_BOUND ( 'NONE', #3995, .T. ) ;
#3372 = DIRECTION ( 'NONE',  ( 1.000000000000000000, -0.000000000000000000, -0.000000000000000000 ) ) ;
#3373 = ORIENTED_EDGE ( 'NONE', *, *, #2031, .T. ) ;
#3374 = EDGE_LOOP ( 'NONE', ( #281, #1246, #2606, #483 ) ) ;
#3375 = CARTESIAN_POINT ( 'NONE',  ( 16.50000000000000000, 5.000000000000000000, -41.75326492236801101 ) ) ;
#3376 = ADVANCED_FACE ( 'NONE', ( #5212 ), #6157, .F. ) ;
#3377 = DIRECTION ( 'NONE',  ( -0.000000000000000000, 1.000000000000000000, -0.000000000000000000 ) ) ;
#3378 = DIRECTION ( 'NONE',  ( -0.4226189496394527345, -0.000000000000000000, 0.9063074662638755941 ) ) ;
#3379 = DIRECTION ( 'NONE',  ( 1.000000000000000000, -0.000000000000000000, -0.000000000000000000 ) ) ;
#3380 = ORIENTED_EDGE ( 'NONE', *, *, #4115, .T. ) ;
#3381 = CARTESIAN_POINT ( 'NONE',  ( 0.000000000000000000, 55.00000000000000000, 0.000000000000000000 ) ) ;
#3382 = EDGE_CURVE ( 'NONE', #4348, #850, #523, .T. ) ;
#3383 = VECTOR ( 'NONE', #3015, 1000.000000000000000 ) ;
#3384 = AXIS2_PLACEMENT_3D ( 'NONE', #3421, #722, #4372 ) ;
#3385 = DIRECTION ( 'NONE',  ( 0.000000000000000000, -1.000000000000000000, -0.000000000000000000 ) ) ;
#3386 = CARTESIAN_POINT ( 'NONE',  ( 0.3274506475659269000, 49.51741099496596377, 53.99921905611759598 ) ) ;
#3387 = DIRECTION ( 'NONE',  ( 0.4228854653311341361, 0.000000000000000000, -0.9061831399952605670 ) ) ;
#3388 = ORIENTED_EDGE ( 'NONE', *, *, #2636, .F. ) ;
#3389 = ORIENTED_EDGE ( 'NONE', *, *, #6023, .T. ) ;
#3390 = PLANE ( 'NONE',  #2269 ) ;
#3391 = DIRECTION ( 'NONE',  ( -0.000000000000000000, 1.000000000000000000, -0.000000000000000000 ) ) ;
#3392 = EDGE_CURVE ( 'NONE', #999, #5507, #3404, .T. ) ;
#3393 = AXIS2_PLACEMENT_3D ( 'NONE', #4323, #2867, #1416 ) ;
#3394 = FACE_OUTER_BOUND ( 'NONE', #237, .T. ) ;
#3395 = CIRCLE ( 'NONE', #2478, 2.000000000000001776 ) ;
#3396 = CARTESIAN_POINT ( 'NONE',  ( -14.88976677531269566, -2.015564252510658072, 9.907022779252375955 ) ) ;
#3397 = ORIENTED_EDGE ( 'NONE', *, *, #32, .F. ) ;
#3398 = DIRECTION ( 'NONE',  ( 1.000000000000000000, 0.000000000000000000, 0.000000000000000000 ) ) ;
#3399 = VERTEX_POINT ( 'NONE', #1802 ) ;
#3400 = EDGE_CURVE ( 'NONE', #1270, #3399, #5573, .T. ) ;
#3401 = AXIS2_PLACEMENT_3D ( 'NONE', #5223, #1464, #6260 ) ;
#3402 = CARTESIAN_POINT ( 'NONE',  ( -1.914463586299365305, 5.280694475743779037, 34.42492653419016335 ) ) ;
#3403 = CYLINDRICAL_SURFACE ( 'NONE', #1707, 2.000000000000001776 ) ;
#3404 = LINE ( 'NONE', #3950, #405 ) ;
#3405 = CARTESIAN_POINT ( 'NONE',  ( -7.500000000000001776, 23.00000000000000000, -40.75326492236801812 ) ) ;
#3406 = ORIENTED_EDGE ( 'NONE', *, *, #5741, .F. ) ;
#3407 = EDGE_LOOP ( 'NONE', ( #5928, #2683, #1529, #820, #3366, #44, #5676, #5793 ) ) ;
#3408 = DIRECTION ( 'NONE',  ( -0.9061831399952704480, 0.000000000000000000, 0.4228854653311131528 ) ) ;
#3409 = CARTESIAN_POINT ( 'NONE',  ( 17.00000092387199402, 7.749999873340129852, 4.999999888241291046 ) ) ;
#3410 = DIRECTION ( 'NONE',  ( 1.000000000000000000, 0.000000000000000000, 0.000000000000000000 ) ) ;
#3411 = LINE ( 'NONE', #4910, #4278 ) ;
#3412 = ORIENTED_EDGE ( 'NONE', *, *, #1418, .T. ) ;
#3413 = EDGE_CURVE ( 'NONE', #1216, #4076, #4384, .T. ) ;
#3414 =( NAMED_UNIT ( * ) PLANE_ANGLE_UNIT ( ) SI_UNIT ( $, .RADIAN. ) );
#3415 = VECTOR ( 'NONE', #4214, 1000.000000000000000 ) ;
#3416 = CARTESIAN_POINT ( 'NONE',  ( 11.50000000000000178, 120.7419196555744350, -43.75326492236801812 ) ) ;
#3417 = CARTESIAN_POINT ( 'NONE',  ( 0.000000000000000000, 0.000000000000000000, 0.000000000000000000 ) ) ;
#3418 = CARTESIAN_POINT ( 'NONE',  ( -12.50000000000001066, 30.00000000000000000, 15.24673507763199076 ) ) ;
#3419 = EDGE_LOOP ( 'NONE', ( #2026, #4133, #2855, #3757 ) ) ;
#3420 = ORIENTED_EDGE ( 'NONE', *, *, #133, .F. ) ;
#3421 = CARTESIAN_POINT ( 'NONE',  ( 12.49999999999999822, 23.00000000000000000, -36.75326492236801812 ) ) ;
#3422 = VECTOR ( 'NONE', #278, 1000.000000000000000 ) ;
#3423 = CIRCLE ( 'NONE', #1504, 54.00000000000000000 ) ;
#3424 = DIRECTION ( 'NONE',  ( 0.000000000000000000, 0.000000000000000000, 1.000000000000000000 ) ) ;
#3425 = AXIS2_PLACEMENT_3D ( 'NONE', #3122, #4139, #5168 ) ;
#3426 = DIRECTION ( 'NONE',  ( 0.000000000000000000, 0.000000000000000000, -1.000000000000000000 ) ) ;
#3427 = EDGE_CURVE ( 'NONE', #2666, #436, #3884, .T. ) ;
#3428 = LINE ( 'NONE', #5438, #6089 ) ;
#3429 = ORIENTED_EDGE ( 'NONE', *, *, #4830, .F. ) ;
#3430 = DIRECTION ( 'NONE',  ( 1.000000000000000000, 0.000000000000000000, -1.272596596149578236E-15 ) ) ;
#3431 = VERTEX_POINT ( 'NONE', #3736 ) ;
#3432 = AXIS2_PLACEMENT_3D ( 'NONE', #4542, #4063, #1277 ) ;
#3433 = CARTESIAN_POINT ( 'NONE',  ( 3.805642285941807312, 4.999999999999999112, 33.84692066274416788 ) ) ;
#3434 = AXIS2_PLACEMENT_3D ( 'NONE', #4293, #2937, #1421 ) ;
#3435 = CARTESIAN_POINT ( 'NONE',  ( -16.50000000000000000, 5.000000000000000000, -41.75326492236801101 ) ) ;
#3436 = DIRECTION ( 'NONE',  ( -0.4226189496394527345, -0.000000000000000000, 0.9063074662638755941 ) ) ;
#3437 = DIRECTION ( 'NONE',  ( -1.000000000000000000, 0.000000000000000000, 0.000000000000000000 ) ) ;
#3438 = CYLINDRICAL_SURFACE ( 'NONE', #4644, 2.000000000000000000 ) ;
#3439 = ORIENTED_EDGE ( 'NONE', *, *, #3112, .T. ) ;
#3440 = ORIENTED_EDGE ( 'NONE', *, *, #1994, .T. ) ;
#3441 = DIRECTION ( 'NONE',  ( -0.000000000000000000, -1.000000000000000000, 0.000000000000000000 ) ) ;
#3442 = DIRECTION ( 'NONE',  ( 0.000000000000000000, 0.000000000000000000, 1.000000000000000000 ) ) ;
#3443 = ADVANCED_FACE ( 'NONE', ( #1029 ), #5385, .F. ) ;
#3444 = DIRECTION ( 'NONE',  ( -0.000000000000000000, -1.000000000000000000, -0.000000000000000000 ) ) ;
#3445 = CARTESIAN_POINT ( 'NONE',  ( 14.69055430771182813, 7.749999873340129852, 9.999999776482582092 ) ) ;
#3446 = ORIENTED_EDGE ( 'NONE', *, *, #1699, .F. ) ;
#3447 = ORIENTED_EDGE ( 'NONE', *, *, #1683, .F. ) ;
#3448 = DIRECTION ( 'NONE',  ( 0.000000000000000000, 0.000000000000000000, -1.000000000000000000 ) ) ;
#3449 = VECTOR ( 'NONE', #2100, 1000.000000000000000 ) ;
#3450 = EDGE_CURVE ( 'NONE', #4993, #6146, #5476, .T. ) ;
#3451 = FACE_OUTER_BOUND ( 'NONE', #4330, .T. ) ;
#3452 = CARTESIAN_POINT ( 'NONE',  ( -11.50000000000000178, 23.00000000000000000, 13.24673507763199076 ) ) ;
#3453 = CARTESIAN_POINT ( 'NONE',  ( 4.538640232357565196, 26.00000000000000000, 11.09250600829425792 ) ) ;
#3454 = ORIENTED_EDGE ( 'NONE', *, *, #339, .T. ) ;
#3455 = ORIENTED_EDGE ( 'NONE', *, *, #2840, .T. ) ;
#3456 = DIRECTION ( 'NONE',  ( -0.000000000000000000, 1.000000000000000000, -0.000000000000000000 ) ) ;
#3457 = VERTEX_POINT ( 'NONE', #6189 ) ;
#3458 = FACE_OUTER_BOUND ( 'NONE', #4774, .T. ) ;
#3459 = AXIS2_PLACEMENT_3D ( 'NONE', #3381, #1863, #6284 ) ;
#3460 = ADVANCED_FACE ( 'NONE', ( #3371 ), #4356, .T. ) ;
#3461 = CARTESIAN_POINT ( 'NONE',  ( 10.29999977648222220, 30.00000000000000000, -33.61719605079834849 ) ) ;
#3462 = VERTEX_POINT ( 'NONE', #2005 ) ;
#3463 = CARTESIAN_POINT ( 'NONE',  ( 20.30000000000001492, 55.00000000000000000, 47.33032854312337889 ) ) ;
#3464 = AXIS2_PLACEMENT_3D ( 'NONE', #4524, #1227, #2616 ) ;
#3465 = ORIENTED_EDGE ( 'NONE', *, *, #3273, .T. ) ;
#3466 = AXIS2_PLACEMENT_3D ( 'NONE', #3132, #5517, #1710 ) ;
#3467 = VECTOR ( 'NONE', #3100, 1000.000000000000114 ) ;
#3468 = EDGE_CURVE ( 'NONE', #5888, #953, #4664, .T. ) ;
#3469 = CARTESIAN_POINT ( 'NONE',  ( -10.29999977648274267, 30.00000000000000000, 4.746735077631762501 ) ) ;
#3470 = CIRCLE ( 'NONE', #5802, 21.80000000000003268 ) ;
#3471 = DIRECTION ( 'NONE',  ( 0.000000000000000000, -1.000000000000000000, 0.000000000000000000 ) ) ;
#3472 = FACE_OUTER_BOUND ( 'NONE', #2181, .T. ) ;
#3473 = ORIENTED_EDGE ( 'NONE', *, *, #4057, .T. ) ;
#3474 = DIRECTION ( 'NONE',  ( 0.4228854653311341361, 0.000000000000000000, -0.9061831399952605670 ) ) ;
#3475 = CARTESIAN_POINT ( 'NONE',  ( -10.20437843570839753, 9.401915544930446345, 50.49135153588870395 ) ) ;
#3476 = ORIENTED_EDGE ( 'NONE', *, *, #1610, .T. ) ;
#3477 = ORIENTED_EDGE ( 'NONE', *, *, #1025, .F. ) ;
#3478 = DIRECTION ( 'NONE',  ( 0.000000000000000000, 0.000000000000000000, 1.000000000000000000 ) ) ;
#3479 = VECTOR ( 'NONE', #4158, 1000.000000000000000 ) ;
#3480 = EDGE_CURVE ( 'NONE', #4968, #1487, #6083, .T. ) ;
#3481 = CARTESIAN_POINT ( 'NONE',  ( -16.99982397258281708, 7.749999873340129852, 9.999999776482582092 ) ) ;
#3482 = DIRECTION ( 'NONE',  ( 1.000000000000000000, -0.000000000000000000, -0.000000000000000000 ) ) ;
#3483 = ORIENTED_EDGE ( 'NONE', *, *, #2076, .T. ) ;
#3484 = ORIENTED_EDGE ( 'NONE', *, *, #254, .F. ) ;
#3485 = DIRECTION ( 'NONE',  ( -0.000000000000000000, 1.000000000000000000, -0.000000000000000000 ) ) ;
#3486 = ADVANCED_FACE ( 'NONE', ( #4872 ), #5467, .F. ) ;
#3487 = CARTESIAN_POINT ( 'NONE',  ( 11.50000000000000178, 23.00000000000000000, -41.75326492236801101 ) ) ;
#3488 = CARTESIAN_POINT ( 'NONE',  ( -13.31179700757934725, -0.3235236279549968952, 11.74622280476065050 ) ) ;
#3489 = DIRECTION ( 'NONE',  ( 0.000000000000000000, 0.000000000000000000, -1.000000000000000000 ) ) ;
#3490 = CARTESIAN_POINT ( 'NONE',  ( 10.29999977648222220, 26.00000000000000000, -33.61719605079834849 ) ) ;
#3491 = ORIENTED_EDGE ( 'NONE', *, *, #5974, .F. ) ;
#3492 = CARTESIAN_POINT ( 'NONE',  ( 14.99999966472387491, 5.750000011175870895, 4.999999888241291046 ) ) ;
#3493 = ORIENTED_EDGE ( 'NONE', *, *, #4588, .T. ) ;
#3494 = CARTESIAN_POINT ( 'NONE',  ( -12.50000000000000888, 23.00000000000000000, 8.246735077631985433 ) ) ;
#3495 = ORIENTED_EDGE ( 'NONE', *, *, #2641, .T. ) ;
#3496 = EDGE_CURVE ( 'NONE', #6074, #960, #163, .T. ) ;
#3497 = CIRCLE ( 'NONE', #4600, 2.000000000000001776 ) ;
#3498 = ORIENTED_EDGE ( 'NONE', *, *, #2677, .F. ) ;
#3499 = AXIS2_PLACEMENT_3D ( 'NONE', #5889, #3314, #5762 ) ;
#3500 = CARTESIAN_POINT ( 'NONE',  ( -8.773726047632893099, 26.00000000000000000, 6.746735077631791810 ) ) ;
#3501 = ORIENTED_EDGE ( 'NONE', *, *, #6230, .T. ) ;
#3502 = EDGE_CURVE ( 'NONE', #1558, #6203, #1139, .T. ) ;
#3503 = CARTESIAN_POINT ( 'NONE',  ( 7.500000000000001776, 26.99999999999999645, -41.75326492236801101 ) ) ;
#3504 = DIRECTION ( 'NONE',  ( 0.000000000000000000, 0.000000000000000000, -1.000000000000000000 ) ) ;
#3505 = CARTESIAN_POINT ( 'NONE',  ( 18.98279936777861820, 19.79894760153350930, 47.87398300562579578 ) ) ;
#3506 = ORIENTED_EDGE ( 'NONE', *, *, #926, .T. ) ;
#3507 = DIRECTION ( 'NONE',  ( -0.000000000000000000, 1.000000000000000000, -0.000000000000000000 ) ) ;
#3508 = EDGE_CURVE ( 'NONE', #4649, #1734, #2595, .T. ) ;
#3509 = AXIS2_PLACEMENT_3D ( 'NONE', #1786, #1306, #5658 ) ;
#3510 = DIRECTION ( 'NONE',  ( 0.000000000000000000, 0.000000000000000000, -1.000000000000000000 ) ) ;
#3511 = CARTESIAN_POINT ( 'NONE',  ( -12.01375201344490051, -0.5823428509756922722, 11.24813314527273356 ) ) ;
#3512 = ORIENTED_EDGE ( 'NONE', *, *, #5763, .T. ) ;
#3513 = VERTEX_POINT ( 'NONE', #3707 ) ;
#3514 = CARTESIAN_POINT ( 'NONE',  ( 9.500000000000001776, 23.00000000000000000, 10.24673507763198366 ) ) ;
#3515 = DIRECTION ( 'NONE',  ( -1.000000000000000000, 0.000000000000000000, 1.176083712526649195E-16 ) ) ;
#3516 = CARTESIAN_POINT ( 'NONE',  ( 8.674099376880663570, 7.000000000000002665, 34.42492653411373738 ) ) ;
#3517 = CARTESIAN_POINT ( 'NONE',  ( -12.50000000000001066, 24.99999999999999645, 8.246735077631985433 ) ) ;
#3518 = CARTESIAN_POINT ( 'NONE',  ( -16.99982397258282063, -0.7500000065192580223, 10.02646417955923042 ) ) ;
#3519 = ORIENTED_EDGE ( 'NONE', *, *, #1527, .F. ) ;
#3520 = EDGE_LOOP ( 'NONE', ( #3160, #5159, #1069, #5866 ) ) ;
#3521 = LINE ( 'NONE', #164, #4203 ) ;
#3522 = ADVANCED_BREP_SHAPE_REPRESENTATION ( '', ( #6197, #4029, #3537 ), #4545 ) ;
#3523 = CIRCLE ( 'NONE', #5963, 2.000000000000001776 ) ;
#3524 = CARTESIAN_POINT ( 'NONE',  ( -9.500000000000001776, 5.000000000000000000, 8.246735077631985433 ) ) ;
#3525 = EDGE_LOOP ( 'NONE', ( #3307, #4640, #1945 ) ) ;
#3526 = DIRECTION ( 'NONE',  ( -0.000000000000000000, -1.000000000000000000, -0.000000000000000000 ) ) ;
#3527 = ORIENTED_EDGE ( 'NONE', *, *, #3968, .F. ) ;
#3528 = VECTOR ( 'NONE', #4013, 1000.000000000000000 ) ;
#3529 = DIRECTION ( 'NONE',  ( 0.000000000000000000, 0.000000000000000000, -1.000000000000000000 ) ) ;
#3530 = LINE ( 'NONE', #5502, #1001 ) ;
#3531 = CARTESIAN_POINT ( 'NONE',  ( -14.99999966472387314, 5.750000011175870895, 4.999999888241291046 ) ) ;
#3532 = CARTESIAN_POINT ( 'NONE',  ( -0.6459370560677055728, 6.707480835099610239, 51.49704951995203572 ) ) ;
#3533 = AXIS2_PLACEMENT_3D ( 'NONE', #3784, #5287, #5717 ) ;
#3534 = ORIENTED_EDGE ( 'NONE', *, *, #5244, .T. ) ;
#3535 = VECTOR ( 'NONE', #2592, 1000.000000000000000 ) ;
#3536 = CARTESIAN_POINT ( 'NONE',  ( 21.62287565553232582, 27.00000000000000355, 34.60205087858144424 ) ) ;
#3537 = AXIS2_PLACEMENT_3D ( 'NONE', #4536, #2187, #4122 ) ;
#3538 = CARTESIAN_POINT ( 'NONE',  ( -20.30000000000000426, 27.00000000000000000, 54.00100000000000477 ) ) ;
#3539 = CARTESIAN_POINT ( 'NONE',  ( -15.09346121785695516, 1.250000006519258022, 9.812038312545594110 ) ) ;
#3540 = EDGE_LOOP ( 'NONE', ( #3559, #4684, #983, #1926 ) ) ;
#3541 = AXIS2_PLACEMENT_3D ( 'NONE', #2108, #1068, #1637 ) ;
#3542 = PLANE ( 'NONE',  #3653 ) ;
#3543 = EDGE_CURVE ( 'NONE', #1703, #1882, #1682, .T. ) ;
#3544 = VECTOR ( 'NONE', #5727, 1000.000000000000000 ) ;
#3545 = DIRECTION ( 'NONE',  ( -0.000000000000000000, 1.000000000000000000, 0.000000000000000000 ) ) ;
#3546 = LINE ( 'NONE', #1135, #1747 ) ;
#3547 = CARTESIAN_POINT ( 'NONE',  ( 12.50000000000000533, 23.00000000000000000, 8.246735077631981881 ) ) ;
#3548 = CARTESIAN_POINT ( 'NONE',  ( -7.500000000000001776, 23.00000000000000000, 12.24673507763198543 ) ) ;
#3549 = EDGE_LOOP ( 'NONE', ( #2477, #3863, #2119, #1789 ) ) ;
#3550 = CARTESIAN_POINT ( 'NONE',  ( 14.50000000000000711, 120.7419196555744350, 12.24673507763197833 ) ) ;
#3551 = AXIS2_PLACEMENT_3D ( 'NONE', #588, #1973, #2576 ) ;
#3552 = DIRECTION ( 'NONE',  ( 0.000000000000000000, 0.000000000000000000, -1.000000000000000000 ) ) ;
#3553 = VERTEX_POINT ( 'NONE', #1743 ) ;
#3554 = DIRECTION ( 'NONE',  ( 0.000000000000000000, -1.000000000000000000, 0.000000000000000000 ) ) ;
#3555 = EDGE_CURVE ( 'NONE', #4366, #4627, #170, .T. ) ;
#3556 = CARTESIAN_POINT ( 'NONE',  ( -16.99982397258281708, -2.500000000000000000, 10.02646417955922686 ) ) ;
#3557 = CARTESIAN_POINT ( 'NONE',  ( 10.29999977648224530, 26.00000000000000000, -35.85326402829814185 ) ) ;
#3558 = CARTESIAN_POINT ( 'NONE',  ( 16.09895510050420597, 14.61662192889368406, 48.92102580455347294 ) ) ;
#3559 = ORIENTED_EDGE ( 'NONE', *, *, #3555, .T. ) ;
#3560 = ORIENTED_EDGE ( 'NONE', *, *, #3189, .T. ) ;
#3561 = DIRECTION ( 'NONE',  ( 0.000000000000000000, 0.000000000000000000, -1.000000000000000000 ) ) ;
#3562 = EDGE_CURVE ( 'NONE', #4245, #4108, #4185, .T. ) ;
#3563 = VECTOR ( 'NONE', #1013, 1000.000000000000000 ) ;
#3564 = LINE ( 'NONE', #5511, #6273 ) ;
#3565 = CARTESIAN_POINT ( 'NONE',  ( -9.500000000000001776, 23.00000000000000000, -38.75326492236801812 ) ) ;
#3566 = ORIENTED_EDGE ( 'NONE', *, *, #673, .T. ) ;
#3567 = DIRECTION ( 'NONE',  ( -2.392722035830077493E-16, 0.000000000000000000, -1.000000000000000000 ) ) ;
#3568 = EDGE_CURVE ( 'NONE', #6172, #1903, #3187, .T. ) ;
#3569 = VECTOR ( 'NONE', #2590, 1000.000000000000000 ) ;
#3570 = CIRCLE ( 'NONE', #2049, 2.000000000000001776 ) ;
#3571 = CARTESIAN_POINT ( 'NONE',  ( 7.500000000000001776, 23.00000000000000000, -43.75326492236801812 ) ) ;
#3572 = CARTESIAN_POINT ( 'NONE',  ( -14.88976677122050063, 2.015564243409894818, 9.907022781160600644 ) ) ;
#3573 = CARTESIAN_POINT ( 'NONE',  ( 0.000000000000000000, 0.000000000000000000, 0.000000000000000000 ) ) ;
#3574 = LINE ( 'NONE', #6027, #5405 ) ;
#3575 = ORIENTED_EDGE ( 'NONE', *, *, #246, .F. ) ;
#3576 = CARTESIAN_POINT ( 'NONE',  ( -16.99982397258281708, -2.500000000000000000, 10.02646417955922686 ) ) ;
#3577 = ADVANCED_FACE ( 'NONE', ( #2199 ), #5635, .F. ) ;
#3578 = DIRECTION ( 'NONE',  ( 0.000000000000000000, 1.000000000000000000, 0.000000000000000000 ) ) ;
#3579 = ORIENTED_EDGE ( 'NONE', *, *, #5861, .T. ) ;
#3580 = EDGE_CURVE ( 'NONE', #51, #3101, #4205, .T. ) ;
#3581 = DIRECTION ( 'NONE',  ( 1.176083712526648702E-16, 0.000000000000000000, 1.000000000000000000 ) ) ;
#3582 = LINE ( 'NONE', #1177, #2720 ) ;
#3583 = CARTESIAN_POINT ( 'NONE',  ( -12.50000000000000888, 26.99999999999999645, 8.246735077631985433 ) ) ;
#3584 = VECTOR ( 'NONE', #5617, 1000.000000000000000 ) ;
#3585 = AXIS2_PLACEMENT_3D ( 'NONE', #2642, #4585, #4107 ) ;
#3586 = DIRECTION ( 'NONE',  ( 0.000000000000000000, -1.000000000000000000, 0.000000000000000000 ) ) ;
#3587 = ORIENTED_EDGE ( 'NONE', *, *, #1120, .T. ) ;
#3588 = ORIENTED_EDGE ( 'NONE', *, *, #283, .T. ) ;
#3589 = PRODUCT_DEFINITION ( 'UNKNOWN', '', #2617, #835 ) ;
#3590 = CARTESIAN_POINT ( 'NONE',  ( -1.250000000000000444, 48.30000000000001847, 53.98553046882099693 ) ) ;
#3591 = AXIS2_PLACEMENT_3D ( 'NONE', #4039, #1125, #5535 ) ;
#3592 = CARTESIAN_POINT ( 'NONE',  ( -14.77631934068149988, 0.8928575042518954730, 9.959924291650562367 ) ) ;
#3593 = CARTESIAN_POINT ( 'NONE',  ( 14.50000000000000711, 26.99999999999999645, 8.246735077631981881 ) ) ;
#3594 = EDGE_LOOP ( 'NONE', ( #5608, #1279, #1848, #966 ) ) ;
#3595 = ORIENTED_EDGE ( 'NONE', *, *, #570, .T. ) ;
#3596 = EDGE_CURVE ( 'NONE', #3513, #4218, #1730, .T. ) ;
#3597 = CIRCLE ( 'NONE', #2487, 1.999999999999998224 ) ;
#3598 = DIRECTION ( 'NONE',  ( 0.9063074662638753720, 0.000000000000000000, 0.4226189496394526235 ) ) ;
#3599 = LINE ( 'NONE', #187, #4579 ) ;
#3600 = CYLINDRICAL_SURFACE ( 'NONE', #5257, 2.000000000000000000 ) ;
#3601 = FACE_OUTER_BOUND ( 'NONE', #1405, .T. ) ;
#3602 = CYLINDRICAL_SURFACE ( 'NONE', #97, 2.000000000000007105 ) ;
#3603 = CYLINDRICAL_SURFACE ( 'NONE', #731, 2.000000000000001776 ) ;
#3604 = ORIENTED_EDGE ( 'NONE', *, *, #3655, .F. ) ;
#3605 = EDGE_CURVE ( 'NONE', #919, #5095, #2191, .T. ) ;
#3606 = DIRECTION ( 'NONE',  ( 0.000000000000000000, 1.000000000000000000, 0.000000000000000000 ) ) ;
#3607 = PLANE ( 'NONE',  #1241 ) ;
#3608 = CARTESIAN_POINT ( 'NONE',  ( -9.500000000000001776, 7.000000000000000000, 13.24673507763199076 ) ) ;
#3609 = ORIENTED_EDGE ( 'NONE', *, *, #1199, .T. ) ;
#3610 = ORIENTED_EDGE ( 'NONE', *, *, #6222, .F. ) ;
#3611 = FACE_OUTER_BOUND ( 'NONE', #3419, .T. ) ;
#3612 = AXIS2_PLACEMENT_3D ( 'NONE', #3667, #3197, #4654 ) ;
#3613 = ADVANCED_FACE ( 'NONE', ( #4172 ), #2402, .F. ) ;
#3614 = DIRECTION ( 'NONE',  ( -0.9717565120160718273, -0.2359857651519644273, 0.000000000000000000 ) ) ;
#3615 = DIRECTION ( 'NONE',  ( 0.000000000000000000, -0.000000000000000000, 1.000000000000000000 ) ) ;
#3616 = DIRECTION ( 'NONE',  ( 0.000000000000000000, 0.000000000000000000, -1.000000000000000000 ) ) ;
#3617 = ORIENTED_EDGE ( 'NONE', *, *, #4418, .T. ) ;
#3618 = LINE ( 'NONE', #3150, #3139 ) ;
#3619 = VERTEX_POINT ( 'NONE', #4318 ) ;
#3620 = ORIENTED_EDGE ( 'NONE', *, *, #4466, .F. ) ;
#3621 = CARTESIAN_POINT ( 'NONE',  ( 14.50000000000000000, 7.000000000000006217, -43.75326492236801812 ) ) ;
#3622 = CIRCLE ( 'NONE', #3425, 1.249999999999987121 ) ;
#3623 = CIRCLE ( 'NONE', #4959, 19.80000000000001137 ) ;
#3624 = AXIS2_PLACEMENT_3D ( 'NONE', #4671, #679, #4603 ) ;
#3625 = CARTESIAN_POINT ( 'NONE',  ( -16.99982397258282063, 2.500000000000000000, 10.02646417955923042 ) ) ;
#3626 = LINE ( 'NONE', #4207, #6286 ) ;
#3627 = ORIENTED_EDGE ( 'NONE', *, *, #4929, .F. ) ;
#3628 = ORIENTED_EDGE ( 'NONE', *, *, #5486, .T. ) ;
#3629 = LINE ( 'NONE', #5703, #4918 ) ;
#3630 = ORIENTED_EDGE ( 'NONE', *, *, #6009, .T. ) ;
#3631 = DIRECTION ( 'NONE',  ( -1.000000000000000000, 0.000000000000000000, 0.000000000000000000 ) ) ;
#3632 = AXIS2_PLACEMENT_3D ( 'NONE', #5705, #5142, #5111 ) ;
#3633 = ADVANCED_FACE ( 'NONE', ( #1971 ), #5852, .T. ) ;
#3634 = CARTESIAN_POINT ( 'NONE',  ( -19.99999955296516418, -9.999999776482582092, 4.999999888241291046 ) ) ;
#3635 = CARTESIAN_POINT ( 'NONE',  ( -12.50000000000001066, 5.000000000000000000, 8.246735077631985433 ) ) ;
#3636 = CARTESIAN_POINT ( 'NONE',  ( -16.99982397258281708, 2.500000000000000444, 9.999999776482582092 ) ) ;
#3637 = CIRCLE ( 'NONE', #5479, 2.000000000000001776 ) ;
#3638 = EDGE_LOOP ( 'NONE', ( #2979, #352, #5401, #1503 ) ) ;
#3639 = DIRECTION ( 'NONE',  ( 0.000000000000000000, 0.000000000000000000, 1.000000000000000000 ) ) ;
#3640 = CIRCLE ( 'NONE', #1920, 2.249999668232327554 ) ;
#3641 = EDGE_CURVE ( 'NONE', #2798, #1799, #1933, .T. ) ;
#3642 = CARTESIAN_POINT ( 'NONE',  ( 8.674099376880661794, 7.000000000000006217, 32.42492653411373027 ) ) ;
#3643 = CARTESIAN_POINT ( 'NONE',  ( 0.000000000000000000, 2.000000000000001776, 0.000000000000000000 ) ) ;
#3644 = CARTESIAN_POINT ( 'NONE',  ( 22.80000000000000782, 55.00000000000000000, 34.42492653411373738 ) ) ;
#3645 = EDGE_CURVE ( 'NONE', #2829, #4855, #2439, .T. ) ;
#3646 = CARTESIAN_POINT ( 'NONE',  ( -9.500000000000001776, 5.000000000000000000, 13.24673507763199076 ) ) ;
#3647 = CARTESIAN_POINT ( 'NONE',  ( 22.80000000000000782, 55.00000000000000000, 36.42492653411373738 ) ) ;
#3648 = CARTESIAN_POINT ( 'NONE',  ( 1.815920639225796274, 4.999999999999999112, 33.40335054198778408 ) ) ;
#3649 = ORIENTED_EDGE ( 'NONE', *, *, #4475, .F. ) ;
#3650 = DIRECTION ( 'NONE',  ( 1.000000000000000000, 0.000000000000000000, 0.000000000000000000 ) ) ;
#3651 = ORIENTED_EDGE ( 'NONE', *, *, #5570, .F. ) ;
#3652 = DIRECTION ( 'NONE',  ( 0.000000000000000000, 1.000000000000000000, 0.000000000000000000 ) ) ;
#3653 = AXIS2_PLACEMENT_3D ( 'NONE', #4914, #5930, #1581 ) ;
#3654 = EDGE_CURVE ( 'NONE', #6013, #2109, #200, .T. ) ;
#3655 = EDGE_CURVE ( 'NONE', #3399, #1703, #4888, .T. ) ;
#3656 = CARTESIAN_POINT ( 'NONE',  ( 8.366500989627272844, 6.866593050620438454, 34.42492653411373738 ) ) ;
#3657 = CARTESIAN_POINT ( 'NONE',  ( -12.50000000000001066, 7.000000000000006217, 12.24673507763198543 ) ) ;
#3658 = AXIS2_PLACEMENT_3D ( 'NONE', #4835, #174, #2002 ) ;
#3659 = FACE_OUTER_BOUND ( 'NONE', #997, .T. ) ;
#3660 = ORIENTED_EDGE ( 'NONE', *, *, #925, .F. ) ;
#3661 = ORIENTED_EDGE ( 'NONE', *, *, #5544, .T. ) ;
#3662 = DIRECTION ( 'NONE',  ( -0.000000000000000000, -1.000000000000000000, -0.000000000000000000 ) ) ;
#3663 = ORIENTED_EDGE ( 'NONE', *, *, #4022, .T. ) ;
#3664 = EDGE_CURVE ( 'NONE', #5127, #327, #4446, .T. ) ;
#3665 = CIRCLE ( 'NONE', #639, 2.000000000000001776 ) ;
#3666 = AXIS2_PLACEMENT_3D ( 'NONE', #5900, #4464, #5870 ) ;
#3667 = CARTESIAN_POINT ( 'NONE',  ( 24.80000000000000782, 6.999999999999999112, 42.83935106884789690 ) ) ;
#3668 = DIRECTION ( 'NONE',  ( -1.000000000000000000, 0.000000000000000000, 0.000000000000000000 ) ) ;
#3669 = LINE ( 'NONE', #2778, #400 ) ;
#3670 = DIRECTION ( 'NONE',  ( -1.000000000000000000, 0.000000000000000000, 0.000000000000000000 ) ) ;
#3671 = VECTOR ( 'NONE', #5706, 1000.000000000000000 ) ;
#3672 = VERTEX_POINT ( 'NONE', #4541 ) ;
#3673 = EDGE_CURVE ( 'NONE', #6256, #353, #2035, .T. ) ;
#3674 = DIRECTION ( 'NONE',  ( 0.000000000000000000, -0.000000000000000000, 1.000000000000000000 ) ) ;
#3675 = ORIENTED_EDGE ( 'NONE', *, *, #2861, .T. ) ;
#3676 = PRODUCT ( 'fish holder_v3', 'fish holder_v3', '', ( #5246 ) ) ;
#3677 = CARTESIAN_POINT ( 'NONE',  ( -12.01375201344490051, -0.5823428509756922722, 11.24813314527273356 ) ) ;
#3678 = CARTESIAN_POINT ( 'NONE',  ( -14.50000000000000355, 7.000000000000000000, 10.24673507763198543 ) ) ;
#3679 = EDGE_LOOP ( 'NONE', ( #584, #3713, #6232, #2274 ) ) ;
#3680 = CARTESIAN_POINT ( 'NONE',  ( -12.50000000000000000, 120.7419196555744350, -43.75326492236801812 ) ) ;
#3681 = DIRECTION ( 'NONE',  ( 1.000000000000000000, 0.000000000000000000, 0.000000000000000000 ) ) ;
#3682 = DIRECTION ( 'NONE',  ( -1.521687259628778261E-16, 0.000000000000000000, -1.000000000000000000 ) ) ;
#3683 = CARTESIAN_POINT ( 'NONE',  ( 8.674099376880661794, 5.000000000000000000, 32.42492653411373027 ) ) ;
#3684 = ORIENTED_EDGE ( 'NONE', *, *, #852, .F. ) ;
#3685 = DIRECTION ( 'NONE',  ( -0.000000000000000000, -1.000000000000000000, 0.000000000000000000 ) ) ;
#3686 = ORIENTED_EDGE ( 'NONE', *, *, #926, .F. ) ;
#3687 = ORIENTED_EDGE ( 'NONE', *, *, #3502, .F. ) ;
#3688 = EDGE_CURVE ( 'NONE', #1104, #920, #4030, .T. ) ;
#3689 = CARTESIAN_POINT ( 'NONE',  ( -7.500000000000001776, 5.000000000000000000, 13.24673507763199076 ) ) ;
#3690 = ORIENTED_EDGE ( 'NONE', *, *, #3596, .F. ) ;
#3691 = CIRCLE ( 'NONE', #1776, 2.000000000000003553 ) ;
#3692 = CARTESIAN_POINT ( 'NONE',  ( 8.376267111210818683, 5.000000000000153655, 34.29575521024301565 ) ) ;
#3693 = DIRECTION ( 'NONE',  ( -1.000000000000000000, -0.000000000000000000, -0.000000000000000000 ) ) ;
#3694 = DIRECTION ( 'NONE',  ( -1.000000000000000000, 0.000000000000000000, 1.176083712526649195E-16 ) ) ;
#3695 = VERTEX_POINT ( 'NONE', #4062 ) ;
#3696 = VERTEX_POINT ( 'NONE', #3026 ) ;
#3697 = DIRECTION ( 'NONE',  ( -0.000000000000000000, 1.000000000000000000, -0.000000000000000000 ) ) ;
#3698 = AXIS2_PLACEMENT_3D ( 'NONE', #907, #4417, #938 ) ;
#3699 = DIRECTION ( 'NONE',  ( -0.000000000000000000, -0.000000000000000000, 1.000000000000000000 ) ) ;
#3700 = EDGE_CURVE ( 'NONE', #611, #327, #3324, .T. ) ;
#3701 = VECTOR ( 'NONE', #337, 1000.000000000000000 ) ;
#3702 = DIRECTION ( 'NONE',  ( -0.4226189496394526790, -0.000000000000000000, 0.9063074662638754830 ) ) ;
#3703 = FACE_OUTER_BOUND ( 'NONE', #1290, .T. ) ;
#3704 = FACE_OUTER_BOUND ( 'NONE', #5628, .T. ) ;
#3705 = VERTEX_POINT ( 'NONE', #5478 ) ;
#3706 = ORIENTED_EDGE ( 'NONE', *, *, #5847, .T. ) ;
#3707 = CARTESIAN_POINT ( 'NONE',  ( 11.50000000000000178, 5.000000000000000000, 8.246735077631981881 ) ) ;
#3708 = DIRECTION ( 'NONE',  ( -0.000000000000000000, -0.000000000000000000, -1.000000000000000000 ) ) ;
#3709 = AXIS2_PLACEMENT_3D ( 'NONE', #2828, #4767, #1440 ) ;
#3710 = LINE ( 'NONE', #5082, #5413 ) ;
#3711 = CARTESIAN_POINT ( 'NONE',  ( -15.18110926161544683, 0.7500000065192584664, 9.999999776482582092 ) ) ;
#3712 = ORIENTED_EDGE ( 'NONE', *, *, #1870, .T. ) ;
#3713 = ORIENTED_EDGE ( 'NONE', *, *, #276, .F. ) ;
#3714 = DIRECTION ( 'NONE',  ( 0.000000000000000000, 1.000000000000000000, 0.000000000000000000 ) ) ;
#3715 = EDGE_CURVE ( 'NONE', #2599, #4530, #2918, .T. ) ;
#3716 = EDGE_CURVE ( 'NONE', #1928, #1223, #4512, .T. ) ;
#3717 = DIRECTION ( 'NONE',  ( 1.000000000000000000, -0.000000000000000000, -0.000000000000000000 ) ) ;
#3718 = CARTESIAN_POINT ( 'NONE',  ( -14.50000000000000888, 26.99999999999999645, 8.246735077631985433 ) ) ;
#3719 = ORIENTED_EDGE ( 'NONE', *, *, #1877, .F. ) ;
#3720 = CARTESIAN_POINT ( 'NONE',  ( -20.30000000000000426, 27.00000000000000000, 47.33032854312336468 ) ) ;
#3721 = ORIENTED_EDGE ( 'NONE', *, *, #5931, .T. ) ;
#3722 = EDGE_LOOP ( 'NONE', ( #2565, #4499, #4249, #1150 ) ) ;
#3723 = LINE ( 'NONE', #2260, #4928 ) ;
#3724 = ORIENTED_EDGE ( 'NONE', *, *, #4977, .F. ) ;
#3725 = CARTESIAN_POINT ( 'NONE',  ( 8.049184431210777646, 4.999999999999999112, 34.19161947709842764 ) ) ;
#3726 = LINE ( 'NONE', #5604, #5759 ) ;
#3727 = CYLINDRICAL_SURFACE ( 'NONE', #201, 1.999999999999994893 ) ;
#3728 = VERTEX_POINT ( 'NONE', #5625 ) ;
#3729 = ORIENTED_EDGE ( 'NONE', *, *, #276, .T. ) ;
#3730 = FACE_OUTER_BOUND ( 'NONE', #5044, .T. ) ;
#3731 = PRODUCT_DEFINITION_SHAPE ( 'NONE', 'NONE',  #6293 ) ;
#3732 = EDGE_CURVE ( 'NONE', #2717, #2643, #2254, .T. ) ;
#3733 = CIRCLE ( 'NONE', #2209, 2.000000000000000000 ) ;
#3734 = EDGE_CURVE ( 'NONE', #2812, #1250, #3623, .T. ) ;
#3735 = LINE ( 'NONE', #1257, #4842 ) ;
#3736 = CARTESIAN_POINT ( 'NONE',  ( 6.613092689688071629E-15, 47.05000000000001847, 54.00000000000000000 ) ) ;
#3737 = CYLINDRICAL_SURFACE ( 'NONE', #2221, 2.000000000000000000 ) ;
#3738 = CARTESIAN_POINT ( 'NONE',  ( -11.50000000000000178, 24.99999999999999645, -36.75326492236801812 ) ) ;
#3739 = ORIENTED_EDGE ( 'NONE', *, *, #6187, .T. ) ;
#3740 = ORIENTED_EDGE ( 'NONE', *, *, #955, .T. ) ;
#3741 = CIRCLE ( 'NONE', #6178, 2.000000000000192735 ) ;
#3742 = VECTOR ( 'NONE', #5999, 1000.000000000000000 ) ;
#3743 = DIRECTION ( 'NONE',  ( 0.000000000000000000, 0.000000000000000000, -1.000000000000000000 ) ) ;
#3744 = ORIENTED_EDGE ( 'NONE', *, *, #4012, .T. ) ;
#3745 = EDGE_CURVE ( 'NONE', #3354, #1543, #263, .T. ) ;
#3746 = ADVANCED_FACE ( 'NONE', ( #1240 ), #2226, .F. ) ;
#3747 = AXIS2_PLACEMENT_3D ( 'NONE', #4879, #1982, #5268 ) ;
#3748 = CARTESIAN_POINT ( 'NONE',  ( 14.69055430771182991, 5.750000011175870895, 9.999999776482582092 ) ) ;
#3749 = DIRECTION ( 'NONE',  ( 1.000000000000000000, 0.000000000000000000, 0.000000000000000000 ) ) ;
#3750 = CYLINDRICAL_SURFACE ( 'NONE', #4503, 2.000000000000001776 ) ;
#3751 = DIRECTION ( 'NONE',  ( -0.000000000000000000, 0.000000000000000000, 1.000000000000000000 ) ) ;
#3752 = CARTESIAN_POINT ( 'NONE',  ( -7.500000000000001776, 5.000000000000000000, -40.75326492236801812 ) ) ;
#3753 = CARTESIAN_POINT ( 'NONE',  ( 1.092592118677532032, 48.92870993593508899, 53.98898153943582656 ) ) ;
#3754 = CARTESIAN_POINT ( 'NONE',  ( -21.30235802864926953, 31.36911486171545960, 34.48613822087916958 ) ) ;
#3755 = ORIENTED_EDGE ( 'NONE', *, *, #528, .T. ) ;
#3756 = CARTESIAN_POINT ( 'NONE',  ( 14.99999966472387491, -5.750000011175870895, 9.999999776482582092 ) ) ;
#3757 = ORIENTED_EDGE ( 'NONE', *, *, #1318, .T. ) ;
#3758 = EDGE_CURVE ( 'NONE', #5234, #5302, #4037, .T. ) ;
#3759 = EDGE_CURVE ( 'NONE', #1345, #706, #4624, .T. ) ;
#3760 = AXIS2_PLACEMENT_3D ( 'NONE', #265, #6073, #1756 ) ;
#3761 = CARTESIAN_POINT ( 'NONE',  ( -14.99999966472387669, 0.7607500152495392243, 9.855620236878186446 ) ) ;
#3762 = DIRECTION ( 'NONE',  ( 0.000000000000000000, -1.000000000000000000, -0.000000000000000000 ) ) ;
#3763 = ORIENTED_EDGE ( 'NONE', *, *, #3017, .T. ) ;
#3764 = VERTEX_POINT ( 'NONE', #6071 ) ;
#3765 = DIRECTION ( 'NONE',  ( -0.000000000000000000, -1.000000000000000000, -0.000000000000000000 ) ) ;
#3766 = EDGE_CURVE ( 'NONE', #4422, #4913, #3249, .T. ) ;
#3767 = DIRECTION ( 'NONE',  ( 0.000000000000000000, 0.000000000000000000, 1.000000000000000000 ) ) ;
#3768 = DIRECTION ( 'NONE',  ( 0.000000000000000000, 0.000000000000000000, 1.000000000000000000 ) ) ;
#3769 = DIRECTION ( 'NONE',  ( -1.000000000000000000, 0.000000000000000000, 0.000000000000000000 ) ) ;
#3770 = CARTESIAN_POINT ( 'NONE',  ( 1.249999999999930722, 48.21841648282727988, 51.48482786219646101 ) ) ;
#3771 = ORIENTED_EDGE ( 'NONE', *, *, #2428, .T. ) ;
#3772 = VERTEX_POINT ( 'NONE', #5192 ) ;
#3773 = AXIS2_PLACEMENT_3D ( 'NONE', #3469, #2992, #586 ) ;
#3774 = ADVANCED_FACE ( 'NONE', ( #1276 ), #839, .F. ) ;
#3775 = DIRECTION ( 'NONE',  ( 0.000000000000000000, -1.000000000000000000, 0.000000000000000000 ) ) ;
#3776 = DIRECTION ( 'NONE',  ( 0.000000000000000000, 0.000000000000000000, 1.000000000000000000 ) ) ;
#3777 = DIRECTION ( 'NONE',  ( 0.9063074662638758161, -2.649030759615489312E-16, 0.4226189496394517908 ) ) ;
#3778 = EDGE_CURVE ( 'NONE', #1531, #5059, #363, .T. ) ;
#3779 = PLANE ( 'NONE',  #1065 ) ;
#3780 = AXIS2_PLACEMENT_3D ( 'NONE', #2242, #792, #3670 ) ;
#3781 = FACE_OUTER_BOUND ( 'NONE', #723, .T. ) ;
#3782 = AXIS2_PLACEMENT_3D ( 'NONE', #3140, #5619, #5523 ) ;
#3783 = ADVANCED_FACE ( 'NONE', ( #5593 ), #4635, .T. ) ;
#3784 = CARTESIAN_POINT ( 'NONE',  ( -7.500000000000001776, 7.000000000000000000, 13.24673507763199076 ) ) ;
#3785 = VERTEX_POINT ( 'NONE', #773 ) ;
#3786 = FACE_OUTER_BOUND ( 'NONE', #2247, .T. ) ;
#3787 = EDGE_LOOP ( 'NONE', ( #5139, #2473, #745, #2223 ) ) ;
#3788 = CARTESIAN_POINT ( 'NONE',  ( 0.7701419419739978789, 5.000000000000000000, 33.54939110811613290 ) ) ;
#3789 = CARTESIAN_POINT ( 'NONE',  ( -14.99999966472387491, 0.7707707169622005638, 9.952753819408219016 ) ) ;
#3790 = DIRECTION ( 'NONE',  ( -1.000000000000000000, 0.000000000000000000, 0.000000000000000000 ) ) ;
#3791 = ORIENTED_EDGE ( 'NONE', *, *, #2912, .T. ) ;
#3792 = ORIENTED_EDGE ( 'NONE', *, *, #3496, .T. ) ;
#3793 = CARTESIAN_POINT ( 'NONE',  ( 7.500000000000001776, 24.99999999999999645, -38.75326492236801812 ) ) ;
#3794 = CLOSED_SHELL ( 'NONE', ( #2330, #431, #5064, #1871, #6128, #765, #2318, #5837, #4221, #1090, #580, #5376, #5370, #6111, #5785, #2446, #6122, #1930, #2925, #5716, #1437, #49, #4883, #1670, #2051, #1679, #932, #5325, #561, #3633, #2535, #75, #4171, #4226, #2277, #3774, #5790, #2143, #5396, #2844, #2943, #3841 ) ) ;
#3795 = CARTESIAN_POINT ( 'NONE',  ( 12.50000000000000533, 5.000000000000000000, 8.246735077631981881 ) ) ;
#3796 = EDGE_CURVE ( 'NONE', #989, #4433, #2285, .T. ) ;
#3797 = PLANE ( 'NONE',  #1620 ) ;
#3798 = CARTESIAN_POINT ( 'NONE',  ( -0.1635092903564399902, 47.05005794275682973, 51.49999859362248600 ) ) ;
#3799 = EDGE_LOOP ( 'NONE', ( #936, #4523, #475, #5578 ) ) ;
#3800 = ORIENTED_EDGE ( 'NONE', *, *, #3382, .T. ) ;
#3801 = CIRCLE ( 'NONE', #2577, 1.249999999999987121 ) ;
#3802 = VECTOR ( 'NONE', #3159, 1000.000000000000000 ) ;
#3803 = CARTESIAN_POINT ( 'NONE',  ( -14.50000000000000000, 120.7419196555744350, -43.75326492236801812 ) ) ;
#3804 = VECTOR ( 'NONE', #4897, 1000.000000000000000 ) ;
#3805 = EDGE_CURVE ( 'NONE', #2264, #582, #1995, .T. ) ;
#3806 = LINE ( 'NONE', #3297, #142 ) ;
#3807 = DIRECTION ( 'NONE',  ( 1.000000000000000000, 0.000000000000000000, 0.000000000000000000 ) ) ;
#3808 = CARTESIAN_POINT ( 'NONE',  ( -103.3483750292221970, 9.434421367011971427, 165.1652276221055615 ) ) ;
#3809 = CARTESIAN_POINT ( 'NONE',  ( -12.29999977648293985, 30.00000000000000000, -33.61719605079859718 ) ) ;
#3810 = ORIENTED_EDGE ( 'NONE', *, *, #4601, .F. ) ;
#3811 = CIRCLE ( 'NONE', #262, 2.000000000000000000 ) ;
#3812 = CARTESIAN_POINT ( 'NONE',  ( -22.80000000000000782, 6.999999999999999112, 34.42492653411373738 ) ) ;
#3813 = CARTESIAN_POINT ( 'NONE',  ( 0.9996651333726779276, 49.06793896359354079, 51.49042566470481574 ) ) ;
#3814 = ORIENTED_EDGE ( 'NONE', *, *, #182, .F. ) ;
#3815 = FACE_OUTER_BOUND ( 'NONE', #1359, .T. ) ;
#3816 = ORIENTED_EDGE ( 'NONE', *, *, #1877, .T. ) ;
#3817 = CARTESIAN_POINT ( 'NONE',  ( -8.363980403571513733, 6.865499859878666733, 34.42492653411373738 ) ) ;
#3818 = DIRECTION ( 'NONE',  ( 0.000000000000000000, 1.000000000000000000, -0.000000000000000000 ) ) ;
#3819 = LINE ( 'NONE', #1477, #4762 ) ;
#3820 = ORIENTED_EDGE ( 'NONE', *, *, #5131, .T. ) ;
#3821 = ORIENTED_EDGE ( 'NONE', *, *, #4520, .F. ) ;
#3822 = DIRECTION ( 'NONE',  ( -0.000000000000000000, 1.000000000000000000, -0.000000000000000000 ) ) ;
#3823 = CIRCLE ( 'NONE', #1702, 4.000000000000000000 ) ;
#3824 = DIRECTION ( 'NONE',  ( 0.000000000000000000, 0.000000000000000000, -1.000000000000000000 ) ) ;
#3825 = CARTESIAN_POINT ( 'NONE',  ( -8.773726047632893099, 30.00000000000000000, 6.746735077631791810 ) ) ;
#3826 = DIRECTION ( 'NONE',  ( -0.000000000000000000, -1.000000000000000000, -0.000000000000000000 ) ) ;
#3827 = VERTEX_POINT ( 'NONE', #3752 ) ;
#3828 = ORIENTED_EDGE ( 'NONE', *, *, #4763, .T. ) ;
#3829 = DIRECTION ( 'NONE',  ( 0.000000000000000000, 0.000000000000000000, -1.000000000000000000 ) ) ;
#3830 = AXIS2_PLACEMENT_3D ( 'NONE', #151, #1067, #686 ) ;
#3831 = ADVANCED_FACE ( 'NONE', ( #806 ), #6169, .F. ) ;
#3832 = EDGE_CURVE ( 'NONE', #3053, #5344, #2095, .T. ) ;
#3833 = DIRECTION ( 'NONE',  ( -0.000000000000000000, -1.000000000000000000, -0.000000000000000000 ) ) ;
#3834 = AXIS2_PLACEMENT_3D ( 'NONE', #456, #2835, #3886 ) ;
#3835 = CARTESIAN_POINT ( 'NONE',  ( 14.50000000000000533, 23.00000000000000000, 8.246735077631981881 ) ) ;
#3836 = CIRCLE ( 'NONE', #4645, 2.000000000000000000 ) ;
#3837 = ORIENTED_EDGE ( 'NONE', *, *, #109, .T. ) ;
#3838 = ORIENTED_EDGE ( 'NONE', *, *, #1822, .F. ) ;
#3839 = LINE ( 'NONE', #6259, #1963 ) ;
#3840 = DIRECTION ( 'NONE',  ( -2.392722035830077493E-16, 0.000000000000000000, -1.000000000000000000 ) ) ;
#3841 = ADVANCED_FACE ( 'NONE', ( #2793 ), #2208, .F. ) ;
#3842 = VECTOR ( 'NONE', #3201, 1000.000000000000000 ) ;
#3843 = CARTESIAN_POINT ( 'NONE',  ( -14.69037735642265297, -5.750000011175870895, 9.999999776482582092 ) ) ;
#3844 = CARTESIAN_POINT ( 'NONE',  ( -1.216811461194904576, 48.62920865114907798, 51.48566085391280467 ) ) ;
#3845 = ORIENTED_EDGE ( 'NONE', *, *, #2610, .T. ) ;
#3846 = AXIS2_PLACEMENT_3D ( 'NONE', #6271, #3372, #2326 ) ;
#3847 = CARTESIAN_POINT ( 'NONE',  ( -15.51608050105626724, 0.7500000065192584664, 10.71834649412947726 ) ) ;
#3848 = VERTEX_POINT ( 'NONE', #393 ) ;
#3849 = EDGE_CURVE ( 'NONE', #2101, #5566, #5851, .T. ) ;
#3850 = CIRCLE ( 'NONE', #3241, 2.000000000000001776 ) ;
#3851 = CARTESIAN_POINT ( 'NONE',  ( -0.3266106901705937426, 5.000000000000157208, 34.01267230906490369 ) ) ;
#3852 = CARTESIAN_POINT ( 'NONE',  ( -0.3269217663802953533, 49.51758219789994087, 53.99922286766895496 ) ) ;
#3853 = DIRECTION ( 'NONE',  ( -0.2345698027566048005, -0.9659257760969868212, -0.1093819121526101446 ) ) ;
#3854 = ORIENTED_EDGE ( 'NONE', *, *, #4405, .F. ) ;
#3855 = EDGE_CURVE ( 'NONE', #2997, #4485, #4533, .T. ) ;
#3856 = ORIENTED_EDGE ( 'NONE', *, *, #940, .T. ) ;
#3857 = DIRECTION ( 'NONE',  ( 0.9063074662638758161, 0.000000000000000000, 0.4226189496394519574 ) ) ;
#3858 = AXIS2_PLACEMENT_3D ( 'NONE', #1212, #3219, #741 ) ;
#3859 = DIRECTION ( 'NONE',  ( 0.000000000000000000, 0.000000000000000000, 1.000000000000000000 ) ) ;
#3860 = CARTESIAN_POINT ( 'NONE',  ( 9.499999999999992895, 7.000000000000006217, -43.75326492236801812 ) ) ;
#3861 = CARTESIAN_POINT ( 'NONE',  ( -19.99999955296516418, 9.999999776482582092, 4.999999888241291046 ) ) ;
#3862 = ADVANCED_FACE ( 'NONE', ( #3394 ), #5342, .F. ) ;
#3863 = ORIENTED_EDGE ( 'NONE', *, *, #1133, .F. ) ;
#3864 = PLANE ( 'NONE',  #2339 ) ;
#3865 = STYLED_ITEM ( 'NONE', ( #5425 ), #2009 ) ;
#3866 = PLANE ( 'NONE',  #6120 ) ;
#3867 = LINE ( 'NONE', #4430, #6069 ) ;
#3868 = DIRECTION ( 'NONE',  ( 0.000000000000000000, 0.000000000000000000, 1.000000000000000000 ) ) ;
#3869 = ORIENTED_EDGE ( 'NONE', *, *, #5147, .T. ) ;
#3870 = ADVANCED_FACE ( 'NONE', ( #3781 ), #6229, .F. ) ;
#3871 = EDGE_CURVE ( 'NONE', #4069, #3934, #4964, .T. ) ;
#3872 = VERTEX_POINT ( 'NONE', #664 ) ;
#3873 = DIRECTION ( 'NONE',  ( 0.000000000000000000, -1.000000000000000000, 0.000000000000000000 ) ) ;
#3874 = LINE ( 'NONE', #1868, #4808 ) ;
#3875 = AXIS2_PLACEMENT_3D ( 'NONE', #1957, #3900, #2465 ) ;
#3876 = EDGE_CURVE ( 'NONE', #1329, #4679, #2022, .T. ) ;
#3877 = CARTESIAN_POINT ( 'NONE',  ( -20.96644564353099227, 32.99643402010789117, 34.42492653411374448 ) ) ;
#3878 = VERTEX_POINT ( 'NONE', #1041 ) ;
#3879 = LINE ( 'NONE', #451, #3906 ) ;
#3880 = ORIENTED_EDGE ( 'NONE', *, *, #3340, .F. ) ;
#3881 = AXIS2_PLACEMENT_3D ( 'NONE', #21, #1950, #2938 ) ;
#3882 = CARTESIAN_POINT ( 'NONE',  ( 0.8068110920870612546, 4.999999999999687361, 34.01043835960563655 ) ) ;
#3883 = CARTESIAN_POINT ( 'NONE',  ( -16.99982397258282063, -2.015564357861876488, 10.02646417955923042 ) ) ;
#3884 = LINE ( 'NONE', #4720, #1913 ) ;
#3885 = EDGE_CURVE ( 'NONE', #4105, #1703, #569, .T. ) ;
#3886 = DIRECTION ( 'NONE',  ( 1.000000000000000000, -2.400836355802184218E-16, 0.000000000000000000 ) ) ;
#3887 = ORIENTED_EDGE ( 'NONE', *, *, #40, .T. ) ;
#3888 = ORIENTED_EDGE ( 'NONE', *, *, #2097, .T. ) ;
#3889 = LINE ( 'NONE', #53, #5125 ) ;
#3890 = LINE ( 'NONE', #1420, #2916 ) ;
#3891 = PLANE ( 'NONE',  #1008 ) ;
#3892 = FACE_OUTER_BOUND ( 'NONE', #162, .T. ) ;
#3893 = ORIENTED_EDGE ( 'NONE', *, *, #1120, .F. ) ;
#3894 = SURFACE_STYLE_FILL_AREA ( #2941 ) ;
#3895 = EDGE_CURVE ( 'NONE', #1216, #4714, #3007, .T. ) ;
#3896 = VECTOR ( 'NONE', #2219, 1000.000000000000000 ) ;
#3897 = AXIS2_PLACEMENT_3D ( 'NONE', #2329, #4266, #344 ) ;
#3898 = CARTESIAN_POINT ( 'NONE',  ( 19.30000000000006466, 27.00000000000000355, 36.92492653411373738 ) ) ;
#3899 = CARTESIAN_POINT ( 'NONE',  ( 0.1649547304575962325, 49.55000000000001847, 54.00000000000000000 ) ) ;
#3900 = DIRECTION ( 'NONE',  ( -0.000000000000000000, 1.000000000000000000, -0.000000000000000000 ) ) ;
#3901 = ORIENTED_EDGE ( 'NONE', *, *, #4595, .T. ) ;
#3902 = CARTESIAN_POINT ( 'NONE',  ( -14.99999966472387314, -2.500000000000000000, 9.855620236878186446 ) ) ;
#3903 = EDGE_LOOP ( 'NONE', ( #3566, #3151, #3627, #3020 ) ) ;
#3904 = CARTESIAN_POINT ( 'NONE',  ( 0.000000000000000000, 0.000000000000000000, 0.000000000000000000 ) ) ;
#3905 = AXIS2_PLACEMENT_3D ( 'NONE', #4975, #2041, #1098 ) ;
#3906 = VECTOR ( 'NONE', #2349, 1000.000000000000000 ) ;
#3907 = CARTESIAN_POINT ( 'NONE',  ( 10.96666644314903394, 30.00000000000000000, 4.001379085132098723 ) ) ;
#3908 = ORIENTED_EDGE ( 'NONE', *, *, #2686, .T. ) ;
#3909 = LINE ( 'NONE', #3306, #62 ) ;
#3910 = ORIENTED_EDGE ( 'NONE', *, *, #125, .F. ) ;
#3911 = EDGE_CURVE ( 'NONE', #2492, #5857, #3992, .T. ) ;
#3912 = ADVANCED_FACE ( 'NONE', ( #605 ), #1075, .F. ) ;
#3913 = AXIS2_PLACEMENT_3D ( 'NONE', #5545, #5613, #1643 ) ;
#3914 = CARTESIAN_POINT ( 'NONE',  ( -8.373903573628911801, 5.000000000000000000, 34.29473013213635113 ) ) ;
#3915 = CARTESIAN_POINT ( 'NONE',  ( -11.50000000000000178, 23.00000000000000000, -40.75326492236801812 ) ) ;
#3916 = DIRECTION ( 'NONE',  ( 7.826644089160282576E-15, 0.000000000000000000, -1.000000000000000000 ) ) ;
#3917 = DIRECTION ( 'NONE',  ( 0.000000000000000000, 1.000000000000000000, 0.000000000000000000 ) ) ;
#3918 = SHAPE_REPRESENTATION ( 'Complete_setup_incubation_chamber_V2', ( #1617, #810, #703 ), #5365 ) ;
#3919 = DIRECTION ( 'NONE',  ( -0.000000000000000000, -1.000000000000000000, -0.000000000000000000 ) ) ;
#3920 = EDGE_LOOP ( 'NONE', ( #427, #2425, #3168, #1046 ) ) ;
#3921 = EDGE_LOOP ( 'NONE', ( #1130, #2261, #1745, #1997 ) ) ;
#3922 = CYLINDRICAL_SURFACE ( 'NONE', #3499, 2.000000000000000000 ) ;
#3923 = ADVANCED_FACE ( 'NONE', ( #4557 ), #216, .F. ) ;
#3924 = CARTESIAN_POINT ( 'NONE',  ( -24.80000000000000782, 6.999999999999999112, 34.42492653411373738 ) ) ;
#3925 = DIRECTION ( 'NONE',  ( -0.9063074662638755941, 0.000000000000000000, -0.4226189496394524014 ) ) ;
#3926 = CARTESIAN_POINT ( 'NONE',  ( -9.554643783982966099, 26.00000000000000000, -36.51993069496501931 ) ) ;
#3927 = ORIENTED_EDGE ( 'NONE', *, *, #5524, .T. ) ;
#3928 = VERTEX_POINT ( 'NONE', #5040 ) ;
#3929 = CARTESIAN_POINT ( 'NONE',  ( 1.249999999999931388, 48.21843509907540692, 53.98553046882101825 ) ) ;
#3930 = EDGE_CURVE ( 'NONE', #6126, #1467, #5355, .T. ) ;
#3931 = DIRECTION ( 'NONE',  ( -0.000000000000000000, -0.000000000000000000, -1.000000000000000000 ) ) ;
#3932 = DIRECTION ( 'NONE',  ( -0.000000000000000000, 1.000000000000000000, -0.000000000000000000 ) ) ;
#3933 = LINE ( 'NONE', #4921, #4479 ) ;
#3934 = VERTEX_POINT ( 'NONE', #189 ) ;
#3935 = ORIENTED_EDGE ( 'NONE', *, *, #4361, .T. ) ;
#3936 = CARTESIAN_POINT ( 'NONE',  ( 19.99999955296516418, 9.999999776482582092, 0.000000000000000000 ) ) ;
#3937 = ORIENTED_EDGE ( 'NONE', *, *, #2141, .F. ) ;
#3938 = EDGE_CURVE ( 'NONE', #1223, #353, #4535, .T. ) ;
#3939 = LINE ( 'NONE', #2984, #255 ) ;
#3940 = AXIS2_PLACEMENT_3D ( 'NONE', #1539, #5414, #2993 ) ;
#3941 = CARTESIAN_POINT ( 'NONE',  ( -19.99999955296516418, 9.999999776482582092, 0.000000000000000000 ) ) ;
#3942 = ORIENTED_EDGE ( 'NONE', *, *, #2659, .T. ) ;
#3943 = DIRECTION ( 'NONE',  ( 0.000000000000000000, 0.000000000000000000, 1.000000000000000000 ) ) ;
#3944 = ORIENTED_EDGE ( 'NONE', *, *, #2189, .F. ) ;
#3945 = VECTOR ( 'NONE', #2654, 1000.000000000000000 ) ;
#3946 = AXIS2_PLACEMENT_3D ( 'NONE', #1327, #5178, #759 ) ;
#3947 = CIRCLE ( 'NONE', #1419, 2.000000000000000000 ) ;
#3948 = DIRECTION ( 'NONE',  ( 0.000000000000000000, 0.000000000000000000, 1.000000000000000000 ) ) ;
#3949 = FACE_OUTER_BOUND ( 'NONE', #4025, .T. ) ;
#3950 = CARTESIAN_POINT ( 'NONE',  ( 4.538640232357565196, 30.00000000000000000, 11.09250600829425792 ) ) ;
#3951 = CARTESIAN_POINT ( 'NONE',  ( 14.82098610006387140, 13.11270539801263446, 49.32363119656801587 ) ) ;
#3952 = ORIENTED_EDGE ( 'NONE', *, *, #339, .F. ) ;
#3953 = ORIENTED_EDGE ( 'NONE', *, *, #6230, .F. ) ;
#3954 = EDGE_CURVE ( 'NONE', #4554, #5032, #285, .T. ) ;
#3955 = DIRECTION ( 'NONE',  ( 0.000000000000000000, 0.000000000000000000, -1.000000000000000000 ) ) ;
#3956 = CIRCLE ( 'NONE', #2729, 54.00000000000000000 ) ;
#3957 = CARTESIAN_POINT ( 'NONE',  ( -13.98345961930551518, -1.594897499658520790E-08, 10.32964158421646950 ) ) ;
#3958 = DIRECTION ( 'NONE',  ( 0.000000000000000000, 1.000000000000000000, 0.000000000000000000 ) ) ;
#3959 = EDGE_LOOP ( 'NONE', ( #6098, #3771, #1624, #4492 ) ) ;
#3960 = ORIENTED_EDGE ( 'NONE', *, *, #2428, .F. ) ;
#3961 = EDGE_CURVE ( 'NONE', #4132, #3101, #4426, .T. ) ;
#3962 = CARTESIAN_POINT ( 'NONE',  ( 1.241828796070170604, 48.13560035252770319, 53.98572141172275707 ) ) ;
#3963 = CARTESIAN_POINT ( 'NONE',  ( -16.57720468938351033, 2.015564357861876488, 9.120155997975347262 ) ) ;
#3964 = LINE ( 'NONE', #1042, #3069 ) ;
#3965 = DIRECTION ( 'NONE',  ( 0.9999999999999984457, -5.571172793958042072E-08, 0.000000000000000000 ) ) ;
#3966 = DIRECTION ( 'NONE',  ( -0.000000000000000000, 1.000000000000000000, -0.000000000000000000 ) ) ;
#3967 = ORIENTED_EDGE ( 'NONE', *, *, #5451, .T. ) ;
#3968 = EDGE_CURVE ( 'NONE', #1467, #4176, #4231, .T. ) ;
#3969 = CARTESIAN_POINT ( 'NONE',  ( -13.98345961930551518, -1.594897499658520790E-08, 10.32964158421646950 ) ) ;
#3970 = ORIENTED_EDGE ( 'NONE', *, *, #2647, .F. ) ;
#3971 = CARTESIAN_POINT ( 'NONE',  ( 9.500000000000001776, 7.000000000000000000, 13.24673507763198366 ) ) ;
#3972 = VERTEX_POINT ( 'NONE', #1641 ) ;
#3973 = EDGE_CURVE ( 'NONE', #3124, #4069, #3823, .T. ) ;
#3974 = VERTEX_POINT ( 'NONE', #1583 ) ;
#3975 = LINE ( 'NONE', #677, #4719 ) ;
#3976 = VECTOR ( 'NONE', #3044, 1000.000000000000000 ) ;
#3977 = VECTOR ( 'NONE', #3966, 1000.000000000000000 ) ;
#3978 = ADVANCED_FACE ( 'NONE', ( #5516 ), #3600, .T. ) ;
#3979 = CYLINDRICAL_SURFACE ( 'NONE', #3551, 2.000000000000000000 ) ;
#3980 = ORIENTED_EDGE ( 'NONE', *, *, #2982, .T. ) ;
#3981 = CARTESIAN_POINT ( 'NONE',  ( 20.16558457500668666, 24.31430061262294018, 47.38860431849689547 ) ) ;
#3982 = ORIENTED_EDGE ( 'NONE', *, *, #306, .T. ) ;
#3983 = ORIENTED_EDGE ( 'NONE', *, *, #3078, .T. ) ;
#3984 = DIRECTION ( 'NONE',  ( -5.128175441948194640E-08, 0.9999999999999984457, -2.391312219656781558E-08 ) ) ;
#3985 = AXIS2_PLACEMENT_3D ( 'NONE', #5865, #3379, #1518 ) ;
#3986 = DIRECTION ( 'NONE',  ( 0.000000000000000000, 0.000000000000000000, 1.000000000000000000 ) ) ;
#3987 = DIRECTION ( 'NONE',  ( -1.000000000000000000, 0.000000000000000000, 0.000000000000000000 ) ) ;
#3988 = ORIENTED_EDGE ( 'NONE', *, *, #2600, .T. ) ;
#3989 = ORIENTED_EDGE ( 'NONE', *, *, #755, .F. ) ;
#3990 = DIRECTION ( 'NONE',  ( -2.392722035830077493E-16, 0.000000000000000000, -1.000000000000000000 ) ) ;
#3991 = EDGE_CURVE ( 'NONE', #4485, #4598, #92, .T. ) ;
#3992 = LINE ( 'NONE', #3963, #698 ) ;
#3993 = CARTESIAN_POINT ( 'NONE',  ( -11.50000000000000178, 7.000000000000006217, 13.24673507763199076 ) ) ;
#3994 = LINE ( 'NONE', #5966, #4146 ) ;
#3995 = EDGE_LOOP ( 'NONE', ( #6174, #3660, #5209, #4195 ) ) ;
#3996 = CARTESIAN_POINT ( 'NONE',  ( -11.50000000000000178, 5.000000000000000000, -40.75326492236801812 ) ) ;
#3997 = EDGE_LOOP ( 'NONE', ( #1661, #5986, #5380, #2350 ) ) ;
#3998 = CIRCLE ( 'NONE', #5324, 2.000000000000000000 ) ;
#3999 = CIRCLE ( 'NONE', #1265, 2.000000000000000000 ) ;
#4000 = DIRECTION ( 'NONE',  ( 0.000000000000000000, -0.000000000000000000, 1.000000000000000000 ) ) ;
#4001 = VERTEX_POINT ( 'NONE', #6024 ) ;
#4002 = CIRCLE ( 'NONE', #6140, 4.000000000000000000 ) ;
#4003 = PLANE ( 'NONE',  #1979 ) ;
#4004 = CARTESIAN_POINT ( 'NONE',  ( -22.80000000000000782, 55.00000000000000000, 42.83935106884789690 ) ) ;
#4005 = DIRECTION ( 'NONE',  ( -0.000000000000000000, -0.000000000000000000, -1.000000000000000000 ) ) ;
#4006 = ORIENTED_EDGE ( 'NONE', *, *, #2401, .F. ) ;
#4007 = DIRECTION ( 'NONE',  ( -1.000000000000000000, 0.000000000000000000, 1.176083712526649195E-16 ) ) ;
#4008 = VERTEX_POINT ( 'NONE', #1673 ) ;
#4009 = DIRECTION ( 'NONE',  ( 0.000000000000000000, 1.000000000000000000, -0.000000000000000000 ) ) ;
#4010 = EDGE_CURVE ( 'NONE', #1247, #4015, #2503, .T. ) ;
#4011 = AXIS2_PLACEMENT_3D ( 'NONE', #2190, #3714, #1239 ) ;
#4012 = EDGE_CURVE ( 'NONE', #4731, #5290, #5210, .T. ) ;
#4013 = DIRECTION ( 'NONE',  ( -1.176083712526648949E-16, 0.000000000000000000, -1.000000000000000000 ) ) ;
#4014 = LINE ( 'NONE', #3511, #2934 ) ;
#4015 = VERTEX_POINT ( 'NONE', #247 ) ;
#4016 = ORIENTED_EDGE ( 'NONE', *, *, #4010, .T. ) ;
#4017 =( NAMED_UNIT ( * ) SI_UNIT ( $, .STERADIAN. ) SOLID_ANGLE_UNIT ( ) );
#4018 = CARTESIAN_POINT ( 'NONE',  ( -7.500000000000001776, 23.00000000000000000, -38.75326492236801812 ) ) ;
#4019 = CARTESIAN_POINT ( 'NONE',  ( -14.50000000000000000, 30.00000000000000000, -43.75326492236801812 ) ) ;
#4020 = DIRECTION ( 'NONE',  ( 0.000000000000000000, -0.000000000000000000, 1.000000000000000000 ) ) ;
#4021 = VERTEX_POINT ( 'NONE', #3263 ) ;
#4022 = EDGE_CURVE ( 'NONE', #6143, #4276, #6062, .T. ) ;
#4023 = CARTESIAN_POINT ( 'NONE',  ( -11.50000000000000178, 23.00000000000000000, 10.24673507763198543 ) ) ;
#4024 = CIRCLE ( 'NONE', #1301, 2.000000000000007105 ) ;
#4025 = EDGE_LOOP ( 'NONE', ( #1441, #1759, #5760, #2029 ) ) ;
#4026 = EDGE_CURVE ( 'NONE', #4874, #4296, #3523, .T. ) ;
#4027 = CARTESIAN_POINT ( 'NONE',  ( -14.50000000000000355, 24.99999999999999645, 10.24673507763198543 ) ) ;
#4028 = AXIS2_PLACEMENT_3D ( 'NONE', #4521, #2488, #4419 ) ;
#4029 = MANIFOLD_SOLID_BREP ( 'Arena', #762 ) ;
#4030 = LINE ( 'NONE', #5979, #2712 ) ;
#4031 = DIRECTION ( 'NONE',  ( 0.000000000000000000, 0.000000000000000000, 1.000000000000000000 ) ) ;
#4032 = FACE_OUTER_BOUND ( 'NONE', #1169, .T. ) ;
#4033 = CARTESIAN_POINT ( 'NONE',  ( -9.041378079345955499, 8.775195191762280800, 50.71561505959746086 ) ) ;
#4034 = ORIENTED_EDGE ( 'NONE', *, *, #3112, .F. ) ;
#4035 = AXIS2_PLACEMENT_3D ( 'NONE', #4871, #5981, #5884 ) ;
#4036 = ORIENTED_EDGE ( 'NONE', *, *, #4861, .T. ) ;
#4037 = CIRCLE ( 'NONE', #5251, 2.000000000000001776 ) ;
#4038 = ADVANCED_FACE ( 'NONE', ( #1228 ), #4688, .F. ) ;
#4039 = CARTESIAN_POINT ( 'NONE',  ( -11.50000000000000178, 5.000000000000000000, -40.75326492236801812 ) ) ;
#4040 = AXIS2_PLACEMENT_3D ( 'NONE', #3573, #2621, #219 ) ;
#4041 = DIRECTION ( 'NONE',  ( -0.000000000000000000, -0.000000000000000000, 1.000000000000000000 ) ) ;
#4042 = EDGE_CURVE ( 'NONE', #1578, #5519, #2211, .T. ) ;
#4043 = CARTESIAN_POINT ( 'NONE',  ( -22.80000000000000782, 6.999999999999999112, 46.17802507686960922 ) ) ;
#4044 = VERTEX_POINT ( 'NONE', #4240 ) ;
#4045 = EDGE_CURVE ( 'NONE', #3972, #1638, #6188, .T. ) ;
#4046 = TOROIDAL_SURFACE ( 'NONE', #1319, 4.000000000000000000, 2.000000000000000000 ) ;
#4047 = FACE_OUTER_BOUND ( 'NONE', #3903, .T. ) ;
#4048 = DIRECTION ( 'NONE',  ( 0.000000000000000000, 0.000000000000000000, 1.000000000000000000 ) ) ;
#4049 = EDGE_CURVE ( 'NONE', #398, #1853, #2808, .T. ) ;
#4050 = DIRECTION ( 'NONE',  ( 0.000000000000000000, 0.000000000000000000, 1.000000000000000000 ) ) ;
#4051 = CARTESIAN_POINT ( 'NONE',  ( 11.50000000000000178, 7.000000000000006217, 13.24673507763198366 ) ) ;
#4052 = DIRECTION ( 'NONE',  ( -0.8654414357343011011, -0.000000000000000000, -0.5010101010101011276 ) ) ;
#4053 = ORIENTED_EDGE ( 'NONE', *, *, #3605, .F. ) ;
#4054 = DIRECTION ( 'NONE',  ( 0.000000000000000000, 0.000000000000000000, 1.000000000000000000 ) ) ;
#4055 = VERTEX_POINT ( 'NONE', #1708 ) ;
#4056 = AXIS2_PLACEMENT_3D ( 'NONE', #177, #5918, #2512 ) ;
#4057 = EDGE_CURVE ( 'NONE', #3180, #4791, #4623, .T. ) ;
#4058 =( NAMED_UNIT ( * ) SI_UNIT ( $, .STERADIAN. ) SOLID_ANGLE_UNIT ( ) );
#4059 = ORIENTED_EDGE ( 'NONE', *, *, #585, .T. ) ;
#4060 = DIRECTION ( 'NONE',  ( -0.000000000000000000, -1.000000000000000000, -0.000000000000000000 ) ) ;
#4061 = ORIENTED_EDGE ( 'NONE', *, *, #4816, .F. ) ;
#4062 = CARTESIAN_POINT ( 'NONE',  ( 12.49999999999999822, 7.000000000000000000, -38.75326492236801812 ) ) ;
#4063 = DIRECTION ( 'NONE',  ( -1.000000000000000000, 0.000000000000000000, 0.000000000000000000 ) ) ;
#4064 = CARTESIAN_POINT ( 'NONE',  ( -0.7322086679244970142, 5.000000000000000888, 33.55290498438326807 ) ) ;
#4065 = CIRCLE ( 'NONE', #3464, 19.80000000000001137 ) ;
#4066 = TOROIDAL_SURFACE ( 'NONE', #1338, 4.000000000000000000, 2.000000000000000000 ) ;
#4067 = DIRECTION ( 'NONE',  ( 0.000000000000000000, 0.000000000000000000, -1.000000000000000000 ) ) ;
#4068 = VERTEX_POINT ( 'NONE', #3634 ) ;
#4069 = VERTEX_POINT ( 'NONE', #1801 ) ;
#4070 = CYLINDRICAL_SURFACE ( 'NONE', #1165, 2.000000000000001776 ) ;
#4071 = B_SPLINE_CURVE_WITH_KNOTS ( 'NONE', 3,
 ( #4232, #4355, #3852, #4836, #5791, #490, #4741, #12, #1879, #6180, #5348, #2325 ),
 .UNSPECIFIED., .F., .F.,
 ( 4, 2, 2, 2, 2, 4 ),
 ( 0.005862896086220000143, 0.006351052039508664829, 0.006595130016153001075, 0.006839207992797337321, 0.007327363946086009813, 0.007815519899374682306 ),
 .UNSPECIFIED. ) ;
#4072 = EDGE_CURVE ( 'NONE', #4913, #2235, #3735, .T. ) ;
#4073 = CARTESIAN_POINT ( 'NONE',  ( -16.98748339430512644, -0.7500000065192582444, 9.999999776482585645 ) ) ;
#4074 = LINE ( 'NONE', #122, #1720 ) ;
#4075 = ORIENTED_EDGE ( 'NONE', *, *, #307, .T. ) ;
#4076 = VERTEX_POINT ( 'NONE', #1738 ) ;
#4077 = DIRECTION ( 'NONE',  ( -0.000000000000000000, -1.000000000000000000, -0.000000000000000000 ) ) ;
#4078 = AXIS2_PLACEMENT_3D ( 'NONE', #4182, #1836, #6125 ) ;
#4079 = FACE_OUTER_BOUND ( 'NONE', #1989, .T. ) ;
#4080 = VECTOR ( 'NONE', #28, 1000.000000000000000 ) ;
#4081 = CARTESIAN_POINT ( 'NONE',  ( -16.99982397258282063, -2.015564357861876488, 10.02646417955923042 ) ) ;
#4082 = CARTESIAN_POINT ( 'NONE',  ( -24.80000000000000071, 55.00000000000000000, 42.83935106884789690 ) ) ;
#4083 = CARTESIAN_POINT ( 'NONE',  ( -12.50000000000001066, 7.000000000000000000, 8.246735077631985433 ) ) ;
#4084 = DIRECTION ( 'NONE',  ( 1.000000000000000000, 0.000000000000000000, 0.000000000000000000 ) ) ;
#4085 = ORIENTED_EDGE ( 'NONE', *, *, #3596, .T. ) ;
#4086 = CARTESIAN_POINT ( 'NONE',  ( -14.99999966472387314, -5.750000011175870895, 9.999999776482582092 ) ) ;
#4087 = EDGE_CURVE ( 'NONE', #4098, #3974, #4950, .T. ) ;
#4088 = CARTESIAN_POINT ( 'NONE',  ( 11.50000000000000178, 5.000000000000000000, 17.24673507763198188 ) ) ;
#4089 = VERTEX_POINT ( 'NONE', #315 ) ;
#4090 = DIRECTION ( 'NONE',  ( -0.000000000000000000, 1.000000000000000000, -0.000000000000000000 ) ) ;
#4091 = DIRECTION ( 'NONE',  ( 0.000000000000000000, 0.000000000000000000, 1.000000000000000000 ) ) ;
#4092 = CARTESIAN_POINT ( 'NONE',  ( -16.99982397258281708, -7.749999873340129852, 9.999999776482582092 ) ) ;
#4093 = FACE_OUTER_BOUND ( 'NONE', #5583, .T. ) ;
#4094 = VECTOR ( 'NONE', #3076, 1000.000000000000000 ) ;
#4095 = AXIS2_PLACEMENT_3D ( 'NONE', #4471, #4077, #2949 ) ;
#4096 = CARTESIAN_POINT ( 'NONE',  ( -20.26611806650366887, 25.64757189866420006, 47.34490253092696577 ) ) ;
#4097 = EDGE_LOOP ( 'NONE', ( #5983, #22, #3204, #5858, #754, #2684 ) ) ;
#4098 = VERTEX_POINT ( 'NONE', #5679 ) ;
#4099 = CARTESIAN_POINT ( 'NONE',  ( -14.99999966472387314, 5.750000011175870895, 9.999999776482582092 ) ) ;
#4100 = EDGE_CURVE ( 'NONE', #3728, #4098, #2239, .T. ) ;
#4101 = EDGE_CURVE ( 'NONE', #6212, #4442, #3230, .T. ) ;
#4102 = CIRCLE ( 'NONE', #59, 1.000000000000000888 ) ;
#4103 = CARTESIAN_POINT ( 'NONE',  ( 12.50000000000000533, 7.000000000000000000, 10.24673507763198188 ) ) ;
#4104 = CYLINDRICAL_SURFACE ( 'NONE', #5876, 2.000000000000000000 ) ;
#4105 = VERTEX_POINT ( 'NONE', #4878 ) ;
#4106 = ORIENTED_EDGE ( 'NONE', *, *, #1709, .T. ) ;
#4107 = DIRECTION ( 'NONE',  ( 1.000000000000000000, 0.000000000000000000, 0.000000000000000000 ) ) ;
#4108 = VERTEX_POINT ( 'NONE', #1917 ) ;
#4109 = ADVANCED_FACE ( 'NONE', ( #3288 ), #6278, .T. ) ;
#4110 = DIRECTION ( 'NONE',  ( -1.000000000000000000, 0.000000000000000000, 1.176083712526648949E-16 ) ) ;
#4111 = AXIS2_PLACEMENT_3D ( 'NONE', #1134, #157, #5932 ) ;
#4112 = DIRECTION ( 'NONE',  ( 0.000000000000000000, -1.000000000000000000, 0.000000000000000000 ) ) ;
#4113 = CYLINDRICAL_SURFACE ( 'NONE', #4630, 2.000000000000001776 ) ;
#4114 = DIRECTION ( 'NONE',  ( 1.000000000000000000, 0.000000000000000000, 0.000000000000000000 ) ) ;
#4115 = EDGE_CURVE ( 'NONE', #5895, #920, #688, .T. ) ;
#4116 = AXIS2_PLACEMENT_3D ( 'NONE', #4726, #4786, #946 ) ;
#4117 = ORIENTED_EDGE ( 'NONE', *, *, #757, .T. ) ;
#4118 = EDGE_CURVE ( 'NONE', #2264, #2531, #1451, .T. ) ;
#4119 = FACE_OUTER_BOUND ( 'NONE', #2426, .T. ) ;
#4120 = CARTESIAN_POINT ( 'NONE',  ( -14.99999966472387314, -2.500000000000000000, 9.999999776482582092 ) ) ;
#4121 = EDGE_CURVE ( 'NONE', #1734, #472, #56, .T. ) ;
#4122 = DIRECTION ( 'NONE',  ( 1.000000000000000000, 0.000000000000000000, 0.000000000000000000 ) ) ;
#4123 = ORIENTED_EDGE ( 'NONE', *, *, #3664, .F. ) ;
#4124 = DIRECTION ( 'NONE',  ( -1.000000000000000000, 0.000000000000000000, 0.000000000000000000 ) ) ;
#4125 = AXIS2_PLACEMENT_3D ( 'NONE', #5796, #432, #941 ) ;
#4126 = CARTESIAN_POINT ( 'NONE',  ( 21.62287565553232227, 27.54717474917928755, 34.60205087858145845 ) ) ;
#4127 = DIRECTION ( 'NONE',  ( 0.000000000000000000, 0.000000000000000000, -1.000000000000000000 ) ) ;
#4128 = EDGE_CURVE ( 'NONE', #713, #3431, #2047, .T. ) ;
#4129 = DIRECTION ( 'NONE',  ( -0.000000000000000000, 1.000000000000000000, 0.000000000000000000 ) ) ;
#4130 = VERTEX_POINT ( 'NONE', #4843 ) ;
#4131 = CARTESIAN_POINT ( 'NONE',  ( -10.29999977648320098, 30.00000000000000000, 2.510667100132145002 ) ) ;
#4132 = VERTEX_POINT ( 'NONE', #4267 ) ;
#4133 = ORIENTED_EDGE ( 'NONE', *, *, #5558, .T. ) ;
#4134 = LINE ( 'NONE', #780, #970 ) ;
#4135 = CIRCLE ( 'NONE', #691, 2.000000000000001776 ) ;
#4136 = CARTESIAN_POINT ( 'NONE',  ( -14.69037735642265119, 7.749999873340129852, 9.999999776482582092 ) ) ;
#4137 = VECTOR ( 'NONE', #6141, 1000.000000000000000 ) ;
#4138 = VECTOR ( 'NONE', #4225, 1000.000000000000000 ) ;
#4139 = DIRECTION ( 'NONE',  ( 0.000000000000000000, 1.000000000000000000, 0.000000000000000000 ) ) ;
#4140 = EDGE_CURVE ( 'NONE', #678, #1413, #5753, .T. ) ;
#4141 = CARTESIAN_POINT ( 'NONE',  ( -12.50000000000000000, 7.000000000000006217, -40.75326492236801812 ) ) ;
#4142 = ORIENTED_EDGE ( 'NONE', *, *, #91, .T. ) ;
#4143 = ORIENTED_EDGE ( 'NONE', *, *, #5230, .T. ) ;
#4144 = CARTESIAN_POINT ( 'NONE',  ( 17.00000092387199402, 7.749999873340129852, 4.999999888241291046 ) ) ;
#4145 = EDGE_LOOP ( 'NONE', ( #2056, #2882, #4822, #4864 ) ) ;
#4146 = VECTOR ( 'NONE', #2146, 1000.000000000000000 ) ;
#4147 = AXIS2_PLACEMENT_3D ( 'NONE', #2961, #5886, #2415 ) ;
#4148 = CARTESIAN_POINT ( 'NONE',  ( -14.50000000000000000, 26.99999999999999645, -43.75326492236801812 ) ) ;
#4149 = EDGE_CURVE ( 'NONE', #4008, #6074, #5766, .T. ) ;
#4150 = CARTESIAN_POINT ( 'NONE',  ( 12.49999999999999822, 5.000000000000000000, -38.75326492236801812 ) ) ;
#4151 = DIRECTION ( 'NONE',  ( 1.176083712526648702E-16, 0.000000000000000000, 1.000000000000000000 ) ) ;
#4152 = CARTESIAN_POINT ( 'NONE',  ( 0.7669511851287941218, 47.29924028006248449, 51.49442118807623814 ) ) ;
#4153 = VECTOR ( 'NONE', #1732, 1000.000000000000000 ) ;
#4154 = ORIENTED_EDGE ( 'NONE', *, *, #3273, .F. ) ;
#4155 = CARTESIAN_POINT ( 'NONE',  ( 20.96644564353099938, 21.00356597989213014, 34.42492653411373738 ) ) ;
#4156 = AXIS2_PLACEMENT_3D ( 'NONE', #5349, #995, #2929 ) ;
#4157 = EDGE_CURVE ( 'NONE', #4001, #5387, #5459, .T. ) ;
#4158 = DIRECTION ( 'NONE',  ( 1.000000000000000000, -0.000000000000000000, -1.176083712526649195E-16 ) ) ;
#4159 =( NAMED_UNIT ( * ) SI_UNIT ( $, .STERADIAN. ) SOLID_ANGLE_UNIT ( ) );
#4160 = ORIENTED_EDGE ( 'NONE', *, *, #5305, .T. ) ;
#4161 = CARTESIAN_POINT ( 'NONE',  ( -12.50000000000001066, 30.00000000000000000, 13.24673507763199076 ) ) ;
#4162 = CARTESIAN_POINT ( 'NONE',  ( 20.80000000000000426, 33.52686754883237086, 34.42492653411373738 ) ) ;
#4163 = FACE_OUTER_BOUND ( 'NONE', #1667, .T. ) ;
#4164 = CARTESIAN_POINT ( 'NONE',  ( 0.000000000000000000, 0.000000000000000000, 9.999999776482582092 ) ) ;
#4165 = LINE ( 'NONE', #712, #3326 ) ;
#4166 = EDGE_LOOP ( 'NONE', ( #1262, #5037, #2904, #1426, #879, #3373, #670, #3473, #2651, #2532 ) ) ;
#4167 = ORIENTED_EDGE ( 'NONE', *, *, #685, .F. ) ;
#4168 = DIRECTION ( 'NONE',  ( 1.000000000000000000, 0.000000000000000000, -0.000000000000000000 ) ) ;
#4169 = CIRCLE ( 'NONE', #924, 0.9999999999998698819 ) ;
#4170 = EDGE_LOOP ( 'NONE', ( #2735, #116, #4847, #413 ) ) ;
#4171 = ADVANCED_FACE ( 'NONE', ( #462 ), #2388, .T. ) ;
#4172 = FACE_OUTER_BOUND ( 'NONE', #495, .T. ) ;
#4173 = CARTESIAN_POINT ( 'NONE',  ( -7.500000000000001776, 26.99999999999999645, -41.75326492236801101 ) ) ;
#4174 = DIRECTION ( 'NONE',  ( 1.000000000000000000, 0.000000000000000000, 0.000000000000000000 ) ) ;
#4175 = ORIENTED_EDGE ( 'NONE', *, *, #1056, .F. ) ;
#4176 = VERTEX_POINT ( 'NONE', #4326 ) ;
#4177 = DIRECTION ( 'NONE',  ( 0.000000000000000000, 0.000000000000000000, 1.000000000000000000 ) ) ;
#4178 = VECTOR ( 'NONE', #5952, 1000.000000000000000 ) ;
#4179 = CARTESIAN_POINT ( 'NONE',  ( -16.99982397258281708, 7.749999873340129852, 9.999999776482582092 ) ) ;
#4180 = CARTESIAN_POINT ( 'NONE',  ( -16.57720468938351033, 2.015564335004540908, 9.999999776482585645 ) ) ;
#4181 = FACE_OUTER_BOUND ( 'NONE', #4286, .T. ) ;
#4182 = CARTESIAN_POINT ( 'NONE',  ( -24.80000000000000782, 6.999999999999999112, 42.83935106884789690 ) ) ;
#4183 = ORIENTED_EDGE ( 'NONE', *, *, #375, .T. ) ;
#4184 = EDGE_LOOP ( 'NONE', ( #437, #310, #5060, #441 ) ) ;
#4185 = LINE ( 'NONE', #6114, #2381 ) ;
#4186 = LINE ( 'NONE', #1300, #3215 ) ;
#4187 = VECTOR ( 'NONE', #3931, 1000.000000000000000 ) ;
#4188 = PRODUCT_DEFINITION_SHAPE ( 'NONE', 'NONE',  #347 ) ;
#4189 = UNCERTAINTY_MEASURE_WITH_UNIT (LENGTH_MEASURE( 1.000000000000000082E-05 ), #2725, 'distance_accuracy_value', 'NONE');
#4190 = DIRECTION ( 'NONE',  ( 0.000000000000000000, 0.000000000000000000, -1.000000000000000000 ) ) ;
#4191 = ORIENTED_EDGE ( 'NONE', *, *, #6195, .F. ) ;
#4192 = CARTESIAN_POINT ( 'NONE',  ( 9.554643783982324834, 30.00000000000000000, -36.51993069496482036 ) ) ;
#4193 = CARTESIAN_POINT ( 'NONE',  ( 20.96605513671660859, 32.99767849790349317, 34.42492653411373738 ) ) ;
#4194 = CARTESIAN_POINT ( 'NONE',  ( -12.50000000000001066, 7.000000000000006217, 12.24673507763198543 ) ) ;
#4195 = ORIENTED_EDGE ( 'NONE', *, *, #2031, .F. ) ;
#4196 = CARTESIAN_POINT ( 'NONE',  ( -19.63029186366662415, 21.65641779243473053, 47.61286957769554817 ) ) ;
#4197 = EDGE_CURVE ( 'NONE', #4105, #4968, #4024, .T. ) ;
#4198 = VERTEX_POINT ( 'NONE', #1885 ) ;
#4199 = EDGE_LOOP ( 'NONE', ( #1969, #823, #4667, #873 ) ) ;
#4200 = AXIS2_PLACEMENT_3D ( 'NONE', #4825, #3298, #2881 ) ;
#4201 = DIRECTION ( 'NONE',  ( 0.000000000000000000, 0.000000000000000000, -1.000000000000000000 ) ) ;
#4202 = ORIENTED_EDGE ( 'NONE', *, *, #5109, .T. ) ;
#4203 = VECTOR ( 'NONE', #2091, 1000.000000000000000 ) ;
#4204 = VECTOR ( 'NONE', #3013, 1000.000000000000000 ) ;
#4205 = LINE ( 'NONE', #2701, #5934 ) ;
#4206 = CARTESIAN_POINT ( 'NONE',  ( -16.99982397258281708, -2.500000000000000000, 10.02646417955922686 ) ) ;
#4207 = CARTESIAN_POINT ( 'NONE',  ( 10.96666644314903394, 26.00000000000000000, 4.001379085132098723 ) ) ;
#4208 = EDGE_LOOP ( 'NONE', ( #5151, #4373, #1766, #172 ) ) ;
#4209 = ADVANCED_FACE ( 'NONE', ( #1354 ), #3317, .T. ) ;
#4210 = ORIENTED_EDGE ( 'NONE', *, *, #3871, .F. ) ;
#4211 = LINE ( 'NONE', #5105, #5522 ) ;
#4212 = EDGE_CURVE ( 'NONE', #1203, #4768, #3890, .T. ) ;
#4213 = AXIS2_PLACEMENT_3D ( 'NONE', #4841, #4806, #4389 ) ;
#4214 = DIRECTION ( 'NONE',  ( -1.764125568789973300E-16, 0.000000000000000000, 1.000000000000000000 ) ) ;
#4215 = CARTESIAN_POINT ( 'NONE',  ( -12.88917741936951522, 0.3235237181298795672, 10.83991476540579235 ) ) ;
#4216 = LINE ( 'NONE', #2333, #1313 ) ;
#4217 = DIRECTION ( 'NONE',  ( -0.000000000000000000, 1.000000000000000000, -0.000000000000000000 ) ) ;
#4218 = VERTEX_POINT ( 'NONE', #3795 ) ;
#4219 = DIRECTION ( 'NONE',  ( 0.000000000000000000, 0.000000000000000000, -1.000000000000000000 ) ) ;
#4220 = CARTESIAN_POINT ( 'NONE',  ( 6.368163355566236381E-15, 2.000000000000001776, -52.00000000000000000 ) ) ;
#4221 = ADVANCED_FACE ( 'NONE', ( #5267 ), #5829, .F. ) ;
#4222 = DIRECTION ( 'NONE',  ( 0.000000000000000000, 0.000000000000000000, 1.000000000000000000 ) ) ;
#4223 = LINE ( 'NONE', #3680, #2083 ) ;
#4224 = CARTESIAN_POINT ( 'NONE',  ( 16.50000000000000000, 7.000000000000006217, -41.75326492236801101 ) ) ;
#4225 = DIRECTION ( 'NONE',  ( 1.176083712526648949E-16, -0.000000000000000000, 1.000000000000000000 ) ) ;
#4226 = ADVANCED_FACE ( 'NONE', ( #4390 ), #5034, .T. ) ;
#4227 = DIRECTION ( 'NONE',  ( -0.4226189496394526790, -0.000000000000000000, 0.9063074662638754830 ) ) ;
#4228 = VERTEX_POINT ( 'NONE', #5391 ) ;
#4229 = DIRECTION ( 'NONE',  ( 1.000000000000000000, -0.000000000000000000, -0.000000000000000000 ) ) ;
#4230 = VERTEX_POINT ( 'NONE', #2078 ) ;
#4231 = CIRCLE ( 'NONE', #2399, 4.000000000000000000 ) ;
#4232 = CARTESIAN_POINT ( 'NONE',  ( 6.613092709592609990E-15, 49.55000000000001847, 54.00000000000000000 ) ) ;
#4233 = EDGE_CURVE ( 'NONE', #1032, #6160, #1035, .T. ) ;
#4234 = CYLINDRICAL_SURFACE ( 'NONE', #1522, 2.000000000000001776 ) ;
#4235 = ORIENTED_EDGE ( 'NONE', *, *, #861, .T. ) ;
#4236 = AXIS2_PLACEMENT_3D ( 'NONE', #3657, #6149, #1183 ) ;
#4237 = ORIENTED_EDGE ( 'NONE', *, *, #2067, .F. ) ;
#4238 = DIRECTION ( 'NONE',  ( 0.000000000000000000, 0.000000000000000000, 1.000000000000000000 ) ) ;
#4239 = AXIS2_PLACEMENT_3D ( 'NONE', #4092, #1689, #3615 ) ;
#4240 = CARTESIAN_POINT ( 'NONE',  ( 4.538640232357565196, 26.00000000000000000, 11.09250600829425792 ) ) ;
#4241 = EDGE_CURVE ( 'NONE', #1660, #3167, #1190, .T. ) ;
#4242 = DIRECTION ( 'NONE',  ( 0.000000000000000000, 0.000000000000000000, 1.000000000000000000 ) ) ;
#4243 = DIRECTION ( 'NONE',  ( 1.000000000000000000, 0.000000000000000000, 0.000000000000000000 ) ) ;
#4244 = CARTESIAN_POINT ( 'NONE',  ( -1.250000000000000444, 48.30000000000001847, 51.48482786219646101 ) ) ;
#4245 = VERTEX_POINT ( 'NONE', #4978 ) ;
#4246 = AXIS2_PLACEMENT_3D ( 'NONE', #288, #6005, #1269 ) ;
#4247 = TOROIDAL_SURFACE ( 'NONE', #4963, 4.000000000000000000, 2.000000000000000000 ) ;
#4248 = CARTESIAN_POINT ( 'NONE',  ( -14.50000000000000000, 7.000000000000006217, -43.75326492236801812 ) ) ;
#4249 = ORIENTED_EDGE ( 'NONE', *, *, #4475, .T. ) ;
#4250 = ADVANCED_FACE ( 'NONE', ( #5487 ), #2107, .F. ) ;
#4251 = AXIS2_PLACEMENT_3D ( 'NONE', #3825, #1036, #2390 ) ;
#4252 = CYLINDRICAL_SURFACE ( 'NONE', #851, 2.000000000000001776 ) ;
#4253 = PRODUCT_CONTEXT ( 'NONE', #5883, 'mechanical' ) ;
#4254 = DIRECTION ( 'NONE',  ( 0.000000000000000000, 0.000000000000000000, 1.000000000000000000 ) ) ;
#4255 = DIRECTION ( 'NONE',  ( -0.000000000000000000, -1.000000000000000000, -0.000000000000000000 ) ) ;
#4256 = AXIS2_PLACEMENT_3D ( 'NONE', #2167, #846, #3228 ) ;
#4257 = DIRECTION ( 'NONE',  ( 1.000000000000000000, 0.000000000000000000, 0.000000000000000000 ) ) ;
#4258 = ORIENTED_EDGE ( 'NONE', *, *, #5244, .F. ) ;
#4259 = LINE ( 'NONE', #1874, #5731 ) ;
#4260 = ORIENTED_EDGE ( 'NONE', *, *, #3, .T. ) ;
#4261 = AXIS2_PLACEMENT_3D ( 'NONE', #30, #4431, #1525 ) ;
#4262 = CARTESIAN_POINT ( 'NONE',  ( 7.377733558124392133, 5.000000000000000000, 34.03158916320623462 ) ) ;
#4263 = CARTESIAN_POINT ( 'NONE',  ( -12.01375201344490051, -0.5823428509756922722, 11.24813314527273356 ) ) ;
#4264 = ORIENTED_EDGE ( 'NONE', *, *, #139, .T. ) ;
#4265 = ORIENTED_EDGE ( 'NONE', *, *, #2659, .F. ) ;
#4266 = DIRECTION ( 'NONE',  ( 0.000000000000000000, -1.000000000000000000, 0.000000000000000000 ) ) ;
#4267 = CARTESIAN_POINT ( 'NONE',  ( -8.674099376880661794, 7.000000000000006217, 34.42492653411373738 ) ) ;
#4268 = CARTESIAN_POINT ( 'NONE',  ( 12.49999999999999822, 7.000000000000000000, -40.75326492236801812 ) ) ;
#4269 = CARTESIAN_POINT ( 'NONE',  ( 19.99999955296516418, -9.999999776482582092, 0.000000000000000000 ) ) ;
#4270 = ORIENTED_EDGE ( 'NONE', *, *, #5690, .T. ) ;
#4271 = ORIENTED_EDGE ( 'NONE', *, *, #316, .T. ) ;
#4272 = CARTESIAN_POINT ( 'NONE',  ( -11.50000000000000178, 7.000000000000006217, 13.24673507763199076 ) ) ;
#4273 = DIRECTION ( 'NONE',  ( 0.000000000000000000, 0.000000000000000000, 1.000000000000000000 ) ) ;
#4274 = DIRECTION ( 'NONE',  ( 0.000000000000000000, 0.000000000000000000, 1.000000000000000000 ) ) ;
#4275 = DIRECTION ( 'NONE',  ( -0.000000000000000000, 0.000000000000000000, -1.000000000000000000 ) ) ;
#4276 = VERTEX_POINT ( 'NONE', #2014 ) ;
#4277 = DIRECTION ( 'NONE',  ( 1.521687259628777768E-16, -0.000000000000000000, 1.000000000000000000 ) ) ;
#4278 = VECTOR ( 'NONE', #3826, 1000.000000000000000 ) ;
#4279 = CARTESIAN_POINT ( 'NONE',  ( 8.847564458826717108E-05, -7.749999873340129852, 2.999999999999998668 ) ) ;
#4280 = CARTESIAN_POINT ( 'NONE',  ( 1.250000000000141442, 48.46313012761817873, 51.48482786219645391 ) ) ;
#4281 = ORIENTED_EDGE ( 'NONE', *, *, #5748, .T. ) ;
#4282 = LINE ( 'NONE', #959, #2790 ) ;
#4283 = VERTEX_POINT ( 'NONE', #4908 ) ;
#4284 = CARTESIAN_POINT ( 'NONE',  ( 1.566163402872507771, 4.999999999999688249, 33.97160196405808108 ) ) ;
#4285 = CARTESIAN_POINT ( 'NONE',  ( -20.80000000000000782, 6.999999999999999112, 36.42492653411374448 ) ) ;
#4286 = EDGE_LOOP ( 'NONE', ( #3477, #6096, #1695, #2265 ) ) ;
#4287 = EDGE_LOOP ( 'NONE', ( #197, #2522, #2367, #272, #3982, #1572, #672, #4683, #2204, #4561 ) ) ;
#4288 = ADVANCED_FACE ( 'NONE', ( #2042 ), #1128, .T. ) ;
#4289 = PLANE ( 'NONE',  #962 ) ;
#4290 = AXIS2_PLACEMENT_3D ( 'NONE', #5751, #3398, #898 ) ;
#4291 = VECTOR ( 'NONE', #2849, 1000.000000000000000 ) ;
#4292 = CARTESIAN_POINT ( 'NONE',  ( -0.1631051432225071596, 47.05000000000001847, 54.00000000000000000 ) ) ;
#4293 = CARTESIAN_POINT ( 'NONE',  ( -2.948285392647243325E-15, 27.00000000000000000, 36.92492653411373738 ) ) ;
#4294 = LINE ( 'NONE', #465, #5510 ) ;
#4295 = EDGE_LOOP ( 'NONE', ( #1727, #3152, #5408, #2614 ) ) ;
#4296 = VERTEX_POINT ( 'NONE', #4550 ) ;
#4297 = EDGE_CURVE ( 'NONE', #1768, #2531, #560, .T. ) ;
#4298 = AXIS2_PLACEMENT_3D ( 'NONE', #35, #1495, #612 ) ;
#4299 = CARTESIAN_POINT ( 'NONE',  ( -8.418828923307891898, 30.00000000000000000, 4.778474924312155814 ) ) ;
#4300 = CIRCLE ( 'NONE', #869, 2.000000000000001776 ) ;
#4301 = DIRECTION ( 'NONE',  ( 0.000000000000000000, 0.000000000000000000, 1.000000000000000000 ) ) ;
#4302 = CYLINDRICAL_SURFACE ( 'NONE', #2957, 1.999999999999998224 ) ;
#4303 = ADVANCED_FACE ( 'NONE', ( #1605 ), #3063, .F. ) ;
#4304 = APPLICATION_PROTOCOL_DEFINITION ( 'draft international standard', 'automotive_design', 1998, #45 ) ;
#4305 = ORIENTED_EDGE ( 'NONE', *, *, #6112, .F. ) ;
#4306 = DIRECTION ( 'NONE',  ( 0.000000000000000000, 1.000000000000000000, -0.000000000000000000 ) ) ;
#4307 = ORIENTED_EDGE ( 'NONE', *, *, #6195, .T. ) ;
#4308 = VECTOR ( 'NONE', #3430, 1000.000000000000000 ) ;
#4309 = DIRECTION ( 'NONE',  ( -0.000000000000000000, 1.000000000000000000, -0.000000000000000000 ) ) ;
#4310 = ADVANCED_FACE ( 'NONE', ( #596 ), #1102, .T. ) ;
#4311 = ADVANCED_FACE ( 'NONE', ( #2554 ), #1576, .F. ) ;
#4312 = CARTESIAN_POINT ( 'NONE',  ( 0.3283006769663356916, 49.51716905391979395, 51.49917535857384365 ) ) ;
#4313 = ORIENTED_EDGE ( 'NONE', *, *, #3715, .T. ) ;
#4314 = CARTESIAN_POINT ( 'NONE',  ( 0.000000000000000000, 55.00000000000000000, 0.000000000000000000 ) ) ;
#4315 = EDGE_LOOP ( 'NONE', ( #3299, #6003, #1205, #1448 ) ) ;
#4316 = EDGE_CURVE ( 'NONE', #1928, #6256, #4135, .T. ) ;
#4317 = AXIS2_PLACEMENT_3D ( 'NONE', #4224, #1752, #3681 ) ;
#4318 = CARTESIAN_POINT ( 'NONE',  ( 20.80000000000000426, 20.47313245116762914, 34.42492653411373738 ) ) ;
#4319 = CARTESIAN_POINT ( 'NONE',  ( 11.50000000000000178, 24.99999999999999645, -41.75326492236801101 ) ) ;
#4320 = FACE_OUTER_BOUND ( 'NONE', #5806, .T. ) ;
#4321 = ORIENTED_EDGE ( 'NONE', *, *, #5010, .F. ) ;
#4322 = ORIENTED_EDGE ( 'NONE', *, *, #1408, .F. ) ;
#4323 = CARTESIAN_POINT ( 'NONE',  ( 0.000000000000000000, 0.000000000000000000, 4.999999888241291046 ) ) ;
#4324 = EDGE_CURVE ( 'NONE', #2273, #3280, #6065, .T. ) ;
#4325 = AXIS2_PLACEMENT_3D ( 'NONE', #5898, #2050, #4048 ) ;
#4326 = CARTESIAN_POINT ( 'NONE',  ( -7.500000000000001776, 26.99999999999999645, -43.75326492236801812 ) ) ;
#4327 = CARTESIAN_POINT ( 'NONE',  ( -8.063931798983126953, 26.00000000000000000, -35.85326402829834791 ) ) ;
#4328 = LINE ( 'NONE', #3926, #1753 ) ;
#4329 = ORIENTED_EDGE ( 'NONE', *, *, #4534, .F. ) ;
#4330 = EDGE_LOOP ( 'NONE', ( #5466, #1805, #4358, #5684 ) ) ;
#4331 = LINE ( 'NONE', #1806, #2092 ) ;
#4332 = AXIS2_PLACEMENT_3D ( 'NONE', #3957, #2520, #3001 ) ;
#4333 = ADVANCED_FACE ( 'NONE', ( #85 ), #1546, .T. ) ;
#4334 = DIRECTION ( 'NONE',  ( 0.000000000000000000, 0.000000000000000000, -1.000000000000000000 ) ) ;
#4335 = CIRCLE ( 'NONE', #1106, 4.000000000000000000 ) ;
#4336 = FACE_OUTER_BOUND ( 'NONE', #1031, .T. ) ;
#4337 = DIRECTION ( 'NONE',  ( 1.000000000000000000, 0.000000000000000000, -2.392722035830077493E-16 ) ) ;
#4338 = CIRCLE ( 'NONE', #1813, 2.000000000000000000 ) ;
#4339 = DIRECTION ( 'NONE',  ( 1.000000000000000000, 0.000000000000000000, 0.000000000000000000 ) ) ;
#4340 = ORIENTED_EDGE ( 'NONE', *, *, #1615, .T. ) ;
#4341 = DIRECTION ( 'NONE',  ( 0.000000000000000000, 0.000000000000000000, 1.000000000000000000 ) ) ;
#4342 = DIRECTION ( 'NONE',  ( 0.000000000000000000, 0.000000000000000000, -1.000000000000000000 ) ) ;
#4343 = PRESENTATION_LAYER_ASSIGNMENT (  '', '', ( #607 ) ) ;
#4344 = TOROIDAL_SURFACE ( 'NONE', #3946, 4.000000000000000000, 2.000000000000000000 ) ;
#4345 = EDGE_CURVE ( 'NONE', #4731, #1351, #2611, .T. ) ;
#4346 = DIRECTION ( 'NONE',  ( -0.000000000000000000, 1.000000000000000000, -0.000000000000000000 ) ) ;
#4347 = CARTESIAN_POINT ( 'NONE',  ( -21.38199799568244330, 30.82529100805082223, 34.51035906707337375 ) ) ;
#4348 = VERTEX_POINT ( 'NONE', #183 ) ;
#4349 = AXIS2_PLACEMENT_3D ( 'NONE', #750, #3762, #309 ) ;
#4350 = PLANE ( 'NONE',  #4290 ) ;
#4351 = EDGE_LOOP ( 'NONE', ( #4941, #4946, #1237, #1388 ) ) ;
#4352 = EDGE_CURVE ( 'NONE', #1203, #3312, #1604, .T. ) ;
#4353 = VECTOR ( 'NONE', #395, 1000.000000000000114 ) ;
#4354 = CARTESIAN_POINT ( 'NONE',  ( 1.487274202156556147, 5.000000000000000000, 33.45934040427118106 ) ) ;
#4355 = CARTESIAN_POINT ( 'NONE',  ( -0.1647800098888717035, 49.55000000000002558, 54.00000000000001421 ) ) ;
#4356 = CYLINDRICAL_SURFACE ( 'NONE', #1528, 2.000000000000001776 ) ;
#4357 = DIRECTION ( 'NONE',  ( 1.000000000000000000, 0.000000000000000000, -2.392722035830077493E-16 ) ) ;
#4358 = ORIENTED_EDGE ( 'NONE', *, *, #4716, .F. ) ;
#4359 = ORIENTED_EDGE ( 'NONE', *, *, #1489, .F. ) ;
#4360 = CARTESIAN_POINT ( 'NONE',  ( 9.500000000000003553, 5.000000000000000000, 17.24673507763198188 ) ) ;
#4361 = EDGE_CURVE ( 'NONE', #2288, #2798, #3564, .T. ) ;
#4362 = CIRCLE ( 'NONE', #4056, 2.000000000000001776 ) ;
#4363 = DIRECTION ( 'NONE',  ( -1.000000000000000000, 0.000000000000000000, 0.000000000000000000 ) ) ;
#4364 = CARTESIAN_POINT ( 'NONE',  ( 11.50000000000000178, 23.00000000000000000, -38.75326492236801812 ) ) ;
#4365 = CARTESIAN_POINT ( 'NONE',  ( -10.29999977648274267, 26.00000000000000000, 5.746735077631762501 ) ) ;
#4366 = VERTEX_POINT ( 'NONE', #3154 ) ;
#4367 = CARTESIAN_POINT ( 'NONE',  ( 8.847564458826717108E-05, -7.749999873340129852, 2.999999999999998668 ) ) ;
#4368 = CARTESIAN_POINT ( 'NONE',  ( -8.418828923307891898, 26.00000000000000000, 4.778474924312155814 ) ) ;
#4369 = CARTESIAN_POINT ( 'NONE',  ( 0.000000000000000000, 0.000000000000000000, 4.999999888241291046 ) ) ;
#4370 = ORIENTED_EDGE ( 'NONE', *, *, #6112, .T. ) ;
#4371 = ORIENTED_EDGE ( 'NONE', *, *, #6267, .F. ) ;
#4372 = DIRECTION ( 'NONE',  ( 1.176083712526648949E-16, 0.000000000000000000, 1.000000000000000000 ) ) ;
#4373 = ORIENTED_EDGE ( 'NONE', *, *, #2082, .F. ) ;
#4374 = DIRECTION ( 'NONE',  ( 1.000000000000000000, -0.000000000000000000, -1.521687259628777768E-16 ) ) ;
#4375 = CIRCLE ( 'NONE', #5098, 2.000000000000000000 ) ;
#4376 = CARTESIAN_POINT ( 'NONE',  ( -14.50000000000001066, 5.000000000000000000, -38.75326492236801812 ) ) ;
#4377 = DIRECTION ( 'NONE',  ( -0.9063074662638754830, 0.000000000000000000, -0.4226189496394526790 ) ) ;
#4378 = ORIENTED_EDGE ( 'NONE', *, *, #4700, .T. ) ;
#4379 = CARTESIAN_POINT ( 'NONE',  ( 22.80000000000000782, 6.999999999999999112, 34.42492653411373738 ) ) ;
#4380 = ORIENTED_EDGE ( 'NONE', *, *, #1056, .T. ) ;
#4381 = CIRCLE ( 'NONE', #4900, 2.000000000000000000 ) ;
#4382 = CARTESIAN_POINT ( 'NONE',  ( -8.674099376880672452, 7.000000000000016875, 34.42492653411373738 ) ) ;
#4383 = LINE ( 'NONE', #4902, #6179 ) ;
#4384 = LINE ( 'NONE', #5855, #615 ) ;
#4385 = DIRECTION ( 'NONE',  ( 0.000000000000000000, -1.000000000000000000, 0.000000000000000000 ) ) ;
#4386 = ORIENTED_EDGE ( 'NONE', *, *, #5109, .F. ) ;
#4387 = ORIENTED_EDGE ( 'NONE', *, *, #2374, .F. ) ;
#4388 = EDGE_CURVE ( 'NONE', #778, #3258, #3726, .T. ) ;
#4389 = DIRECTION ( 'NONE',  ( 0.9063074662638748169, 0.000000000000000000, 0.4226189496394541778 ) ) ;
#4390 = FACE_OUTER_BOUND ( 'NONE', #4493, .T. ) ;
#4391 = ADVANCED_FACE ( 'NONE', ( #1219 ), #209, .F. ) ;
#4392 = CARTESIAN_POINT ( 'NONE',  ( -14.99999966472387314, 5.750000011175870895, 9.999999776482582092 ) ) ;
#4393 = DIRECTION ( 'NONE',  ( 0.000000000000000000, 0.000000000000000000, 1.000000000000000000 ) ) ;
#4394 = VERTEX_POINT ( 'NONE', #783 ) ;
#4395 = CARTESIAN_POINT ( 'NONE',  ( -16.99982397258281708, -7.749999873340129852, 9.999999776482582092 ) ) ;
#4396 = VECTOR ( 'NONE', #6200, 1000.000000000000000 ) ;
#4397 = CYLINDRICAL_SURFACE ( 'NONE', #3666, 2.000000000000001776 ) ;
#4398 = DIRECTION ( 'NONE',  ( -0.000000000000000000, -1.000000000000000000, -0.000000000000000000 ) ) ;
#4399 = CARTESIAN_POINT ( 'NONE',  ( -10.29999977648274267, 26.00000000000000000, 5.746735077631762501 ) ) ;
#4400 = ORIENTED_EDGE ( 'NONE', *, *, #1425, .F. ) ;
#4401 = ORIENTED_EDGE ( 'NONE', *, *, #1145, .T. ) ;
#4402 = CARTESIAN_POINT ( 'NONE',  ( 9.500000000000001776, 24.99999999999999645, -41.75326492236801101 ) ) ;
#4403 = ORIENTED_EDGE ( 'NONE', *, *, #370, .T. ) ;
#4404 = DIRECTION ( 'NONE',  ( 1.000000000000000000, 0.000000000000000000, -6.668549564830944681E-16 ) ) ;
#4405 = EDGE_CURVE ( 'NONE', #6132, #4598, #1731, .T. ) ;
#4406 = AXIS2_PLACEMENT_3D ( 'NONE', #1119, #3554, #3110 ) ;
#4407 = SURFACE_STYLE_USAGE ( .BOTH. , #5975 ) ;
#4408 = ORIENTED_EDGE ( 'NONE', *, *, #3664, .T. ) ;
#4409 = VERTEX_POINT ( 'NONE', #3227 ) ;
#4410 = ADVANCED_FACE ( 'NONE', ( #4646 ), #6175, .F. ) ;
#4411 = CARTESIAN_POINT ( 'NONE',  ( 3.903625226315856622, 5.539438843761821829, 34.42492653427843408 ) ) ;
#4412 = DIRECTION ( 'NONE',  ( -0.000000000000000000, -1.000000000000000000, -0.000000000000000000 ) ) ;
#4413 = LINE ( 'NONE', #4937, #5788 ) ;
#4414 = CARTESIAN_POINT ( 'NONE',  ( -12.50000000000000000, 120.7419196555744350, -40.75326492236801812 ) ) ;
#4415 = CARTESIAN_POINT ( 'NONE',  ( -11.50000000000000178, 5.000000000000000000, 17.24673507763198899 ) ) ;
#4416 = VERTEX_POINT ( 'NONE', #2200 ) ;
#4417 = DIRECTION ( 'NONE',  ( 0.000000000000000000, -1.000000000000000000, 0.000000000000000000 ) ) ;
#4418 = EDGE_CURVE ( 'NONE', #1799, #2798, #3622, .T. ) ;
#4419 = DIRECTION ( 'NONE',  ( 0.000000000000000000, 0.000000000000000000, 1.000000000000000000 ) ) ;
#4420 = FACE_OUTER_BOUND ( 'NONE', #2780, .T. ) ;
#4421 = CARTESIAN_POINT ( 'NONE',  ( 9.500000000000001776, 24.99999999999999645, 15.24673507763198188 ) ) ;
#4422 = VERTEX_POINT ( 'NONE', #4073 ) ;
#4423 = EDGE_LOOP ( 'NONE', ( #2386, #1322, #3429, #2168 ) ) ;
#4424 = ADVANCED_BREP_SHAPE_REPRESENTATION ( '', ( #2009, #3537 ), #1307 ) ;
#4425 = CARTESIAN_POINT ( 'NONE',  ( 16.50000000000000711, 5.000000000000000000, 12.24673507763198188 ) ) ;
#4426 = CIRCLE ( 'NONE', #1099, 21.80000000000003268 ) ;
#4427 = EDGE_CURVE ( 'NONE', #4176, #458, #1900, .T. ) ;
#4428 = DIRECTION ( 'NONE',  ( 1.000000000000000000, 0.000000000000000000, 0.000000000000000000 ) ) ;
#4429 = DIRECTION ( 'NONE',  ( 0.000000000000000000, 0.000000000000000000, 1.000000000000000000 ) ) ;
#4430 = CARTESIAN_POINT ( 'NONE',  ( -14.50000000000000178, 5.000000000000000000, -36.75326492236801812 ) ) ;
#4431 = DIRECTION ( 'NONE',  ( -1.000000000000000000, 0.000000000000000000, 2.392722035830077493E-16 ) ) ;
#4432 = ORIENTED_EDGE ( 'NONE', *, *, #4650, .T. ) ;
#4433 = VERTEX_POINT ( 'NONE', #3188 ) ;
#4434 = LINE ( 'NONE', #5432, #1575 ) ;
#4435 = ORIENTED_EDGE ( 'NONE', *, *, #3832, .T. ) ;
#4436 = CIRCLE ( 'NONE', #2001, 2.000000000000000000 ) ;
#4437 = CARTESIAN_POINT ( 'NONE',  ( -14.50000000000001066, 7.000000000000000000, -36.75326492236801812 ) ) ;
#4438 = ORIENTED_EDGE ( 'NONE', *, *, #5643, .T. ) ;
#4439 = ADVANCED_FACE ( 'NONE', ( #2135 ), #1320, .F. ) ;
#4440 = VECTOR ( 'NONE', #5398, 1000.000000000000000 ) ;
#4441 = PLANE ( 'NONE',  #602 ) ;
#4442 = VERTEX_POINT ( 'NONE', #5133 ) ;
#4443 = CARTESIAN_POINT ( 'NONE',  ( 11.50000000000000178, 5.000000000000000000, -45.75326492236801812 ) ) ;
#4444 = ORIENTED_EDGE ( 'NONE', *, *, #4100, .F. ) ;
#4445 = AXIS2_PLACEMENT_3D ( 'NONE', #2563, #4497, #160 ) ;
#4446 = LINE ( 'NONE', #2098, #2857 ) ;
#4447 = VECTOR ( 'NONE', #5035, 1000.000000000000000 ) ;
#4448 = DIRECTION ( 'NONE',  ( 0.000000000000000000, -1.000000000000000000, 0.000000000000000000 ) ) ;
#4449 = DIRECTION ( 'NONE',  ( 0.000000000000000000, -0.000000000000000000, 1.000000000000000000 ) ) ;
#4450 = VERTEX_POINT ( 'NONE', #3592 ) ;
#4451 = CARTESIAN_POINT ( 'NONE',  ( 18.86210869027524595, 19.48861149202360821, 47.92170358735440061 ) ) ;
#4452 = ORIENTED_EDGE ( 'NONE', *, *, #4233, .T. ) ;
#4453 = CARTESIAN_POINT ( 'NONE',  ( -8.063931798983098531, 26.00000000000000000, -37.85326402829834080 ) ) ;
#4454 = EDGE_CURVE ( 'NONE', #4044, #999, #4681, .T. ) ;
#4455 = AXIS2_PLACEMENT_3D ( 'NONE', #4263, #3853, #1880 ) ;
#4456 = CARTESIAN_POINT ( 'NONE',  ( 14.50000000000000000, 30.00000000000000000, -43.75326492236801812 ) ) ;
#4457 = CYLINDRICAL_SURFACE ( 'NONE', #3541, 19.80000000000001137 ) ;
#4458 = ORIENTED_EDGE ( 'NONE', *, *, #3173, .F. ) ;
#4459 = EDGE_CURVE ( 'NONE', #5290, #1638, #716, .T. ) ;
#4460 = ORIENTED_EDGE ( 'NONE', *, *, #2755, .F. ) ;
#4461 = CARTESIAN_POINT ( 'NONE',  ( 1.092199462745824690, 47.67033470926678262, 53.98898994833279374 ) ) ;
#4462 = VECTOR ( 'NONE', #2546, 1000.000000000000000 ) ;
#4463 = DIRECTION ( 'NONE',  ( 1.521687259628777768E-16, -0.000000000000000000, 1.000000000000000000 ) ) ;
#4464 = DIRECTION ( 'NONE',  ( 0.000000000000000000, -1.000000000000000000, 0.000000000000000000 ) ) ;
#4465 = CARTESIAN_POINT ( 'NONE',  ( 11.50000000000000178, 24.99999999999999645, 10.24673507763198188 ) ) ;
#4466 = EDGE_CURVE ( 'NONE', #2027, #1829, #3423, .T. ) ;
#4467 = CARTESIAN_POINT ( 'NONE',  ( 8.269461698712693944E-30, 27.00000000000000000, 37.42492653411379422 ) ) ;
#4468 = ORIENTED_EDGE ( 'NONE', *, *, #4849, .F. ) ;
#4469 = VECTOR ( 'NONE', #3006, 1000.000000000000000 ) ;
#4470 = ORIENTED_EDGE ( 'NONE', *, *, #542, .T. ) ;
#4471 = CARTESIAN_POINT ( 'NONE',  ( 12.29999977648221865, 26.00000000000000000, -33.61719605079833428 ) ) ;
#4472 = ORIENTED_EDGE ( 'NONE', *, *, #2225, .F. ) ;
#4473 = CARTESIAN_POINT ( 'NONE',  ( -3.053113317719180486E-13, 26.00000000000000000, -39.05326402829825128 ) ) ;
#4474 = VERTEX_POINT ( 'NONE', #4103 ) ;
#4475 = EDGE_CURVE ( 'NONE', #1638, #107, #2769, .T. ) ;
#4476 = DIRECTION ( 'NONE',  ( 0.000000000000000000, 1.000000000000000000, 0.000000000000000000 ) ) ;
#4477 = VERTEX_POINT ( 'NONE', #3256 ) ;
#4478 = DIRECTION ( 'NONE',  ( 0.000000000000000000, 1.000000000000000000, 0.000000000000000000 ) ) ;
#4479 = VECTOR ( 'NONE', #5872, 1000.000000000000000 ) ;
#4480 = AXIS2_PLACEMENT_3D ( 'NONE', #351, #5143, #2716 ) ;
#4481 = CARTESIAN_POINT ( 'NONE',  ( 17.00000092387199402, -7.749999873340129852, 9.999999776482582092 ) ) ;
#4482 = CYLINDRICAL_SURFACE ( 'NONE', #2539, 1.000000000000000888 ) ;
#4483 = VERTEX_POINT ( 'NONE', #5572 ) ;
#4484 = DIRECTION ( 'NONE',  ( 0.000000000000000000, 0.000000000000000000, 1.000000000000000000 ) ) ;
#4485 = VERTEX_POINT ( 'NONE', #5100 ) ;
#4486 = VERTEX_POINT ( 'NONE', #748 ) ;
#4487 = FACE_OUTER_BOUND ( 'NONE', #3094, .T. ) ;
#4488 = TOROIDAL_SURFACE ( 'NONE', #2761, 4.000000000000000000, 2.000000000000000000 ) ;
#4489 = CARTESIAN_POINT ( 'NONE',  ( 8.063931798982489241, 26.00000000000000000, -37.85326402829817738 ) ) ;
#4490 = EDGE_CURVE ( 'NONE', #5673, #5584, #2670, .T. ) ;
#4491 = LINE ( 'NONE', #86, #2321 ) ;
#4492 = ORIENTED_EDGE ( 'NONE', *, *, #832, .T. ) ;
#4493 = EDGE_LOOP ( 'NONE', ( #6088, #15, #3484, #3239 ) ) ;
#4494 = CARTESIAN_POINT ( 'NONE',  ( 20.30000000000001492, 55.00000000000000000, 47.33032854312337889 ) ) ;
#4495 = DIRECTION ( 'NONE',  ( 0.000000000000000000, 0.000000000000000000, 1.000000000000000000 ) ) ;
#4496 = DIRECTION ( 'NONE',  ( -1.000000000000000000, -0.000000000000000000, -0.000000000000000000 ) ) ;
#4497 = DIRECTION ( 'NONE',  ( 0.000000000000000000, 0.000000000000000000, -1.000000000000000000 ) ) ;
#4498 = CARTESIAN_POINT ( 'NONE',  ( -14.50000000000000000, 7.000000000000006217, -45.75326492236801812 ) ) ;
#4499 = ORIENTED_EDGE ( 'NONE', *, *, #4045, .T. ) ;
#4500 = CARTESIAN_POINT ( 'NONE',  ( -7.500000000000001776, 24.99999999999999645, 10.24673507763198366 ) ) ;
#4501 = DIRECTION ( 'NONE',  ( 0.000000000000000000, -1.000000000000000000, 0.000000000000000000 ) ) ;
#4502 = AXIS2_PLACEMENT_3D ( 'NONE', #3996, #4990, #4054 ) ;
#4503 = AXIS2_PLACEMENT_3D ( 'NONE', #2281, #6227, #6165 ) ;
#4504 = EDGE_CURVE ( 'NONE', #4813, #4276, #4613, .T. ) ;
#4505 = CARTESIAN_POINT ( 'NONE',  ( -25.80202020202020918, 55.00000000000000000, 44.57023394031651264 ) ) ;
#4506 = VERTEX_POINT ( 'NONE', #1764 ) ;
#4507 = CIRCLE ( 'NONE', #1780, 19.80000000000001137 ) ;
#4508 = CARTESIAN_POINT ( 'NONE',  ( -7.500000000000001776, 26.99999999999999645, 13.24673507763198899 ) ) ;
#4509 = ORIENTED_EDGE ( 'NONE', *, *, #4197, .F. ) ;
#4510 = EDGE_CURVE ( 'NONE', #6266, #4832, #5636, .T. ) ;
#4511 = AXIS2_PLACEMENT_3D ( 'NONE', #268, #5129, #2797 ) ;
#4512 = LINE ( 'NONE', #5088, #5761 ) ;
#4513 = CARTESIAN_POINT ( 'NONE',  ( 10.29999977648193976, 26.00000000000000000, 2.510667100131867002 ) ) ;
#4514 = ORIENTED_EDGE ( 'NONE', *, *, #5974, .T. ) ;
#4515 = CARTESIAN_POINT ( 'NONE',  ( -1.319146339772362175, 6.740103117919967524, 51.48420337224865051 ) ) ;
#4516 = ORIENTED_EDGE ( 'NONE', *, *, #925, .T. ) ;
#4517 = ORIENTED_EDGE ( 'NONE', *, *, #644, .F. ) ;
#4518 = CARTESIAN_POINT ( 'NONE',  ( 7.500000000000001776, 24.99999999999999645, -40.75326492236801812 ) ) ;
#4519 = AXIS2_PLACEMENT_3D ( 'NONE', #3301, #391, #5780 ) ;
#4520 = EDGE_CURVE ( 'NONE', #3878, #3785, #597, .T. ) ;
#4521 = CARTESIAN_POINT ( 'NONE',  ( 0.000000000000000000, 6.999999999999999112, -49.49999999999999289 ) ) ;
#4522 = FACE_OUTER_BOUND ( 'NONE', #6117, .T. ) ;
#4523 = ORIENTED_EDGE ( 'NONE', *, *, #4770, .T. ) ;
#4524 = CARTESIAN_POINT ( 'NONE',  ( 0.000000000000000000, 27.00000000000000000, 48.42492653411373738 ) ) ;
#4525 = ADVANCED_FACE ( 'NONE', ( #4711 ), #494, .F. ) ;
#4526 = DIRECTION ( 'NONE',  ( 0.000000000000000000, 0.000000000000000000, 1.000000000000000000 ) ) ;
#4527 = CARTESIAN_POINT ( 'NONE',  ( 7.500000000000001776, 26.99999999999999645, -43.75326492236801812 ) ) ;
#4528 = LINE ( 'NONE', #1077, #3742 ) ;
#4529 = DIRECTION ( 'NONE',  ( 0.4228854653311341361, 0.000000000000000000, -0.9061831399952605670 ) ) ;
#4530 = VERTEX_POINT ( 'NONE', #5319 ) ;
#4531 = CARTESIAN_POINT ( 'NONE',  ( 17.00000092387199402, -7.749999873340129852, 9.999999776482582092 ) ) ;
#4532 = DIRECTION ( 'NONE',  ( -6.668549564830944681E-16, 0.000000000000000000, -1.000000000000000000 ) ) ;
#4533 = CIRCLE ( 'NONE', #2302, 2.249999668232327554 ) ;
#4534 = EDGE_CURVE ( 'NONE', #1471, #3346, #4436, .T. ) ;
#4535 = CIRCLE ( 'NONE', #890, 2.000000000000001776 ) ;
#4536 = CARTESIAN_POINT ( 'NONE',  ( 0.000000000000000000, 0.000000000000000000, 0.000000000000000000 ) ) ;
#4537 = ORIENTED_EDGE ( 'NONE', *, *, #1709, .F. ) ;
#4538 = DIRECTION ( 'NONE',  ( 0.000000000000000000, 0.000000000000000000, 1.000000000000000000 ) ) ;
#4539 = EDGE_CURVE ( 'NONE', #3031, #1799, #3344, .T. ) ;
#4540 = AXIS2_PLACEMENT_3D ( 'NONE', #5453, #1516, #1981 ) ;
#4541 = CARTESIAN_POINT ( 'NONE',  ( -11.50000000000000178, 7.000000000000006217, -43.75326492236801812 ) ) ;
#4542 = CARTESIAN_POINT ( 'NONE',  ( -9.500000000000001776, 5.000000000000000000, 15.24673507763198188 ) ) ;
#4543 = FACE_OUTER_BOUND ( 'NONE', #1284, .T. ) ;
#4544 = CARTESIAN_POINT ( 'NONE',  ( 12.39601246322559547, 10.91085138430563184, 49.98863341435613705 ) ) ;
#4545 =( GEOMETRIC_REPRESENTATION_CONTEXT ( 3 ) GLOBAL_UNCERTAINTY_ASSIGNED_CONTEXT ( ( #1898 ) ) GLOBAL_UNIT_ASSIGNED_CONTEXT ( ( #5051, #800, #4159 ) ) REPRESENTATION_CONTEXT ( 'NONE', 'WORKASPACE' ) );
#4546 = ORIENTED_EDGE ( 'NONE', *, *, #2062, .F. ) ;
#4547 = AXIS2_PLACEMENT_3D ( 'NONE', #1242, #2193, #740 ) ;
#4548 = CYLINDRICAL_SURFACE ( 'NONE', #5943, 2.000000000000001776 ) ;
#4549 = CIRCLE ( 'NONE', #3434, 19.30000000000006821 ) ;
#4550 = CARTESIAN_POINT ( 'NONE',  ( 20.80000000000000782, 55.00000000000000000, 34.42492653411373738 ) ) ;
#4551 = CYLINDRICAL_SURFACE ( 'NONE', #908, 2.000000000000000000 ) ;
#4552 = EDGE_LOOP ( 'NONE', ( #1894, #5631, #3260, #2571, #2207, #2080, #991 ) ) ;
#4553 = EDGE_CURVE ( 'NONE', #3167, #2997, #2414, .T. ) ;
#4554 = VERTEX_POINT ( 'NONE', #3310 ) ;
#4555 = TOROIDAL_SURFACE ( 'NONE', #5276, 4.000000000000000000, 2.000000000000000000 ) ;
#4556 = CARTESIAN_POINT ( 'NONE',  ( -11.50000000000000178, 7.000000000000000000, -40.75326492236801812 ) ) ;
#4557 = FACE_OUTER_BOUND ( 'NONE', #5896, .T. ) ;
#4558 = FACE_OUTER_BOUND ( 'NONE', #4423, .T. ) ;
#4559 = CARTESIAN_POINT ( 'NONE',  ( -3.053113317719180486E-13, 26.00000000000000000, -39.05326402829825128 ) ) ;
#4560 = FACE_OUTER_BOUND ( 'NONE', #5036, .T. ) ;
#4561 = ORIENTED_EDGE ( 'NONE', *, *, #987, .T. ) ;
#4562 = PLANE ( 'NONE',  #2782 ) ;
#4563 = ORIENTED_EDGE ( 'NONE', *, *, #287, .T. ) ;
#4564 = AXIS2_PLACEMENT_3D ( 'NONE', #2977, #5335, #5399 ) ;
#4565 = UNCERTAINTY_MEASURE_WITH_UNIT (LENGTH_MEASURE( 1.000000000000000082E-05 ), #1432, 'distance_accuracy_value', 'NONE');
#4566 = DIRECTION ( 'NONE',  ( 1.224646799147353454E-16, 0.000000000000000000, -1.000000000000000000 ) ) ;
#4567 = ADVANCED_FACE ( 'NONE', ( #1941 ), #3403, .F. ) ;
#4568 = EDGE_LOOP ( 'NONE', ( #742, #2156, #3224, #848 ) ) ;
#4569 = CARTESIAN_POINT ( 'NONE',  ( 7.500000000000001776, 7.000000000000000000, -41.75326492236801101 ) ) ;
#4570 = DIRECTION ( 'NONE',  ( 1.000000000000000000, 0.000000000000000000, 0.000000000000000000 ) ) ;
#4571 = DIRECTION ( 'NONE',  ( 0.000000000000000000, 0.000000000000000000, -1.000000000000000000 ) ) ;
#4572 = DIRECTION ( 'NONE',  ( -0.000000000000000000, 0.000000000000000000, 1.000000000000000000 ) ) ;
#4573 = B_SPLINE_CURVE_WITH_KNOTS ( 'NONE', 3,
 ( #4244, #1773, #1230, #3265, #4690, #2682, #3166, #5179, #3798, #6218, #857, #280, #4152, #1357, #5112, #411, #2334, #2811, #3770, #829 ),
 .UNSPECIFIED., .F., .F.,
 ( 4, 2, 2, 2, 2, 2, 2, 2, 2, 4 ),
 ( 0.000000000000000000, 0.0004885268510702326034, 0.0009770537021404652068, 0.001465580553210697702, 0.001954107404280929980, 0.002442634255351162909, 0.002931161106421395404, 0.003419687957491628332, 0.003663951383026754337, 0.003908214808561879909 ),
 .UNSPECIFIED. ) ;
#4574 = EDGE_CURVE ( 'NONE', #4433, #2523, #877, .T. ) ;
#4575 = CYLINDRICAL_SURFACE ( 'NONE', #2021, 2.000000000000001776 ) ;
#4576 = ORIENTED_EDGE ( 'NONE', *, *, #5381, .T. ) ;
#4577 = CIRCLE ( 'NONE', #4785, 2.249999686647422781 ) ;
#4578 = CARTESIAN_POINT ( 'NONE',  ( -20.30000000000000782, 55.00000000000000000, 36.92492653411373738 ) ) ;
#4579 = VECTOR ( 'NONE', #5515, 1000.000000000000000 ) ;
#4580 = DIRECTION ( 'NONE',  ( 0.000000000000000000, 0.000000000000000000, 1.000000000000000000 ) ) ;
#4581 = ADVANCED_FACE ( 'NONE', ( #1378 ), #6238, .T. ) ;
#4582 = DIRECTION ( 'NONE',  ( 0.000000000000000000, 0.000000000000000000, -1.000000000000000000 ) ) ;
#4583 = ORIENTED_EDGE ( 'NONE', *, *, #6090, .F. ) ;
#4584 = ORIENTED_EDGE ( 'NONE', *, *, #2883, .F. ) ;
#4585 = DIRECTION ( 'NONE',  ( 0.000000000000000000, 0.000000000000000000, 1.000000000000000000 ) ) ;
#4586 = EDGE_LOOP ( 'NONE', ( #5817, #2038, #4175, #2328 ) ) ;
#4587 = CARTESIAN_POINT ( 'NONE',  ( -16.99982397258281708, 7.749999873340129852, 4.999999888241291046 ) ) ;
#4588 = EDGE_CURVE ( 'NONE', #2690, #713, #4071, .T. ) ;
#4589 = CIRCLE ( 'NONE', #435, 2.000000000000001776 ) ;
#4590 = DIRECTION ( 'NONE',  ( 0.000000000000000000, 0.000000000000000000, -1.000000000000000000 ) ) ;
#4591 = CARTESIAN_POINT ( 'NONE',  ( 8.674099376880661794, 5.000000000000000000, 32.42492653411373027 ) ) ;
#4592 = CARTESIAN_POINT ( 'NONE',  ( -24.80000000000000071, 7.000000000000000000, 42.83935106884789690 ) ) ;
#4593 = EDGE_LOOP ( 'NONE', ( #4452, #5248, #2171, #311 ) ) ;
#4594 = DIRECTION ( 'NONE',  ( -0.000000000000000000, -0.000000000000000000, -1.000000000000000000 ) ) ;
#4595 = EDGE_CURVE ( 'NONE', #382, #1330, #5018, .T. ) ;
#4596 = LINE ( 'NONE', #3106, #3479 ) ;
#4597 = CARTESIAN_POINT ( 'NONE',  ( 22.80000000000000782, 6.999999999999999112, 36.42492653411373738 ) ) ;
#4598 = VERTEX_POINT ( 'NONE', #3883 ) ;
#4599 = CARTESIAN_POINT ( 'NONE',  ( -7.500000000000001776, 24.99999999999999645, -43.75326492236801812 ) ) ;
#4600 = AXIS2_PLACEMENT_3D ( 'NONE', #3809, #6199, #5778 ) ;
#4601 = EDGE_CURVE ( 'NONE', #1992, #2666, #934, .T. ) ;
#4602 = DIRECTION ( 'NONE',  ( -1.000000000000000000, 0.000000000000000000, 1.176083712526649195E-16 ) ) ;
#4603 = DIRECTION ( 'NONE',  ( 0.000000000000000000, 0.000000000000000000, -1.000000000000000000 ) ) ;
#4604 = CYLINDRICAL_SURFACE ( 'NONE', #3760, 0.4999996183698215413 ) ;
#4605 = ORIENTED_EDGE ( 'NONE', *, *, #604, .T. ) ;
#4606 = CIRCLE ( 'NONE', #1967, 0.4999999999999991673 ) ;
#4607 = DIRECTION ( 'NONE',  ( -0.000000000000000000, 1.000000000000000000, -0.000000000000000000 ) ) ;
#4608 = ORIENTED_EDGE ( 'NONE', *, *, #3580, .F. ) ;
#4609 = EDGE_LOOP ( 'NONE', ( #2153, #1687 ) ) ;
#4610 = DIRECTION ( 'NONE',  ( 0.000000000000000000, -1.000000000000000000, 0.000000000000000000 ) ) ;
#4611 = EDGE_CURVE ( 'NONE', #2940, #3553, #5668, .T. ) ;
#4612 = VECTOR ( 'NONE', #5315, 1000.000000000000000 ) ;
#4613 = LINE ( 'NONE', #270, #894 ) ;
#4614 = DIRECTION ( 'NONE',  ( -0.000000000000000000, 1.000000000000000000, -0.000000000000000000 ) ) ;
#4615 = VERTEX_POINT ( 'NONE', #2863 ) ;
#4616 = ORIENTED_EDGE ( 'NONE', *, *, #5942, .F. ) ;
#4617 = AXIS2_PLACEMENT_3D ( 'NONE', #2155, #6067, #1204 ) ;
#4618 = LINE ( 'NONE', #312, #2077 ) ;
#4619 = ORIENTED_EDGE ( 'NONE', *, *, #5406, .T. ) ;
#4620 = AXIS2_PLACEMENT_3D ( 'NONE', #1114, #4988, #2567 ) ;
#4621 = ADVANCED_FACE ( 'NONE', ( #4802 ), #1101, .F. ) ;
#4622 = AXIS2_PLACEMENT_3D ( 'NONE', #2714, #1192, #6025 ) ;
#4623 = LINE ( 'NONE', #4148, #3415 ) ;
#4624 = B_SPLINE_CURVE_WITH_KNOTS ( 'NONE', 3,
 ( #4162, #4193, #231, #5659, #1309, #1209, #1688, #2192, #4126, #2158 ),
 .UNSPECIFIED., .F., .F.,
 ( 4, 2, 2, 2, 4 ),
 ( 0.000000000000000000, 0.001649902308795755425, 0.003299804617591510850, 0.004949706926387276683, 0.006599609235183042516 ),
 .UNSPECIFIED. ) ;
#4625 = CARTESIAN_POINT ( 'NONE',  ( -10.96666644314958994, 30.00000000000000000, -35.10790803579844521 ) ) ;
#4626 = LINE ( 'NONE', #4657, #138 ) ;
#4627 = VERTEX_POINT ( 'NONE', #3435 ) ;
#4628 = ORIENTED_EDGE ( 'NONE', *, *, #892, .T. ) ;
#4629 = CARTESIAN_POINT ( 'NONE',  ( -15.09346121785695516, 0.7500000065192584664, 9.999999776482582092 ) ) ;
#4630 = AXIS2_PLACEMENT_3D ( 'NONE', #4082, #5177, #1675 ) ;
#4631 = FACE_OUTER_BOUND ( 'NONE', #4208, .T. ) ;
#4632 = ORIENTED_EDGE ( 'NONE', *, *, #409, .T. ) ;
#4633 = CARTESIAN_POINT ( 'NONE',  ( -22.80000000000000782, 55.00000000000000000, 36.42492653411374448 ) ) ;
#4634 = AXIS2_PLACEMENT_3D ( 'NONE', #2839, #4779, #3824 ) ;
#4635 = CYLINDRICAL_SURFACE ( 'NONE', #2194, 2.000000000000017319 ) ;
#4636 = CARTESIAN_POINT ( 'NONE',  ( -14.50000000000001066, 26.99999999999999645, 13.24673507763199076 ) ) ;
#4637 = PRODUCT_DEFINITION_SHAPE ( 'NONE', 'NONE',  #4725 ) ;
#4638 = ORIENTED_EDGE ( 'NONE', *, *, #4121, .T. ) ;
#4639 = LINE ( 'NONE', #298, #3042 ) ;
#4640 = ORIENTED_EDGE ( 'NONE', *, *, #1218, .T. ) ;
#4641 = CARTESIAN_POINT ( 'NONE',  ( -14.50000000000001066, 120.7419196555744350, 13.24673507763199432 ) ) ;
#4642 = VERTEX_POINT ( 'NONE', #4971 ) ;
#4643 = CARTESIAN_POINT ( 'NONE',  ( 6.062213426842607333, 6.047826097630724540, 34.42492653425121318 ) ) ;
#4644 = AXIS2_PLACEMENT_3D ( 'NONE', #2006, #4007, #3029 ) ;
#4645 = AXIS2_PLACEMENT_3D ( 'NONE', #3452, #4920, #2395 ) ;
#4646 = FACE_OUTER_BOUND ( 'NONE', #3799, .T. ) ;
#4647 = CARTESIAN_POINT ( 'NONE',  ( -14.99999966472387314, -5.750000011175870895, 9.999999776482582092 ) ) ;
#4648 = ORIENTED_EDGE ( 'NONE', *, *, #4324, .T. ) ;
#4649 = VERTEX_POINT ( 'NONE', #4481 ) ;
#4650 = EDGE_CURVE ( 'NONE', #3180, #327, #3733, .T. ) ;
#4651 = CARTESIAN_POINT ( 'NONE',  ( 0.000000000000000000, 0.000000000000000000, 9.999999776482582092 ) ) ;
#4652 = AXIS2_PLACEMENT_3D ( 'NONE', #5588, #1236, #5083 ) ;
#4653 = AXIS2_PLACEMENT_3D ( 'NONE', #1505, #2479, #3343 ) ;
#4654 = DIRECTION ( 'NONE',  ( 0.5010101010100983521, 0.000000000000000000, 0.8654414357343027664 ) ) ;
#4655 = DIRECTION ( 'NONE',  ( 0.000000000000000000, 0.000000000000000000, -1.000000000000000000 ) ) ;
#4656 = DIRECTION ( 'NONE',  ( 0.000000000000000000, 0.000000000000000000, 1.000000000000000000 ) ) ;
#4657 = CARTESIAN_POINT ( 'NONE',  ( 6.613092715395707467E-15, 55.00000000000000000, 54.00000000000000000 ) ) ;
#4658 = AXIS2_PLACEMENT_3D ( 'NONE', #3405, #3282, #3790 ) ;
#4659 = EDGE_LOOP ( 'NONE', ( #957, #1097, #5602, #4307, #985, #5596, #5279, #134 ) ) ;
#4660 = ORIENTED_EDGE ( 'NONE', *, *, #1751, .F. ) ;
#4661 = EDGE_CURVE ( 'NONE', #3149, #706, #144, .T. ) ;
#4662 = DIRECTION ( 'NONE',  ( 0.000000000000000000, -0.000000000000000000, -1.000000000000000000 ) ) ;
#4663 = DIRECTION ( 'NONE',  ( -1.000000000000000000, 0.000000000000000000, 0.000000000000000000 ) ) ;
#4664 = CIRCLE ( 'NONE', #1015, 54.00000000000000000 ) ;
#4665 = AXIS2_PLACEMENT_3D ( 'NONE', #5597, #2664, #5158 ) ;
#4666 = CARTESIAN_POINT ( 'NONE',  ( 12.50000000000000533, 23.00000000000000000, 8.246735077631981881 ) ) ;
#4667 = ORIENTED_EDGE ( 'NONE', *, *, #789, .F. ) ;
#4668 = FACE_OUTER_BOUND ( 'NONE', #4932, .T. ) ;
#4669 = AXIS2_PLACEMENT_3D ( 'NONE', #3583, #4274, #1178 ) ;
#4670 = ADVANCED_FACE ( 'NONE', ( #2575 ), #1567, .F. ) ;
#4671 = CARTESIAN_POINT ( 'NONE',  ( 0.000000000000000000, 6.999999999999999112, 0.000000000000000000 ) ) ;
#4672 = CARTESIAN_POINT ( 'NONE',  ( -3.612645341681391287, 5.000000000000002665, 33.07355395521003771 ) ) ;
#4673 = ORIENTED_EDGE ( 'NONE', *, *, #5899, .F. ) ;
#4674 = DIRECTION ( 'NONE',  ( 0.000000000000000000, -1.000000000000000000, 0.000000000000000000 ) ) ;
#4675 = ORIENTED_EDGE ( 'NONE', *, *, #1170, .T. ) ;
#4676 = ORIENTED_EDGE ( 'NONE', *, *, #947, .F. ) ;
#4677 = CARTESIAN_POINT ( 'NONE',  ( -11.50000000000000178, 23.00000000000000000, -36.75326492236801812 ) ) ;
#4678 = PRESENTATION_LAYER_ASSIGNMENT (  '', '', ( #3865 ) ) ;
#4679 = VERTEX_POINT ( 'NONE', #4004 ) ;
#4680 = CARTESIAN_POINT ( 'NONE',  ( 7.220339181664587436, 5.000000000000000000, 32.49453526444337115 ) ) ;
#4681 = LINE ( 'NONE', #1665, #5970 ) ;
#4682 = FACE_OUTER_BOUND ( 'NONE', #4315, .T. ) ;
#4683 = ORIENTED_EDGE ( 'NONE', *, *, #2966, .T. ) ;
#4684 = ORIENTED_EDGE ( 'NONE', *, *, #2686, .F. ) ;
#4685 = CARTESIAN_POINT ( 'NONE',  ( -12.29999977648332887, 26.00000000000000000, 2.510667100132145002 ) ) ;
#4686 = CIRCLE ( 'NONE', #4788, 2.000000000000000000 ) ;
#4687 = ADVANCED_FACE ( 'NONE', ( #4999 ), #998, .F. ) ;
#4688 = CYLINDRICAL_SURFACE ( 'NONE', #1186, 2.000000000000001776 ) ;
#4689 = DIRECTION ( 'NONE',  ( 0.000000000000000000, 0.000000000000000000, 1.000000000000000000 ) ) ;
#4690 = CARTESIAN_POINT ( 'NONE',  ( -0.9990764904997402329, 47.53126828129564529, 51.49043751990522111 ) ) ;
#4691 = ORIENTED_EDGE ( 'NONE', *, *, #3340, .T. ) ;
#4692 = ORIENTED_EDGE ( 'NONE', *, *, #118, .T. ) ;
#4693 = CARTESIAN_POINT ( 'NONE',  ( 21.62287565553231516, 25.90290208919732962, 34.60205087858143713 ) ) ;
#4694 = TOROIDAL_SURFACE ( 'NONE', #944, 4.000000000000000000, 2.000000000000000000 ) ;
#4695 = EDGE_CURVE ( 'NONE', #1510, #5500, #2618, .T. ) ;
#4696 = DIRECTION ( 'NONE',  ( -1.000000000000000000, 0.000000000000000000, -0.000000000000000000 ) ) ;
#4697 = SHAPE_DEFINITION_REPRESENTATION ( #4637, #3918 ) ;
#4698 = CARTESIAN_POINT ( 'NONE',  ( 7.500000000000002665, 26.99999999999999645, 15.24673507763198543 ) ) ;
#4699 = DIRECTION ( 'NONE',  ( 0.000000000000000000, 0.000000000000000000, 1.000000000000000000 ) ) ;
#4700 = EDGE_CURVE ( 'NONE', #146, #1397, #3530, .T. ) ;
#4701 = CARTESIAN_POINT ( 'NONE',  ( -14.50000000000001066, 23.00000000000000000, -36.75326492236801812 ) ) ;
#4702 = DIRECTION ( 'NONE',  ( 0.000000000000000000, 0.000000000000000000, 1.000000000000000000 ) ) ;
#4703 = CARTESIAN_POINT ( 'NONE',  ( -18.19138445294700901, 17.96651096285704696, 48.18128197531009960 ) ) ;
#4704 = ORIENTED_EDGE ( 'NONE', *, *, #5713, .F. ) ;
#4705 = CLOSED_SHELL ( 'NONE', ( #5461, #5204, #5645, #2389 ) ) ;
#4706 = CARTESIAN_POINT ( 'NONE',  ( 12.50000000000000178, 120.7419196555744350, -41.75326492236801101 ) ) ;
#4707 = VERTEX_POINT ( 'NONE', #1597 ) ;
#4708 = EDGE_CURVE ( 'NONE', #5500, #4366, #5480, .T. ) ;
#4709 = AXIS2_PLACEMENT_3D ( 'NONE', #354, #3169, #4219 ) ;
#4710 = VECTOR ( 'NONE', #68, 1000.000000000000000 ) ;
#4711 = FACE_OUTER_BOUND ( 'NONE', #4881, .T. ) ;
#4712 = CARTESIAN_POINT ( 'NONE',  ( 0.000000000000000000, 27.00000000000000000, 48.42492653411373738 ) ) ;
#4713 = EDGE_LOOP ( 'NONE', ( #5336, #5941, #169, #4797 ) ) ;
#4714 = VERTEX_POINT ( 'NONE', #1027 ) ;
#4715 = CARTESIAN_POINT ( 'NONE',  ( -20.30000000000001847, 55.00000000000000000, 47.33032854312336468 ) ) ;
#4716 = EDGE_CURVE ( 'NONE', #3124, #1935, #3121, .T. ) ;
#4717 = AXIS2_PLACEMENT_3D ( 'NONE', #3061, #2637, #119 ) ;
#4718 = FILL_AREA_STYLE ('',( #1293 ) ) ;
#4719 = VECTOR ( 'NONE', #3526, 1000.000000000000000 ) ;
#4720 = CARTESIAN_POINT ( 'NONE',  ( 19.99999955296516418, -9.999999776482582092, 0.000000000000000000 ) ) ;
#4721 = CARTESIAN_POINT ( 'NONE',  ( 10.29999977648260590, 26.00000000000000000, 4.746735077632068034 ) ) ;
#4722 = DIRECTION ( 'NONE',  ( 0.000000000000000000, 0.000000000000000000, -1.000000000000000000 ) ) ;
#4723 = ORIENTED_EDGE ( 'NONE', *, *, #1302, .F. ) ;
#4724 = ORIENTED_EDGE ( 'NONE', *, *, #4929, .T. ) ;
#4725 = PRODUCT_DEFINITION ( 'UNKNOWN', '', #3129, #1779 ) ;
#4726 = CARTESIAN_POINT ( 'NONE',  ( 14.50000000000000178, 23.00000000000000000, -36.75326492236801812 ) ) ;
#4727 = VERTEX_POINT ( 'NONE', #2511 ) ;
#4728 = VECTOR ( 'NONE', #859, 1000.000000000000114 ) ;
#4729 = CYLINDRICAL_SURFACE ( 'NONE', #5812, 51.50000000000000000 ) ;
#4730 = DIRECTION ( 'NONE',  ( 0.000000000000000000, 1.000000000000000000, 0.000000000000000000 ) ) ;
#4731 = VERTEX_POINT ( 'NONE', #3057 ) ;
#4732 = EDGE_CURVE ( 'NONE', #3553, #16, #2409, .T. ) ;
#4733 = CARTESIAN_POINT ( 'NONE',  ( 12.50000000000000533, 120.7419196555744350, 15.24673507763198366 ) ) ;
#4734 = AXIS2_PLACEMENT_3D ( 'NONE', #39, #4862, #2440 ) ;
#4735 = DIRECTION ( 'NONE',  ( -0.000000000000000000, 1.000000000000000000, -0.000000000000000000 ) ) ;
#4736 = ORIENTED_EDGE ( 'NONE', *, *, #2175, .T. ) ;
#4737 = ADVANCED_FACE ( 'NONE', ( #5445 ), #5167, .F. ) ;
#4738 = DIRECTION ( 'NONE',  ( -0.000000000000000000, -1.000000000000000000, 0.000000000000000000 ) ) ;
#4739 = ORIENTED_EDGE ( 'NONE', *, *, #1994, .F. ) ;
#4740 = AXIS2_PLACEMENT_3D ( 'NONE', #2527, #3545, #128 ) ;
#4741 = CARTESIAN_POINT ( 'NONE',  ( -0.8259448290367964463, 49.24178806923329432, 53.99371391934059972 ) ) ;
#4742 = DIRECTION ( 'NONE',  ( -0.000000000000000000, 1.000000000000000000, -0.000000000000000000 ) ) ;
#4743 = ORIENTED_EDGE ( 'NONE', *, *, #2868, .F. ) ;
#4744 = ORIENTED_EDGE ( 'NONE', *, *, #542, .F. ) ;
#4745 = DIRECTION ( 'NONE',  ( 1.000000000000000000, 0.000000000000000000, 0.000000000000000000 ) ) ;
#4746 = VERTEX_POINT ( 'NONE', #112 ) ;
#4747 = TOROIDAL_SURFACE ( 'NONE', #3624, 49.49999999999999289, 2.000000000000000000 ) ;
#4748 = CARTESIAN_POINT ( 'NONE',  ( -1.250000000000000444, 48.30000000000001847, 53.98553046882099693 ) ) ;
#4749 = EDGE_CURVE ( 'NONE', #3827, #4707, #4338, .T. ) ;
#4750 = CARTESIAN_POINT ( 'NONE',  ( 8.847564458826717108E-05, -5.750000011175870895, 2.999999999999998668 ) ) ;
#4751 = CARTESIAN_POINT ( 'NONE',  ( -12.50000000000000000, 120.7419196555744350, -41.75326492236801101 ) ) ;
#4752 = ORIENTED_EDGE ( 'NONE', *, *, #6036, .T. ) ;
#4753 = ORIENTED_EDGE ( 'NONE', *, *, #166, .T. ) ;
#4754 = COLOUR_RGB ( '',0.7921568627450980005, 0.8196078431372548767, 0.9333333333333333481 ) ;
#4755 = CIRCLE ( 'NONE', #5567, 2.000000000000000000 ) ;
#4756 = DIRECTION ( 'NONE',  ( -0.000000000000000000, -1.000000000000000000, -0.000000000000000000 ) ) ;
#4757 = CIRCLE ( 'NONE', #5682, 20.30000000000000782 ) ;
#4758 = LINE ( 'NONE', #5333, #2560 ) ;
#4759 =( NAMED_UNIT ( * ) SI_UNIT ( $, .STERADIAN. ) SOLID_ANGLE_UNIT ( ) );
#4760 = CARTESIAN_POINT ( 'NONE',  ( -16.99982397258282063, 2.015564357861876488, 10.02646417955923042 ) ) ;
#4761 = DIRECTION ( 'NONE',  ( -1.000000000000000000, 0.000000000000000000, 2.392722035830077493E-16 ) ) ;
#4762 = VECTOR ( 'NONE', #2384, 1000.000000000000000 ) ;
#4763 = EDGE_CURVE ( 'NONE', #4433, #107, #522, .T. ) ;
#4764 = EDGE_CURVE ( 'NONE', #2584, #6160, #4383, .T. ) ;
#4765 = DIRECTION ( 'NONE',  ( 0.000000000000000000, 0.000000000000000000, 1.000000000000000000 ) ) ;
#4766 = ORIENTED_EDGE ( 'NONE', *, *, #5305, .F. ) ;
#4767 = DIRECTION ( 'NONE',  ( 0.000000000000000000, 1.000000000000000000, 0.000000000000000000 ) ) ;
#4768 = VERTEX_POINT ( 'NONE', #77 ) ;
#4769 = CIRCLE ( 'NONE', #834, 2.000000000000001776 ) ;
#4770 = EDGE_CURVE ( 'NONE', #3283, #4768, #1197, .T. ) ;
#4771 = CARTESIAN_POINT ( 'NONE',  ( -8.674099376880663570, 5.000000000000000000, 32.42492653411373738 ) ) ;
#4772 = CARTESIAN_POINT ( 'NONE',  ( -21.62287565553231872, 26.45282525082070890, 34.60205087858145845 ) ) ;
#4773 = CARTESIAN_POINT ( 'NONE',  ( -14.99999966472387314, -5.750000011175870895, 4.999999888241291046 ) ) ;
#4774 = EDGE_LOOP ( 'NONE', ( #2017, #6193, #403, #5526 ) ) ;
#4775 = EDGE_LOOP ( 'NONE', ( #2407, #2040, #5162, #1181, #6118, #752, #3321, #6292 ) ) ;
#4776 = DIRECTION ( 'NONE',  ( 0.4228854653311131528, 0.000000000000000000, 0.9061831399952704480 ) ) ;
#4777 = CIRCLE ( 'NONE', #2548, 3.999999999999996447 ) ;
#4778 = ADVANCED_FACE ( 'NONE', ( #587 ), #4747, .F. ) ;
#4779 = DIRECTION ( 'NONE',  ( 0.000000000000000000, -1.000000000000000000, 0.000000000000000000 ) ) ;
#4780 = DIRECTION ( 'NONE',  ( 0.4226189496394524014, 0.000000000000000000, -0.9063074662638755941 ) ) ;
#4781 = FACE_OUTER_BOUND ( 'NONE', #6205, .T. ) ;
#4782 = ORIENTED_EDGE ( 'NONE', *, *, #1108, .T. ) ;
#4783 = ORIENTED_EDGE ( 'NONE', *, *, #867, .F. ) ;
#4784 = VECTOR ( 'NONE', #4496, 1000.000000000000000 ) ;
#4785 = AXIS2_PLACEMENT_3D ( 'NONE', #3046, #2054, #1586 ) ;
#4786 = DIRECTION ( 'NONE',  ( 1.000000000000000000, -0.000000000000000000, -1.176083712526648949E-16 ) ) ;
#4787 = ADVANCED_FACE ( 'NONE', ( #807 ), #774, .F. ) ;
#4788 = AXIS2_PLACEMENT_3D ( 'NONE', #215, #5542, #3631 ) ;
#4789 = FACE_OUTER_BOUND ( 'NONE', #2432, .T. ) ;
#4790 = LINE ( 'NONE', #3453, #5081 ) ;
#4791 = VERTEX_POINT ( 'NONE', #3718 ) ;
#4792 = CARTESIAN_POINT ( 'NONE',  ( -14.69037735642265119, 7.749999873340129852, 9.999999776482582092 ) ) ;
#4793 = CARTESIAN_POINT ( 'NONE',  ( 10.29999977648260590, 30.00000000000000000, 5.746735077631937472 ) ) ;
#4794 = AXIS2_PLACEMENT_3D ( 'NONE', #2756, #4696, #2280 ) ;
#4795 = ADVANCED_FACE ( 'NONE', ( #1148 ), #2603, .T. ) ;
#4796 = DIRECTION ( 'NONE',  ( 0.4226189496394527345, -0.000000000000000000, -0.9063074662638754830 ) ) ;
#4797 = ORIENTED_EDGE ( 'NONE', *, *, #5899, .T. ) ;
#4798 = CARTESIAN_POINT ( 'NONE',  ( 6.613092715395707467E-15, 55.00000000000000000, 54.00000000000000000 ) ) ;
#4799 = ORIENTED_EDGE ( 'NONE', *, *, #1391, .F. ) ;
#4800 = EDGE_CURVE ( 'NONE', #4276, #6212, #6010, .T. ) ;
#4801 = CARTESIAN_POINT ( 'NONE',  ( -0.6735818006283729176, 5.000000000000000000, 33.53576339426486896 ) ) ;
#4802 = FACE_OUTER_BOUND ( 'NONE', #4713, .T. ) ;
#4803 = CARTESIAN_POINT ( 'NONE',  ( 12.50000000000000355, 24.99999999999999645, 8.246735077631981881 ) ) ;
#4804 = EDGE_LOOP ( 'NONE', ( #2335, #2655, #3706, #1790 ) ) ;
#4805 = EDGE_LOOP ( 'NONE', ( #3838, #5824, #52, #2356, #1609, #3065 ) ) ;
#4806 = DIRECTION ( 'NONE',  ( -0.4226189496394527345, -0.000000000000000000, 0.9063074662638755941 ) ) ;
#4807 = ADVANCED_FACE ( 'NONE', ( #264 ), #1714, .F. ) ;
#4808 = VECTOR ( 'NONE', #3391, 1000.000000000000000 ) ;
#4809 = AXIS2_PLACEMENT_3D ( 'NONE', #5714, #2369, #4341 ) ;
#4810 = CARTESIAN_POINT ( 'NONE',  ( -1.091893056867955458, 47.66981067685455287, 53.98899622242333862 ) ) ;
#4811 = CARTESIAN_POINT ( 'NONE',  ( -14.99999966472387314, -0.7777105220971687327, 9.999999776482582092 ) ) ;
#4812 = DIRECTION ( 'NONE',  ( -0.4226189496394526790, 0.000000000000000000, 0.9063074662638754830 ) ) ;
#4813 = VERTEX_POINT ( 'NONE', #3178 ) ;
#4814 = ORIENTED_EDGE ( 'NONE', *, *, #3496, .F. ) ;
#4815 = CIRCLE ( 'NONE', #3195, 2.000000000000000000 ) ;
#4816 = EDGE_CURVE ( 'NONE', #1159, #5032, #1656, .T. ) ;
#4817 = DIRECTION ( 'NONE',  ( 0.000000000000000000, 0.000000000000000000, 1.000000000000000000 ) ) ;
#4818 = AXIS2_PLACEMENT_3D ( 'NONE', #684, #3507, #2607 ) ;
#4819 = DIRECTION ( 'NONE',  ( 0.000000000000000000, -1.000000000000000000, 0.000000000000000000 ) ) ;
#4820 = DIRECTION ( 'NONE',  ( -0.9063074662638742618, -5.658317549880035571E-08, -0.4226189496394514022 ) ) ;
#4821 = LINE ( 'NONE', #4399, #2249 ) ;
#4822 = ORIENTED_EDGE ( 'NONE', *, *, #4316, .F. ) ;
#4823 = PRODUCT_CONTEXT ( 'NONE', #379, 'mechanical' ) ;
#4824 = ORIENTED_EDGE ( 'NONE', *, *, #4601, .T. ) ;
#4825 = CARTESIAN_POINT ( 'NONE',  ( 0.000000000000000000, 5.000000000000000000, 0.000000000000000000 ) ) ;
#4826 = ORIENTED_EDGE ( 'NONE', *, *, #3673, .T. ) ;
#4827 = VECTOR ( 'NONE', #770, 1000.000000000000000 ) ;
#4828 = CARTESIAN_POINT ( 'NONE',  ( -16.99982397258281708, 7.749999873340129852, 4.999999888241291046 ) ) ;
#4829 = AXIS2_PLACEMENT_3D ( 'NONE', #694, #2115, #4590 ) ;
#4830 = EDGE_CURVE ( 'NONE', #2633, #3312, #5973, .T. ) ;
#4831 = CARTESIAN_POINT ( 'NONE',  ( -1.250000000000000444, 48.46514997711178552, 51.48482786219646101 ) ) ;
#4832 = VERTEX_POINT ( 'NONE', #1211 ) ;
#4833 = DIRECTION ( 'NONE',  ( 0.000000000000000000, 1.000000000000000000, 0.000000000000000000 ) ) ;
#4834 = EDGE_LOOP ( 'NONE', ( #3519, #2807, #2362, #1138, #3604, #5206, #3610, #952, #205, #1774, #1893, #2250, #5589, #1455, #1691, #1415, #5298, #1061, #289, #5882, #5784, #5420, #1153, #3185 ) ) ;
#4835 = CARTESIAN_POINT ( 'NONE',  ( 11.50000000000000178, 7.000000000000000000, 17.24673507763198188 ) ) ;
#4836 = CARTESIAN_POINT ( 'NONE',  ( -0.5541425683483920395, 49.42345319281146487, 53.99720977099022434 ) ) ;
#4837 = DIRECTION ( 'NONE',  ( -7.394498096507159090E-15, 0.000000000000000000, 1.000000000000000000 ) ) ;
#4838 = FACE_OUTER_BOUND ( 'NONE', #538, .T. ) ;
#4839 = ORIENTED_EDGE ( 'NONE', *, *, #1683, .T. ) ;
#4840 = EDGE_LOOP ( 'NONE', ( #5450, #4889, #3628, #4403 ) ) ;
#4841 = CARTESIAN_POINT ( 'NONE',  ( -15.09346121785695516, 1.250000006519258022, 9.812038312545594110 ) ) ;
#4842 = VECTOR ( 'NONE', #6092, 1000.000000000000114 ) ;
#4843 = CARTESIAN_POINT ( 'NONE',  ( -14.99999966472387314, 5.750000011175870895, 9.999999776482582092 ) ) ;
#4844 = EDGE_CURVE ( 'NONE', #6281, #3127, #1308, .T. ) ;
#4845 = DIRECTION ( 'NONE',  ( 0.000000000000000000, -0.000000000000000000, -1.000000000000000000 ) ) ;
#4846 = FACE_OUTER_BOUND ( 'NONE', #4906, .T. ) ;
#4847 = ORIENTED_EDGE ( 'NONE', *, *, #4427, .F. ) ;
#4848 = CARTESIAN_POINT ( 'NONE',  ( -16.99982397258281708, 7.749999873340129852, 9.999999776482582092 ) ) ;
#4849 = EDGE_CURVE ( 'NONE', #2995, #4021, #2256, .T. ) ;
#4850 = CARTESIAN_POINT ( 'NONE',  ( -14.69037735642265297, 7.749999873340129852, 9.999999776482582092 ) ) ;
#4851 = AXIS2_PLACEMENT_3D ( 'NONE', #3642, #3141, #4190 ) ;
#4852 = DIRECTION ( 'NONE',  ( -2.392722035830077493E-16, 0.000000000000000000, -1.000000000000000000 ) ) ;
#4853 = FACE_OUTER_BOUND ( 'NONE', #5848, .T. ) ;
#4854 = AXIS2_PLACEMENT_3D ( 'NONE', #4194, #2730, #4127 ) ;
#4855 = VERTEX_POINT ( 'NONE', #6072 ) ;
#4856 = FACE_OUTER_BOUND ( 'NONE', #2597, .T. ) ;
#4857 = EDGE_LOOP ( 'NONE', ( #5103, #5845, #1718, #2442 ) ) ;
#4858 = CARTESIAN_POINT ( 'NONE',  ( 10.29999977648222220, 26.00000000000000000, -33.61719605079834849 ) ) ;
#4859 = EDGE_CURVE ( 'NONE', #5919, #6132, #3582, .T. ) ;
#4860 = CIRCLE ( 'NONE', #5677, 2.000000000000001776 ) ;
#4861 = EDGE_CURVE ( 'NONE', #2267, #5729, #6103, .T. ) ;
#4862 = DIRECTION ( 'NONE',  ( -1.000000000000000000, 0.000000000000000000, 2.392722035830077493E-16 ) ) ;
#4863 = CARTESIAN_POINT ( 'NONE',  ( -14.99999966472387314, 2.015564302498801030, 9.999999776482582092 ) ) ;
#4864 = ORIENTED_EDGE ( 'NONE', *, *, #3716, .T. ) ;
#4865 = CIRCLE ( 'NONE', #1010, 0.4999996183698215413 ) ;
#4866 = CARTESIAN_POINT ( 'NONE',  ( -7.500000000000001776, 24.99999999999999645, 12.24673507763198543 ) ) ;
#4867 = EDGE_LOOP ( 'NONE', ( #3810, #1921, #2398, #3869 ) ) ;
#4868 = EDGE_CURVE ( 'NONE', #5673, #1549, #1723, .T. ) ;
#4869 = ADVANCED_FACE ( 'NONE', ( #295 ), #4247, .T. ) ;
#4870 = CARTESIAN_POINT ( 'NONE',  ( -3.842636303371505413, 5.528098426603182958, 34.42492653427298421 ) ) ;
#4871 = CARTESIAN_POINT ( 'NONE',  ( 0.000000000000000000, 6.999999999999999112, 0.000000000000000000 ) ) ;
#4872 = FACE_OUTER_BOUND ( 'NONE', #5170, .T. ) ;
#4873 = CARTESIAN_POINT ( 'NONE',  ( 8.773726047632909086, 26.00000000000000000, 6.746735077632055599 ) ) ;
#4874 = VERTEX_POINT ( 'NONE', #3647 ) ;
#4875 = ORIENTED_EDGE ( 'NONE', *, *, #5861, .F. ) ;
#4876 = DIRECTION ( 'NONE',  ( -1.000000000000000000, 0.000000000000000000, -1.075606490245633122E-14 ) ) ;
#4877 = CIRCLE ( 'NONE', #1126, 2.000000000000000000 ) ;
#4878 = CARTESIAN_POINT ( 'NONE',  ( -9.554643783982848859, 26.00000000000000000, 5.413401744298468543 ) ) ;
#4879 = CARTESIAN_POINT ( 'NONE',  ( -16.99982397258281708, -2.500000000000000000, 10.02646417955922686 ) ) ;
#4880 = PLANE ( 'NONE',  #5218 ) ;
#4881 = EDGE_LOOP ( 'NONE', ( #1299, #2624, #2396, #5316 ) ) ;
#4882 = CARTESIAN_POINT ( 'NONE',  ( -14.50000000000001066, 120.7419196555744350, 15.24673507763199076 ) ) ;
#4883 = ADVANCED_FACE ( 'NONE', ( #2227 ), #2159, .F. ) ;
#4884 = FACE_OUTER_BOUND ( 'NONE', #1798, .T. ) ;
#4885 = CARTESIAN_POINT ( 'NONE',  ( 16.50000000000000711, 5.000000000000000000, 13.24673507763198721 ) ) ;
#4886 = CARTESIAN_POINT ( 'NONE',  ( 20.80000000000000782, 6.999999999999999112, 36.42492653411373738 ) ) ;
#4887 = ORIENTED_EDGE ( 'NONE', *, *, #1141, .T. ) ;
#4888 = CIRCLE ( 'NONE', #3773, 1.000000000000000000 ) ;
#4889 = ORIENTED_EDGE ( 'NONE', *, *, #3073, .T. ) ;
#4890 = CARTESIAN_POINT ( 'NONE',  ( 11.50000000000000178, 7.000000000000000000, 8.246735077631981881 ) ) ;
#4891 = DIRECTION ( 'NONE',  ( 0.000000000000000000, 1.000000000000000000, 0.000000000000000000 ) ) ;
#4892 = ADVANCED_FACE ( 'NONE', ( #4163 ), #5561, .F. ) ;
#4893 = CONICAL_SURFACE ( 'NONE', #5303, 18.80000000000001492, 0.7853981633974419507 ) ;
#4894 = B_SPLINE_CURVE_WITH_KNOTS ( 'NONE', 3,
 ( #3277, #4280, #956, #1902, #3813, #2319, #2287, #4312, #2854, #870, #2887, #5814, #6263, #927, #1438, #1817, #5, #3844, #4831, #5313 ),
 .UNSPECIFIED., .F., .F.,
 ( 4, 2, 2, 2, 2, 2, 2, 2, 2, 4 ),
 ( 0.003908214808561879909, 0.004396631159825648179, 0.004885047511089417316, 0.005373463862353185586, 0.005861880213616953855, 0.006350296564880722125, 0.006594504740512601923, 0.006838712916144481721, 0.007327129267408256930, 0.007815545618672030403 ),
 .UNSPECIFIED. ) ;
#4895 = CARTESIAN_POINT ( 'NONE',  ( -20.30000000000000782, 27.00000000000000000, 36.92492653411373738 ) ) ;
#4896 = VERTEX_POINT ( 'NONE', #3218 ) ;
#4897 = DIRECTION ( 'NONE',  ( 0.000000000000000000, 0.000000000000000000, -1.000000000000000000 ) ) ;
#4898 = ORIENTED_EDGE ( 'NONE', *, *, #4732, .F. ) ;
#4899 = ADVANCED_FACE ( 'NONE', ( #5155 ), #5266, .F. ) ;
#4900 = AXIS2_PLACEMENT_3D ( 'NONE', #5493, #4919, #1011 ) ;
#4901 = CARTESIAN_POINT ( 'NONE',  ( -3.573885414584744957, 5.000000000000000000, 33.08121911239543067 ) ) ;
#4902 = CARTESIAN_POINT ( 'NONE',  ( -20.30000000000000782, 55.00000000000000000, 36.92492653411373738 ) ) ;
#4903 = CARTESIAN_POINT ( 'NONE',  ( 16.50000000000000711, 7.000000000000006217, 12.24673507763198188 ) ) ;
#4904 = DIRECTION ( 'NONE',  ( -0.4226189496394526790, -0.000000000000000000, 0.9063074662638754830 ) ) ;
#4905 = DIRECTION ( 'NONE',  ( 1.176083712526649195E-16, 0.000000000000000000, 1.000000000000000000 ) ) ;
#4906 = EDGE_LOOP ( 'NONE', ( #6028, #6014, #5130, #273 ) ) ;
#4907 = DIRECTION ( 'NONE',  ( 0.000000000000000000, 0.000000000000000000, 1.000000000000000000 ) ) ;
#4908 = CARTESIAN_POINT ( 'NONE',  ( -14.69037735642265119, 5.750000011175870895, 9.999999776482582092 ) ) ;
#4909 = DIRECTION ( 'NONE',  ( -0.000000000000000000, 1.000000000000000000, -0.000000000000000000 ) ) ;
#4910 = CARTESIAN_POINT ( 'NONE',  ( 9.500000000000001776, 24.99999999999999645, 12.24673507763198188 ) ) ;
#4911 = ORIENTED_EDGE ( 'NONE', *, *, #6285, .F. ) ;
#4912 = EDGE_CURVE ( 'NONE', #830, #3060, #2496, .T. ) ;
#4913 = VERTEX_POINT ( 'NONE', #1012 ) ;
#4914 = CARTESIAN_POINT ( 'NONE',  ( 19.99999955296516418, 9.999999776482582092, 4.999999888241291046 ) ) ;
#4915 = AXIS2_PLACEMENT_3D ( 'NONE', #1335, #3270, #889 ) ;
#4916 = CARTESIAN_POINT ( 'NONE',  ( 12.50000000000000000, 26.99999999999999645, -36.75326492236801812 ) ) ;
#4917 = AXIS2_PLACEMENT_3D ( 'NONE', #3102, #3137, #4663 ) ;
#4918 = VECTOR ( 'NONE', #406, 1000.000000000000000 ) ;
#4919 = DIRECTION ( 'NONE',  ( 0.000000000000000000, 1.000000000000000000, 0.000000000000000000 ) ) ;
#4920 = DIRECTION ( 'NONE',  ( -0.000000000000000000, -1.000000000000000000, -0.000000000000000000 ) ) ;
#4921 = CARTESIAN_POINT ( 'NONE',  ( -16.57720468938351033, -2.015564336822064817, 9.999999776482585645 ) ) ;
#4922 = ORIENTED_EDGE ( 'NONE', *, *, #4101, .T. ) ;
#4923 = ORIENTED_EDGE ( 'NONE', *, *, #2731, .T. ) ;
#4924 = LINE ( 'NONE', #575, #2581 ) ;
#4925 = EDGE_LOOP ( 'NONE', ( #5002, #3440, #3406, #681 ) ) ;
#4926 = CYLINDRICAL_SURFACE ( 'NONE', #2474, 2.000000000000001776 ) ;
#4927 = ORIENTED_EDGE ( 'NONE', *, *, #1533, .T. ) ;
#4928 = VECTOR ( 'NONE', #2667, 1000.000000000000000 ) ;
#4929 = EDGE_CURVE ( 'NONE', #2417, #4707, #2818, .T. ) ;
#4930 = VECTOR ( 'NONE', #1811, 1000.000000000000000 ) ;
#4931 = CARTESIAN_POINT ( 'NONE',  ( 14.69055430771182635, -5.750000011175870895, 9.999999776482582092 ) ) ;
#4932 = EDGE_LOOP ( 'NONE', ( #2757, #844, #2355, #4826 ) ) ;
#4933 = VECTOR ( 'NONE', #5019, 1000.000000000000000 ) ;
#4934 = CARTESIAN_POINT ( 'NONE',  ( -12.50000000000000178, 23.00000000000000000, -36.75326492236801812 ) ) ;
#4935 = ORIENTED_EDGE ( 'NONE', *, *, #4868, .F. ) ;
#4936 = AXIS2_PLACEMENT_3D ( 'NONE', #3803, #4817, #1360 ) ;
#4937 = CARTESIAN_POINT ( 'NONE',  ( 25.80202020202020918, 55.00000000000000000, 44.57023394031651264 ) ) ;
#4938 = EDGE_LOOP ( 'NONE', ( #616, #5775, #2726 ) ) ;
#4939 = EDGE_CURVE ( 'NONE', #6020, #5894, #90, .T. ) ;
#4940 = CARTESIAN_POINT ( 'NONE',  ( 16.49665158959058076, 15.15150575065927541, 48.78792800859285705 ) ) ;
#4941 = ORIENTED_EDGE ( 'NONE', *, *, #1361, .T. ) ;
#4942 = CARTESIAN_POINT ( 'NONE',  ( -10.96666644314958994, 26.00000000000000000, -35.10790803579844521 ) ) ;
#4943 = ADVANCED_FACE ( 'NONE', ( #5660 ), #2909, .F. ) ;
#4944 = CARTESIAN_POINT ( 'NONE',  ( 0.000000000000000000, 55.00000000000000000, 0.000000000000000000 ) ) ;
#4945 = CARTESIAN_POINT ( 'NONE',  ( -14.69037735642265119, -5.750000011175870895, 9.999999776482582092 ) ) ;
#4946 = ORIENTED_EDGE ( 'NONE', *, *, #1226, .T. ) ;
#4947 = ORIENTED_EDGE ( 'NONE', *, *, #4732, .T. ) ;
#4948 = VERTEX_POINT ( 'NONE', #3250 ) ;
#4949 = DIRECTION ( 'NONE',  ( -1.000000000000000000, 0.000000000000000000, 2.392722035830077493E-16 ) ) ;
#4950 = CIRCLE ( 'NONE', #3612, 2.000000000000003553 ) ;
#4951 = EDGE_CURVE ( 'NONE', #6172, #830, #1491, .T. ) ;
#4952 = DIRECTION ( 'NONE',  ( 0.000000000000000000, 0.000000000000000000, 1.000000000000000000 ) ) ;
#4953 = DIRECTION ( 'NONE',  ( 0.000000000000000000, 0.000000000000000000, 1.000000000000000000 ) ) ;
#4954 = CARTESIAN_POINT ( 'NONE',  ( 19.99999955296516418, -9.999999776482582092, 4.999999888241291046 ) ) ;
#4955 = ORIENTED_EDGE ( 'NONE', *, *, #387, .T. ) ;
#4956 = VERTEX_POINT ( 'NONE', #4885 ) ;
#4957 = LINE ( 'NONE', #3492, #5724 ) ;
#4958 = ORIENTED_EDGE ( 'NONE', *, *, #4595, .F. ) ;
#4959 = AXIS2_PLACEMENT_3D ( 'NONE', #2728, #4091, #1788 ) ;
#4960 = CARTESIAN_POINT ( 'NONE',  ( -6.961359767642286478, 26.00000000000000000, 5.900964146969708501 ) ) ;
#4961 = ORIENTED_EDGE ( 'NONE', *, *, #5997, .T. ) ;
#4962 = CIRCLE ( 'NONE', #5972, 3.999999999999996447 ) ;
#4963 = AXIS2_PLACEMENT_3D ( 'NONE', #232, #6042, #5028 ) ;
#4964 = CIRCLE ( 'NONE', #5808, 2.000000000000001776 ) ;
#4965 = CARTESIAN_POINT ( 'NONE',  ( 11.50000000000000178, 24.99999999999999645, 8.246735077631981881 ) ) ;
#4966 = ORIENTED_EDGE ( 'NONE', *, *, #166, .F. ) ;
#4967 = FACE_OUTER_BOUND ( 'NONE', #253, .T. ) ;
#4968 = VERTEX_POINT ( 'NONE', #4368 ) ;
#4969 = EDGE_CURVE ( 'NONE', #66, #1837, #840, .T. ) ;
#4970 = CIRCLE ( 'NONE', #3846, 2.000000000000001776 ) ;
#4971 = CARTESIAN_POINT ( 'NONE',  ( 7.500000000000001776, 5.000000000000000000, 12.24673507763198188 ) ) ;
#4972 = LINE ( 'NONE', #2604, #4462 ) ;
#4973 = DIRECTION ( 'NONE',  ( 0.000000000000000000, 0.000000000000000000, 1.000000000000000000 ) ) ;
#4974 = ORIENTED_EDGE ( 'NONE', *, *, #506, .T. ) ;
#4975 = CARTESIAN_POINT ( 'NONE',  ( 20.80000000000000782, 55.00000000000000000, 36.42492653411373738 ) ) ;
#4976 = AXIS2_PLACEMENT_3D ( 'NONE', #3363, #4735, #448 ) ;
#4977 = EDGE_CURVE ( 'NONE', #4348, #4450, #5670, .T. ) ;
#4978 = CARTESIAN_POINT ( 'NONE',  ( -20.80000000000000782, 5.000000000000000000, 32.42492653411373738 ) ) ;
#4979 = FACE_OUTER_BOUND ( 'NONE', #3959, .T. ) ;
#4980 = ORIENTED_EDGE ( 'NONE', *, *, #5454, .T. ) ;
#4981 = EDGE_CURVE ( 'NONE', #3457, #3696, #2976, .T. ) ;
#4982 = AXIS2_PLACEMENT_3D ( 'NONE', #552, #2070, #3616 ) ;
#4983 = DIRECTION ( 'NONE',  ( -0.9063074662638742618, -5.658317549880035571E-08, -0.4226189496394514022 ) ) ;
#4984 = DIRECTION ( 'NONE',  ( 1.000000000000000000, 0.000000000000000000, 0.000000000000000000 ) ) ;
#4985 = PLANE ( 'NONE',  #4445 ) ;
#4986 = CARTESIAN_POINT ( 'NONE',  ( -14.99999966472387314, 5.750000011175870895, 4.999999888241291046 ) ) ;
#4987 = COLOUR_RGB ( '',0.7921568627450980005, 0.8196078431372548767, 0.9333333333333333481 ) ;
#4988 = DIRECTION ( 'NONE',  ( 1.176083712526648949E-16, 0.000000000000000000, 1.000000000000000000 ) ) ;
#4989 = EDGE_CURVE ( 'NONE', #1087, #5234, #3867, .T. ) ;
#4990 = DIRECTION ( 'NONE',  ( 0.000000000000000000, 1.000000000000000000, 0.000000000000000000 ) ) ;
#4991 = EDGE_CURVE ( 'NONE', #4727, #1558, #196, .T. ) ;
#4992 = CARTESIAN_POINT ( 'NONE',  ( 0.000000000000000000, 55.00000000000000000, 0.000000000000000000 ) ) ;
#4993 = VERTEX_POINT ( 'NONE', #1341 ) ;
#4994 = EDGE_CURVE ( 'NONE', #4008, #2940, #3328, .T. ) ;
#4995 = CARTESIAN_POINT ( 'NONE',  ( 20.80000000000000782, 5.000000000000000000, 32.42492653411373027 ) ) ;
#4996 = CIRCLE ( 'NONE', #2754, 2.000000000000001776 ) ;
#4997 = CARTESIAN_POINT ( 'NONE',  ( 0.000000000000000000, 55.00000000000000000, 0.000000000000000000 ) ) ;
#4998 = CIRCLE ( 'NONE', #239, 2.000000000000000000 ) ;
#4999 = FACE_OUTER_BOUND ( 'NONE', #1096, .T. ) ;
#5000 = CARTESIAN_POINT ( 'NONE',  ( -2.726273952367047393, 26.00000000000000000, 10.24673507763198899 ) ) ;
#5001 = CARTESIAN_POINT ( 'NONE',  ( -1.657639828458162157, 6.764975584299818046, 51.47441386919300044 ) ) ;
#5002 = ORIENTED_EDGE ( 'NONE', *, *, #2141, .T. ) ;
#5003 = VERTEX_POINT ( 'NONE', #2286 ) ;
#5004 = EDGE_CURVE ( 'NONE', #582, #5566, #3276, .T. ) ;
#5005 = DIRECTION ( 'NONE',  ( -3.469446951953611033E-15, 0.000000000000000000, 1.000000000000000000 ) ) ;
#5006 = VECTOR ( 'NONE', #3172, 1000.000000000000000 ) ;
#5007 = DIRECTION ( 'NONE',  ( -0.000000000000000000, -1.000000000000000000, -0.000000000000000000 ) ) ;
#5008 = DIRECTION ( 'NONE',  ( 1.000000000000000000, 0.000000000000000000, 0.000000000000000000 ) ) ;
#5009 = ORIENTED_EDGE ( 'NONE', *, *, #307, .F. ) ;
#5010 = EDGE_CURVE ( 'NONE', #2267, #2690, #5740, .T. ) ;
#5011 = CARTESIAN_POINT ( 'NONE',  ( 1.209893146694133170, 47.97546251923596117, 53.98644657389921520 ) ) ;
#5012 = DIRECTION ( 'NONE',  ( -0.000000000000000000, 1.000000000000000000, -0.000000000000000000 ) ) ;
#5013 = DIRECTION ( 'NONE',  ( 1.521687259628777768E-16, -0.000000000000000000, 1.000000000000000000 ) ) ;
#5014 = DIRECTION ( 'NONE',  ( 0.000000000000000000, 1.000000000000000000, 0.000000000000000000 ) ) ;
#5015 = ORIENTED_EDGE ( 'NONE', *, *, #3734, .F. ) ;
#5016 = EDGE_CURVE ( 'NONE', #1531, #1853, #3836, .T. ) ;
#5017 = VECTOR ( 'NONE', #5809, 1000.000000000000000 ) ;
#5018 =( BOUNDED_CURVE ( )  B_SPLINE_CURVE ( 3, ( #3761, #1851, #3789, #5726 ),
 .UNSPECIFIED., .F., .T. ) 
 B_SPLINE_CURVE_WITH_KNOTS ( ( 4, 4 ),
 ( 4.920126815335525094, 5.046873138489248234 ),
 .UNSPECIFIED. ) 
 CURVE ( )  GEOMETRIC_REPRESENTATION_ITEM ( )  RATIONAL_B_SPLINE_CURVE ( ( 1.000000000000000000, 0.9986617287795509501, 0.9986617287795509501, 1.000000000000000000 ) ) 
 REPRESENTATION_ITEM ( '' )  );
#5019 = DIRECTION ( 'NONE',  ( -0.000000000000000000, 1.000000000000000000, -0.000000000000000000 ) ) ;
#5020 = LINE ( 'NONE', #2596, #5021 ) ;
#5021 = VECTOR ( 'NONE', #1171, 1000.000000000000114 ) ;
#5022 = VECTOR ( 'NONE', #3765, 1000.000000000000000 ) ;
#5023 = VERTEX_POINT ( 'NONE', #509 ) ;
#5024 = VECTOR ( 'NONE', #2580, 1000.000000000000000 ) ;
#5025 = CARTESIAN_POINT ( 'NONE',  ( 10.29999977648260590, 26.00000000000000000, 4.746735077632068034 ) ) ;
#5026 = ADVANCED_FACE ( 'NONE', ( #4336 ), #1924, .T. ) ;
#5027 = AXIS2_PLACEMENT_3D ( 'NONE', #3089, #3478, #5956 ) ;
#5028 = DIRECTION ( 'NONE',  ( -1.000000000000000000, 0.000000000000000000, 2.392722035830077493E-16 ) ) ;
#5029 = DIRECTION ( 'NONE',  ( 0.000000000000000000, 1.000000000000000000, 0.000000000000000000 ) ) ;
#5030 = VERTEX_POINT ( 'NONE', #5518 ) ;
#5031 = CARTESIAN_POINT ( 'NONE',  ( 19.77277213971959213, 22.35554873817094901, 47.55320848310270776 ) ) ;
#5032 = VERTEX_POINT ( 'NONE', #668 ) ;
#5033 = FACE_OUTER_BOUND ( 'NONE', #751, .T. ) ;
#5034 = CYLINDRICAL_SURFACE ( 'NONE', #4332, 2.249999686647422781 ) ;
#5035 = DIRECTION ( 'NONE',  ( -0.000000000000000000, 0.000000000000000000, 1.000000000000000000 ) ) ;
#5036 = EDGE_LOOP ( 'NONE', ( #1793, #513, #2766, #4546, #2698, #779, #1323, #831 ) ) ;
#5037 = ORIENTED_EDGE ( 'NONE', *, *, #902, .T. ) ;
#5038 = DIRECTION ( 'NONE',  ( -0.000000000000000000, -0.000000000000000000, -1.000000000000000000 ) ) ;
#5039 = EDGE_CURVE ( 'NONE', #5302, #2417, #641, .T. ) ;
#5040 = CARTESIAN_POINT ( 'NONE',  ( 8.418828923307865253, 30.00000000000000000, 4.778474924312426708 ) ) ;
#5041 = CARTESIAN_POINT ( 'NONE',  ( 0.000000000000000000, 5.000000000000000000, -49.49999999999999289 ) ) ;
#5042 = CARTESIAN_POINT ( 'NONE',  ( 14.69055430771182813, 7.749999873340129852, 9.999999776482582092 ) ) ;
#5043 = DIRECTION ( 'NONE',  ( -0.5010101010101011276, 0.000000000000000000, 0.8654414357343011011 ) ) ;
#5044 = EDGE_LOOP ( 'NONE', ( #2505, #5473, #4660 ) ) ;
#5045 = FACE_OUTER_BOUND ( 'NONE', #2125, .T. ) ;
#5046 = ORIENTED_EDGE ( 'NONE', *, *, #2906, .T. ) ;
#5047 = AXIS2_PLACEMENT_3D ( 'NONE', #4018, #4526, #4428 ) ;
#5048 = VECTOR ( 'NONE', #6102, 1000.000000000000000 ) ;
#5049 = CARTESIAN_POINT ( 'NONE',  ( 12.50000000000000533, 6.999999999999999112, 12.24673507763198188 ) ) ;
#5050 = VECTOR ( 'NONE', #2262, 1000.000000000000000 ) ;
#5051 =( LENGTH_UNIT ( ) NAMED_UNIT ( * ) SI_UNIT ( .MILLI., .METRE. ) );
#5052 = EDGE_LOOP ( 'NONE', ( #3588, #3253, #5261, #3989 ) ) ;
#5053 = FACE_OUTER_BOUND ( 'NONE', #5600, .T. ) ;
#5054 = VECTOR ( 'NONE', #2430, 1000.000000000000000 ) ;
#5055 = EDGE_CURVE ( 'NONE', #4422, #5403, #4528, .T. ) ;
#5056 = DIRECTION ( 'NONE',  ( 0.000000000000000000, 0.000000000000000000, 1.000000000000000000 ) ) ;
#5057 = CARTESIAN_POINT ( 'NONE',  ( 2.895761108300481279, 4.999999999999999112, 33.22181272859209145 ) ) ;
#5058 = CARTESIAN_POINT ( 'NONE',  ( -19.23900157842199121, 20.38993161395347187, 47.77456815970715098 ) ) ;
#5059 = VERTEX_POINT ( 'NONE', #3608 ) ;
#5060 = ORIENTED_EDGE ( 'NONE', *, *, #4574, .T. ) ;
#5061 = VECTOR ( 'NONE', #5463, 1000.000000000000000 ) ;
#5062 = ORIENTED_EDGE ( 'NONE', *, *, #2189, .T. ) ;
#5063 = CARTESIAN_POINT ( 'NONE',  ( 7.500000000000001776, 24.99999999999999645, 15.24673507763198188 ) ) ;
#5064 = ADVANCED_FACE ( 'NONE', ( #1167 ), #1556, .F. ) ;
#5065 = VECTOR ( 'NONE', #2969, 1000.000000000000000 ) ;
#5066 = DIRECTION ( 'NONE',  ( 0.000000000000000000, 1.000000000000000000, 0.000000000000000000 ) ) ;
#5067 = PLANE ( 'NONE',  #4349 ) ;
#5068 = ORIENTED_EDGE ( 'NONE', *, *, #40, .F. ) ;
#5069 = ORIENTED_EDGE ( 'NONE', *, *, #5828, .T. ) ;
#5070 = DIRECTION ( 'NONE',  ( 0.000000000000000000, 0.000000000000000000, -1.000000000000000000 ) ) ;
#5071 = VERTEX_POINT ( 'NONE', #130 ) ;
#5072 = VECTOR ( 'NONE', #3190, 1000.000000000000114 ) ;
#5073 = DIRECTION ( 'NONE',  ( 1.000000000000000000, 0.000000000000000000, 0.000000000000000000 ) ) ;
#5074 = SURFACE_STYLE_USAGE ( .BOTH. , #5140 ) ;
#5075 = CARTESIAN_POINT ( 'NONE',  ( -12.50000000000001066, 7.000000000000000000, 17.24673507763198899 ) ) ;
#5076 = CARTESIAN_POINT ( 'NONE',  ( -16.57720468938351033, 2.015564357861876488, 9.120155997975347262 ) ) ;
#5077 = DIRECTION ( 'NONE',  ( 1.521687259628777768E-16, -0.000000000000000000, 1.000000000000000000 ) ) ;
#5078 = VERTEX_POINT ( 'NONE', #1644 ) ;
#5079 = EDGE_CURVE ( 'NONE', #2700, #2771, #2013, .T. ) ;
#5080 = CARTESIAN_POINT ( 'NONE',  ( 21.38199799568244686, 23.17470899194919554, 34.51035906707336665 ) ) ;
#5081 = VECTOR ( 'NONE', #3387, 1000.000000000000114 ) ;
#5082 = CARTESIAN_POINT ( 'NONE',  ( 19.99999955296516418, 9.999999776482582092, 4.999999888241291046 ) ) ;
#5083 = DIRECTION ( 'NONE',  ( 0.000000000000000000, 0.000000000000000000, 1.000000000000000000 ) ) ;
#5084 = ORIENTED_EDGE ( 'NONE', *, *, #4951, .T. ) ;
#5085 = EDGE_CURVE ( 'NONE', #3127, #3283, #4755, .T. ) ;
#5086 = DIRECTION ( 'NONE',  ( 1.521687259628777768E-16, -0.000000000000000000, 1.000000000000000000 ) ) ;
#5087 = AXIS2_PLACEMENT_3D ( 'NONE', #1078, #5902, #2497 ) ;
#5088 = CARTESIAN_POINT ( 'NONE',  ( 9.554643783982324834, 26.00000000000000000, -36.51993069496482036 ) ) ;
#5089 = DIRECTION ( 'NONE',  ( -0.000000000000000000, 1.000000000000000000, -0.000000000000000000 ) ) ;
#5090 = CARTESIAN_POINT ( 'NONE',  ( -1.455845184594583674, 5.000000000000000000, 33.46390072101863922 ) ) ;
#5091 = ORIENTED_EDGE ( 'NONE', *, *, #6253, .T. ) ;
#5092 = CIRCLE ( 'NONE', #2140, 2.000000000000001776 ) ;
#5093 = CARTESIAN_POINT ( 'NONE',  ( -15.18110926161544683, 0.7500000065192584664, 9.999999776482582092 ) ) ;
#5094 = EDGE_LOOP ( 'NONE', ( #3887, #4468, #5369, #2781 ) ) ;
#5095 = VERTEX_POINT ( 'NONE', #5042 ) ;
#5096 = EDGE_CURVE ( 'NONE', #1471, #4855, #2413, .T. ) ;
#5097 = CARTESIAN_POINT ( 'NONE',  ( -10.29999977648290965, 26.00000000000000000, -35.85326402829836923 ) ) ;
#5098 = AXIS2_PLACEMENT_3D ( 'NONE', #1640, #3567, #1162 ) ;
#5099 = DIRECTION ( 'NONE',  ( -0.000000000000000000, -1.000000000000000000, -0.000000000000000000 ) ) ;
#5100 = CARTESIAN_POINT ( 'NONE',  ( -15.31238605851200774, -2.015564252510658072, 10.81333096083625911 ) ) ;
#5101 = DIRECTION ( 'NONE',  ( 0.000000000000000000, -1.000000000000000000, 0.000000000000000000 ) ) ;
#5102 = ORIENTED_EDGE ( 'NONE', *, *, #5004, .F. ) ;
#5103 = ORIENTED_EDGE ( 'NONE', *, *, #2346, .T. ) ;
#5104 = EDGE_CURVE ( 'NONE', #353, #5003, #3994, .T. ) ;
#5105 = CARTESIAN_POINT ( 'NONE',  ( -9.500000000000001776, 5.000000000000000000, -40.75326492236801812 ) ) ;
#5106 = EDGE_LOOP ( 'NONE', ( #4237, #1694, #655, #4616 ) ) ;
#5107 = CIRCLE ( 'NONE', #6219, 2.000000000000001776 ) ;
#5108 = DIRECTION ( 'NONE',  ( 0.000000000000000000, -1.000000000000000000, 0.000000000000000000 ) ) ;
#5109 = EDGE_CURVE ( 'NONE', #5894, #6020, #609, .T. ) ;
#5110 = CARTESIAN_POINT ( 'NONE',  ( -14.50000000000001066, 23.00000000000000000, -38.75326492236801812 ) ) ;
#5111 = DIRECTION ( 'NONE',  ( 1.000000000000000000, 0.000000000000000000, 0.000000000000000000 ) ) ;
#5112 = CARTESIAN_POINT ( 'NONE',  ( 1.092128256978871059, 47.67020123528142506, 51.48845690934024333 ) ) ;
#5113 = ORIENTED_EDGE ( 'NONE', *, *, #852, .T. ) ;
#5114 = CARTESIAN_POINT ( 'NONE',  ( -16.99982397258281708, 7.749999873340129852, 9.999999776482582092 ) ) ;
#5115 = CARTESIAN_POINT ( 'NONE',  ( -14.99999966472387314, -2.015564255940224037, 9.999999776482582092 ) ) ;
#5116 = CARTESIAN_POINT ( 'NONE',  ( -14.50000000000001066, 7.000000000000006217, 15.24673507763198899 ) ) ;
#5117 = DIRECTION ( 'NONE',  ( 0.9063074662638752610, 0.000000000000000000, 0.4226189496394529010 ) ) ;
#5118 = LINE ( 'NONE', #1272, #4827 ) ;
#5119 = AXIS2_PLACEMENT_3D ( 'NONE', #2543, #73, #3581 ) ;
#5120 = EDGE_CURVE ( 'NONE', #6281, #4768, #1200, .T. ) ;
#5121 = DIRECTION ( 'NONE',  ( 0.000000000000000000, 0.000000000000000000, 1.000000000000000000 ) ) ;
#5122 = DIRECTION ( 'NONE',  ( 1.000000000000000000, -0.000000000000000000, -2.392722035830077493E-16 ) ) ;
#5123 = CARTESIAN_POINT ( 'NONE',  ( -16.57720468938351033, 0.7500000065192580223, 9.120155997975347262 ) ) ;
#5124 = ORIENTED_EDGE ( 'NONE', *, *, #2019, .F. ) ;
#5125 = VECTOR ( 'NONE', #3441, 1000.000000000000000 ) ;
#5126 = CARTESIAN_POINT ( 'NONE',  ( 6.490628035480971530E-15, 0.000000000000000000, -52.00000000000000000 ) ) ;
#5127 = VERTEX_POINT ( 'NONE', #3517 ) ;
#5128 = ORIENTED_EDGE ( 'NONE', *, *, #5085, .F. ) ;
#5129 = DIRECTION ( 'NONE',  ( 0.000000000000000000, 1.000000000000000000, 0.000000000000000000 ) ) ;
#5130 = ORIENTED_EDGE ( 'NONE', *, *, #5361, .F. ) ;
#5131 = EDGE_CURVE ( 'NONE', #3346, #4642, #1193, .T. ) ;
#5132 = CARTESIAN_POINT ( 'NONE',  ( 7.031348228907549291, 5.000000000000000000, 33.97266438819271883 ) ) ;
#5133 = CARTESIAN_POINT ( 'NONE',  ( 10.96666644314892025, 30.00000000000000000, -35.10790803579821784 ) ) ;
#5134 = DIRECTION ( 'NONE',  ( -0.000000000000000000, -1.000000000000000000, -0.000000000000000000 ) ) ;
#5135 = ORIENTED_EDGE ( 'NONE', *, *, #5256, .T. ) ;
#5136 = ORIENTED_EDGE ( 'NONE', *, *, #1445, .T. ) ;
#5137 = AXIS2_PLACEMENT_3D ( 'NONE', #1686, #261, #6134 ) ;
#5138 = CARTESIAN_POINT ( 'NONE',  ( -15.51608050105626724, 1.250000006519258022, 10.71834649412947726 ) ) ;
#5139 = ORIENTED_EDGE ( 'NONE', *, *, #1176, .T. ) ;
#5140 = SURFACE_SIDE_STYLE ('',( #2713 ) ) ;
#5141 = LINE ( 'NONE', #6093, #5201 ) ;
#5142 = DIRECTION ( 'NONE',  ( 0.000000000000000000, 0.000000000000000000, 1.000000000000000000 ) ) ;
#5143 = DIRECTION ( 'NONE',  ( 0.000000000000000000, 1.000000000000000000, 0.000000000000000000 ) ) ;
#5144 = ORIENTED_EDGE ( 'NONE', *, *, #370, .F. ) ;
#5145 = EDGE_LOOP ( 'NONE', ( #1591, #2579, #2461, #242 ) ) ;
#5146 = DIRECTION ( 'NONE',  ( -0.000000000000000000, -0.000000000000000000, -1.000000000000000000 ) ) ;
#5147 = EDGE_CURVE ( 'NONE', #4832, #2666, #5429, .T. ) ;
#5148 = ADVANCED_FACE ( 'NONE', ( #608 ), #3602, .T. ) ;
#5149 = CARTESIAN_POINT ( 'NONE',  ( -14.99999966472387314, -2.500000000000000888, 9.999999776482582092 ) ) ;
#5150 = CARTESIAN_POINT ( 'NONE',  ( -12.29999977648332887, 30.00000000000000000, 2.510667100132145002 ) ) ;
#5151 = ORIENTED_EDGE ( 'NONE', *, *, #6206, .F. ) ;
#5152 = FACE_OUTER_BOUND ( 'NONE', #564, .T. ) ;
#5153 = VECTOR ( 'NONE', #5108, 1000.000000000000000 ) ;
#5154 = CARTESIAN_POINT ( 'NONE',  ( 8.063931798982794774, 26.00000000000000000, 6.746735077632041389 ) ) ;
#5155 = FACE_OUTER_BOUND ( 'NONE', #4351, .T. ) ;
#5156 = DIRECTION ( 'NONE',  ( 0.000000000000000000, 0.000000000000000000, 1.000000000000000000 ) ) ;
#5157 = VERTEX_POINT ( 'NONE', #4591 ) ;
#5158 = DIRECTION ( 'NONE',  ( 0.000000000000000000, 0.000000000000000000, 1.000000000000000000 ) ) ;
#5159 = ORIENTED_EDGE ( 'NONE', *, *, #1248, .F. ) ;
#5160 = EDGE_LOOP ( 'NONE', ( #1713, #1839, #1380, #5807 ) ) ;
#5161 = LINE ( 'NONE', #814, #6037 ) ;
#5162 = ORIENTED_EDGE ( 'NONE', *, *, #1361, .F. ) ;
#5163 = VECTOR ( 'NONE', #5066, 1000.000000000000000 ) ;
#5164 = EDGE_CURVE ( 'NONE', #5697, #4055, #2529, .T. ) ;
#5165 = ADVANCED_FACE ( 'NONE', ( #3045, #1110 ), #4985, .F. ) ;
#5166 = AXIS2_PLACEMENT_3D ( 'NONE', #1623, #4377, #2952 ) ;
#5167 = TOROIDAL_SURFACE ( 'NONE', #4035, 49.49999999999999289, 2.000000000000000000 ) ;
#5168 = DIRECTION ( 'NONE',  ( 0.000000000000000000, 0.000000000000000000, 1.000000000000000000 ) ) ;
#5169 = DIRECTION ( 'NONE',  ( 0.000000000000000000, 0.000000000000000000, 1.000000000000000000 ) ) ;
#5170 = EDGE_LOOP ( 'NONE', ( #1757, #5102, #6007, #2202 ) ) ;
#5171 = ORIENTED_EDGE ( 'NONE', *, *, #4661, .F. ) ;
#5172 = FACE_OUTER_BOUND ( 'NONE', #376, .T. ) ;
#5173 = ADVANCED_FACE ( 'NONE', ( #2087 ), #1819, .T. ) ;
#5174 = VECTOR ( 'NONE', #3107, 1000.000000000000000 ) ;
#5175 = AXIS2_PLACEMENT_3D ( 'NONE', #4051, #695, #3489 ) ;
#5176 = DIRECTION ( 'NONE',  ( -1.000000000000000000, 0.000000000000000000, 1.176083712526649195E-16 ) ) ;
#5177 = DIRECTION ( 'NONE',  ( -0.000000000000000000, -1.000000000000000000, -0.000000000000000000 ) ) ;
#5178 = DIRECTION ( 'NONE',  ( 0.000000000000000000, 1.000000000000000000, -0.000000000000000000 ) ) ;
#5179 = CARTESIAN_POINT ( 'NONE',  ( -0.3280262968031852910, 47.08286635613442428, 51.49917505561138853 ) ) ;
#5180 = AXIS2_PLACEMENT_3D ( 'NONE', #2639, #5134, #4582 ) ;
#5181 = ORIENTED_EDGE ( 'NONE', *, *, #4026, .T. ) ;
#5182 = ORIENTED_EDGE ( 'NONE', *, *, #3480, .T. ) ;
#5183 = CARTESIAN_POINT ( 'NONE',  ( -16.50000000000000000, 7.000000000000000000, -41.75326492236801101 ) ) ;
#5184 = ADVANCED_FACE ( 'NONE', ( #1618 ), #3243, .T. ) ;
#5185 = PLANE ( 'NONE',  #54 ) ;
#5186 = VECTOR ( 'NONE', #1965, 1000.000000000000000 ) ;
#5187 = PLANE ( 'NONE',  #4794 ) ;
#5188 = ORIENTED_EDGE ( 'NONE', *, *, #487, .F. ) ;
#5189 = EDGE_CURVE ( 'NONE', #4746, #860, #504, .T. ) ;
#5190 = DIRECTION ( 'NONE',  ( 1.000000000000000000, 0.000000000000000000, -1.521687259628777768E-16 ) ) ;
#5191 = AXIS2_PLACEMENT_3D ( 'NONE', #203, #2228, #5156 ) ;
#5192 = CARTESIAN_POINT ( 'NONE',  ( -19.99999955296516418, 9.999999776482582092, 4.999999888241291046 ) ) ;
#5193 = CARTESIAN_POINT ( 'NONE',  ( 9.500000000000001776, 24.99999999999999645, 15.24673507763198188 ) ) ;
#5194 = EDGE_CURVE ( 'NONE', #3934, #1935, #1410, .T. ) ;
#5195 = CARTESIAN_POINT ( 'NONE',  ( 11.50000000000000178, 6.999999999999999112, 12.24673507763198188 ) ) ;
#5196 = ORIENTED_EDGE ( 'NONE', *, *, #5520, .T. ) ;
#5197 = ORIENTED_EDGE ( 'NONE', *, *, #4977, .T. ) ;
#5198 = DIRECTION ( 'NONE',  ( 1.000000000000000000, -0.000000000000000000, -1.734723475976804333E-15 ) ) ;
#5199 = ORIENTED_EDGE ( 'NONE', *, *, #4233, .F. ) ;
#5200 =( GEOMETRIC_REPRESENTATION_CONTEXT ( 3 ) GLOBAL_UNCERTAINTY_ASSIGNED_CONTEXT ( ( #1273 ) ) GLOBAL_UNIT_ASSIGNED_CONTEXT ( ( #1073, #3414, #4017 ) ) REPRESENTATION_CONTEXT ( 'NONE', 'WORKASPACE' ) );
#5201 = VECTOR ( 'NONE', #827, 1000.000000000000000 ) ;
#5202 = CARTESIAN_POINT ( 'NONE',  ( 14.69055430771182813, 7.749999873340129852, 9.999999776482582092 ) ) ;
#5203 = DIRECTION ( 'NONE',  ( -0.000000000000000000, 1.000000000000000000, -0.000000000000000000 ) ) ;
#5204 = ADVANCED_FACE ( 'NONE', ( #5647 ), #5213, .T. ) ;
#5205 = DIRECTION ( 'NONE',  ( -0.000000000000000000, 1.000000000000000000, -0.000000000000000000 ) ) ;
#5206 = ORIENTED_EDGE ( 'NONE', *, *, #3400, .F. ) ;
#5207 = EDGE_LOOP ( 'NONE', ( #1389, #4516, #1579, #785 ) ) ;
#5208 = CARTESIAN_POINT ( 'NONE',  ( 16.50000000000000000, 7.000000000000006217, -43.75326492236801812 ) ) ;
#5209 = ORIENTED_EDGE ( 'NONE', *, *, #5709, .F. ) ;
#5210 = LINE ( 'NONE', #4179, #5153 ) ;
#5211 = ADVANCED_FACE ( 'NONE', ( #2179 ), #4344, .F. ) ;
#5212 = FACE_OUTER_BOUND ( 'NONE', #2064, .T. ) ;
#5213 = CYLINDRICAL_SURFACE ( 'NONE', #2316, 19.80000000000001137 ) ;
#5214 = CARTESIAN_POINT ( 'NONE',  ( -12.88917772438003517, -0.3235236279549968952, 10.83991462317676735 ) ) ;
#5215 = ORIENTED_EDGE ( 'NONE', *, *, #4861, .F. ) ;
#5216 = CARTESIAN_POINT ( 'NONE',  ( -3.051582509220246486E-13, 30.00000000000000000, -40.30326402829823706 ) ) ;
#5217 = AXIS2_PLACEMENT_3D ( 'NONE', #2004, #1598, #2037 ) ;
#5218 = AXIS2_PLACEMENT_3D ( 'NONE', #531, #2185, #1268 ) ;
#5219 = ADVANCED_FACE ( 'NONE', ( #3703 ), #1772, .F. ) ;
#5220 = CARTESIAN_POINT ( 'NONE',  ( -20.30000000000000782, 55.00000000000000000, 36.92492653411373738 ) ) ;
#5221 = ITEM_DEFINED_TRANSFORMATION ( 'NONE', 'NONE', #703,  #3537 ) ;
#5222 = DIRECTION ( 'NONE',  ( 0.000000000000000000, 0.000000000000000000, 1.000000000000000000 ) ) ;
#5223 = CARTESIAN_POINT ( 'NONE',  ( 11.50000000000000178, 5.000000000000000000, -41.75326492236801101 ) ) ;
#5224 = DIRECTION ( 'NONE',  ( -0.000000000000000000, 1.000000000000000000, -0.000000000000000000 ) ) ;
#5225 = CARTESIAN_POINT ( 'NONE',  ( 8.063931798982794774, 26.00000000000000000, 6.746735077632041389 ) ) ;
#5226 = CARTESIAN_POINT ( 'NONE',  ( 0.000000000000000000, 0.000000000000000000, 9.999999776482582092 ) ) ;
#5227 = ORIENTED_EDGE ( 'NONE', *, *, #5280, .T. ) ;
#5228 = CARTESIAN_POINT ( 'NONE',  ( -2.948285392647243325E-15, 27.00000000000000000, 36.92492653411373738 ) ) ;
#5229 = ORIENTED_EDGE ( 'NONE', *, *, #3954, .T. ) ;
#5230 = EDGE_CURVE ( 'NONE', #6172, #5584, #210, .T. ) ;
#5231 = CARTESIAN_POINT ( 'NONE',  ( 8.674099376880645806, 7.000000000000002665, 34.42492653411373738 ) ) ;
#5232 = DIRECTION ( 'NONE',  ( -0.000000000000000000, -1.000000000000000000, -0.000000000000000000 ) ) ;
#5233 = CARTESIAN_POINT ( 'NONE',  ( 0.000000000000000000, 2.000000000000001776, 0.000000000000000000 ) ) ;
#5234 = VERTEX_POINT ( 'NONE', #6158 ) ;
#5235 = ORIENTED_EDGE ( 'NONE', *, *, #3973, .F. ) ;
#5236 = CARTESIAN_POINT ( 'NONE',  ( -7.500000000000000888, 26.99999999999999645, 15.24673507763198899 ) ) ;
#5237 = CIRCLE ( 'NONE', #3199, 2.000000000000001776 ) ;
#5238 = DIRECTION ( 'NONE',  ( 0.000000000000000000, 1.000000000000000000, -0.000000000000000000 ) ) ;
#5239 = CIRCLE ( 'NONE', #4406, 2.000000000000000000 ) ;
#5240 = DIRECTION ( 'NONE',  ( 1.176083712526648949E-16, 0.000000000000000000, 1.000000000000000000 ) ) ;
#5241 = LINE ( 'NONE', #6159, #2150 ) ;
#5242 = ORIENTED_EDGE ( 'NONE', *, *, #5587, .T. ) ;
#5243 = CARTESIAN_POINT ( 'NONE',  ( -12.50000000000000000, 5.000000000000000000, -40.75326492236801812 ) ) ;
#5244 = EDGE_CURVE ( 'NONE', #813, #1330, #3669, .T. ) ;
#5245 = CARTESIAN_POINT ( 'NONE',  ( -12.50000000000001066, 120.7419196555744350, 15.24673507763199076 ) ) ;
#5246 = PRODUCT_CONTEXT ( 'NONE', #1339, 'mechanical' ) ;
#5247 = CARTESIAN_POINT ( 'NONE',  ( 0.000000000000000000, 6.999999999999999112, 0.000000000000000000 ) ) ;
#5248 = ORIENTED_EDGE ( 'NONE', *, *, #4764, .F. ) ;
#5249 = CARTESIAN_POINT ( 'NONE',  ( -8.063931798983098531, 26.00000000000000000, -37.85326402829834080 ) ) ;
#5250 = ADVANCED_FACE ( 'NONE', ( #1740 ), #3737, .F. ) ;
#5251 = AXIS2_PLACEMENT_3D ( 'NONE', #330, #4570, #738 ) ;
#5252 = PLANE ( 'NONE',  #1612 ) ;
#5253 = ORIENTED_EDGE ( 'NONE', *, *, #3568, .F. ) ;
#5254 = DIRECTION ( 'NONE',  ( -0.000000000000000000, -1.000000000000000000, -0.000000000000000000 ) ) ;
#5255 = EDGE_LOOP ( 'NONE', ( #2055, #42, #2985, #3278 ) ) ;
#5256 = EDGE_CURVE ( 'NONE', #146, #4416, #3130, .T. ) ;
#5257 = AXIS2_PLACEMENT_3D ( 'NONE', #3097, #5460, #3043 ) ;
#5258 = CARTESIAN_POINT ( 'NONE',  ( -1.398621490988959160, 5.000000000000000000, 33.46386637516766882 ) ) ;
#5259 = CARTESIAN_POINT ( 'NONE',  ( -21.09252382952539762, 21.53802896537557032, 34.44360294948774737 ) ) ;
#5260 = FACE_OUTER_BOUND ( 'NONE', #5377, .T. ) ;
#5261 = ORIENTED_EDGE ( 'NONE', *, *, #2982, .F. ) ;
#5262 = VECTOR ( 'NONE', #1411, 1000.000000000000000 ) ;
#5263 = ADVANCED_FACE ( 'NONE', ( #6190 ), #1356, .T. ) ;
#5264 = ORIENTED_EDGE ( 'NONE', *, *, #4553, .F. ) ;
#5265 = LINE ( 'NONE', #17, #766 ) ;
#5266 = TOROIDAL_SURFACE ( 'NONE', #2008, 4.000000000000000000, 2.000000000000000000 ) ;
#5267 = FACE_OUTER_BOUND ( 'NONE', #4184, .T. ) ;
#5268 = DIRECTION ( 'NONE',  ( 0.9063074662638754830, 0.000000000000000000, 0.4226189496394526235 ) ) ;
#5269 = CARTESIAN_POINT ( 'NONE',  ( 8.773726047632909086, 30.00000000000000000, 6.746735077632055599 ) ) ;
#5270 = ORIENTED_EDGE ( 'NONE', *, *, #2668, .T. ) ;
#5271 = EDGE_CURVE ( 'NONE', #4832, #4068, #1260, .T. ) ;
#5272 = ORIENTED_EDGE ( 'NONE', *, *, #1226, .F. ) ;
#5273 =( GEOMETRIC_REPRESENTATION_CONTEXT ( 3 ) GLOBAL_UNCERTAINTY_ASSIGNED_CONTEXT ( ( #446 ) ) GLOBAL_UNIT_ASSIGNED_CONTEXT ( ( #2093, #2472, #3019 ) ) REPRESENTATION_CONTEXT ( 'NONE', 'WORKASPACE' ) );
#5274 = AXIS2_PLACEMENT_3D ( 'NONE', #3289, #1835, #4114 ) ;
#5275 = CARTESIAN_POINT ( 'NONE',  ( -14.69037735642265119, 5.750000011175870895, 9.999999776482582092 ) ) ;
#5276 = AXIS2_PLACEMENT_3D ( 'NONE', #4141, #1797, #1288 ) ;
#5277 = CARTESIAN_POINT ( 'NONE',  ( -20.80000000000000782, 55.00000000000000000, 36.42492653411374448 ) ) ;
#5278 = CARTESIAN_POINT ( 'NONE',  ( -5.048178213782903434, 5.000000000000000888, 32.80065584536720280 ) ) ;
#5279 = ORIENTED_EDGE ( 'NONE', *, *, #4115, .F. ) ;
#5280 = EDGE_CURVE ( 'NONE', #457, #5449, #3335, .T. ) ;
#5281 = CARTESIAN_POINT ( 'NONE',  ( 0.000000000000000000, 0.000000000000000000, 0.000000000000000000 ) ) ;
#5282 = DIRECTION ( 'NONE',  ( -0.000000000000000000, 1.000000000000000000, -0.000000000000000000 ) ) ;
#5283 = ORIENTED_EDGE ( 'NONE', *, *, #2363, .F. ) ;
#5284 = CARTESIAN_POINT ( 'NONE',  ( -9.500000000000001776, 7.000000000000000000, -43.75326492236801812 ) ) ;
#5285 = AXIS2_PLACEMENT_3D ( 'NONE', #5226, #1402, #4257 ) ;
#5286 = EDGE_CURVE ( 'NONE', #4366, #192, #300, .T. ) ;
#5287 = DIRECTION ( 'NONE',  ( -0.000000000000000000, -0.000000000000000000, -1.000000000000000000 ) ) ;
#5288 = ORIENTED_EDGE ( 'NONE', *, *, #1601, .T. ) ;
#5289 = PLANE ( 'NONE',  #3095 ) ;
#5290 = VERTEX_POINT ( 'NONE', #3636 ) ;
#5291 = CIRCLE ( 'NONE', #1222, 2.000000000000000000 ) ;
#5292 = CARTESIAN_POINT ( 'NONE',  ( -3.053113317719180486E-13, 30.00000000000000000, -39.05326402829825128 ) ) ;
#5293 = CARTESIAN_POINT ( 'NONE',  ( -20.96605513671659438, 21.00232150209650683, 34.42492653411373738 ) ) ;
#5294 = ADVANCED_FACE ( 'NONE', ( #4181 ), #828, .F. ) ;
#5295 = DIRECTION ( 'NONE',  ( 0.000000000000000000, 0.000000000000000000, -1.000000000000000000 ) ) ;
#5296 = VERTEX_POINT ( 'NONE', #350 ) ;
#5297 = ORIENTED_EDGE ( 'NONE', *, *, #4764, .T. ) ;
#5298 = ORIENTED_EDGE ( 'NONE', *, *, #4022, .F. ) ;
#5299 = DIRECTION ( 'NONE',  ( -0.9063074662638754830, 0.000000000000000000, -0.4226189496394526235 ) ) ;
#5300 = CARTESIAN_POINT ( 'NONE',  ( -14.99999966472387491, -0.7707711152604688198, 9.952753820861511613 ) ) ;
#5301 = CARTESIAN_POINT ( 'NONE',  ( -9.554643783982966099, 30.00000000000000000, -36.51993069496501931 ) ) ;
#5302 = VERTEX_POINT ( 'NONE', #2271 ) ;
#5303 = AXIS2_PLACEMENT_3D ( 'NONE', #4467, #2180, #1712 ) ;
#5304 = CARTESIAN_POINT ( 'NONE',  ( 0.000000000000000000, 55.00000000000000000, -54.00000000000000000 ) ) ;
#5305 = EDGE_CURVE ( 'NONE', #4968, #1882, #4216, .T. ) ;
#5306 = CARTESIAN_POINT ( 'NONE',  ( -14.50000000000001066, 30.00000000000000000, 13.24673507763199432 ) ) ;
#5307 = FACE_OUTER_BOUND ( 'NONE', #5787, .T. ) ;
#5308 = ORIENTED_EDGE ( 'NONE', *, *, #296, .F. ) ;
#5309 = CARTESIAN_POINT ( 'NONE',  ( -16.99982397258281708, 7.749999873340129852, 9.999999776482582092 ) ) ;
#5310 = ORIENTED_EDGE ( 'NONE', *, *, #3468, .F. ) ;
#5311 = CARTESIAN_POINT ( 'NONE',  ( -16.50000000000000000, 5.000000000000000000, -40.75326492236801812 ) ) ;
#5312 = VECTOR ( 'NONE', #5359, 1000.000000000000000 ) ;
#5313 = CARTESIAN_POINT ( 'NONE',  ( -1.250000000000000444, 48.30000000000001847, 51.48482786219646101 ) ) ;
#5314 = EDGE_LOOP ( 'NONE', ( #635, #385, #5879, #244 ) ) ;
#5315 = DIRECTION ( 'NONE',  ( -0.000000000000000000, -1.000000000000000000, -0.000000000000000000 ) ) ;
#5316 = ORIENTED_EDGE ( 'NONE', *, *, #5286, .T. ) ;
#5317 = EDGE_CURVE ( 'NONE', #4956, #4198, #2623, .T. ) ;
#5318 = CARTESIAN_POINT ( 'NONE',  ( -6.840949552220154217, 5.000000000000000000, 32.53486849148652738 ) ) ;
#5319 = CARTESIAN_POINT ( 'NONE',  ( -25.80202020202020918, 55.00000000000000000, 44.57023394031650554 ) ) ;
#5320 = DIRECTION ( 'NONE',  ( 0.000000000000000000, -1.000000000000000000, 0.000000000000000000 ) ) ;
#5321 = ORIENTED_EDGE ( 'NONE', *, *, #4012, .F. ) ;
#5322 = ORIENTED_EDGE ( 'NONE', *, *, #5189, .T. ) ;
#5323 = DIRECTION ( 'NONE',  ( -0.000000000000000000, -0.000000000000000000, 1.000000000000000000 ) ) ;
#5324 = AXIS2_PLACEMENT_3D ( 'NONE', #5940, #4501, #137 ) ;
#5325 = ADVANCED_FACE ( 'NONE', ( #1386 ), #3797, .T. ) ;
#5326 = AXIS2_PLACEMENT_3D ( 'NONE', #5247, #3873, #5337 ) ;
#5327 = CARTESIAN_POINT ( 'NONE',  ( -1.217459762258147338, 47.97264582189118443, 53.98631062852658857 ) ) ;
#5328 = DIRECTION ( 'NONE',  ( -0.000000000000000000, -0.000000000000000000, -1.000000000000000000 ) ) ;
#5329 = CARTESIAN_POINT ( 'NONE',  ( -14.99999966472387314, -0.7777105220971687327, 9.999999776482582092 ) ) ;
#5330 = VERTEX_POINT ( 'NONE', #6247 ) ;
#5331 = FACE_OUTER_BOUND ( 'NONE', #2379, .T. ) ;
#5332 = AXIS2_PLACEMENT_3D ( 'NONE', #4677, #4229, #2736 ) ;
#5333 = CARTESIAN_POINT ( 'NONE',  ( 11.50000000000000178, 5.000000000000000000, -38.75326492236801812 ) ) ;
#5334 = DIRECTION ( 'NONE',  ( 1.000000000000000000, 0.000000000000000000, 0.000000000000000000 ) ) ;
#5335 = DIRECTION ( 'NONE',  ( 0.000000000000000000, -1.000000000000000000, 0.000000000000000000 ) ) ;
#5336 = ORIENTED_EDGE ( 'NONE', *, *, #5317, .T. ) ;
#5337 = DIRECTION ( 'NONE',  ( 0.000000000000000000, 0.000000000000000000, -1.000000000000000000 ) ) ;
#5338 = ORIENTED_EDGE ( 'NONE', *, *, #2011, .T. ) ;
#5339 = EDGE_CURVE ( 'NONE', #5895, #299, #4860, .T. ) ;
#5340 = AXIS2_PLACEMENT_3D ( 'NONE', #445, #2400, #5811 ) ;
#5341 = LINE ( 'NONE', #3812, #958 ) ;
#5342 = CYLINDRICAL_SURFACE ( 'NONE', #4734, 2.000000000000001776 ) ;
#5343 = FACE_OUTER_BOUND ( 'NONE', #1439, .T. ) ;
#5344 = VERTEX_POINT ( 'NONE', #1949 ) ;
#5345 = DIRECTION ( 'NONE',  ( -0.000000000000000000, -0.000000000000000000, 1.000000000000000000 ) ) ;
#5346 = ORIENTED_EDGE ( 'NONE', *, *, #4695, .F. ) ;
#5347 = CARTESIAN_POINT ( 'NONE',  ( 1.620677314573504058, 5.246670516516181770, 34.42492653422137749 ) ) ;
#5348 = CARTESIAN_POINT ( 'NONE',  ( -1.250000000000000666, 48.46506188509115987, 53.98553046882099693 ) ) ;
#5349 = CARTESIAN_POINT ( 'NONE',  ( -8.773726047632893099, 26.00000000000000000, 6.746735077631791810 ) ) ;
#5350 = CARTESIAN_POINT ( 'NONE',  ( -14.99999966472387314, 5.750000011175870895, 9.999999776482582092 ) ) ;
#5351 = VERTEX_POINT ( 'NONE', #4364 ) ;
#5353 = EDGE_CURVE ( 'NONE', #813, #4746, #5667, .T. ) ;
#5352 = ORIENTED_EDGE ( 'NONE', *, *, #2883, .T. ) ;
#5354 = CARTESIAN_POINT ( 'NONE',  ( 0.000000000000000000, 27.00000000000000000, 37.42492653411373738 ) ) ;
#5355 = CIRCLE ( 'NONE', #4740, 2.000000000000001776 ) ;
#5356 = AXIS2_PLACEMENT_3D ( 'NONE', #2809, #5704, #1947 ) ;
#5357 = DIRECTION ( 'NONE',  ( 0.000000000000000000, 0.000000000000000000, 1.000000000000000000 ) ) ;
#5358 = DIRECTION ( 'NONE',  ( 0.9063074662638752610, 0.000000000000000000, 0.4226189496394530676 ) ) ;
#5359 = DIRECTION ( 'NONE',  ( -0.000000000000000000, -1.000000000000000000, -0.000000000000000000 ) ) ;
#5360 = ORIENTED_EDGE ( 'NONE', *, *, #5813, .T. ) ;
#5361 = EDGE_CURVE ( 'NONE', #778, #1216, #2927, .T. ) ;
#5362 = CARTESIAN_POINT ( 'NONE',  ( 0.000000000000000000, 55.00000000000000000, 0.000000000000000000 ) ) ;
#5363 = AXIS2_PLACEMENT_3D ( 'NONE', #3037, #4041, #5989 ) ;
#5364 = CARTESIAN_POINT ( 'NONE',  ( 11.50000000000000178, 23.00000000000000000, -36.75326492236801812 ) ) ;
#5365 =( GEOMETRIC_REPRESENTATION_CONTEXT ( 3 ) GLOBAL_UNCERTAINTY_ASSIGNED_CONTEXT ( ( #4565 ) ) GLOBAL_UNIT_ASSIGNED_CONTEXT ( ( #1432, #6164, #4759 ) ) REPRESENTATION_CONTEXT ( 'NONE', 'WORKASPACE' ) );
#5366 = DIRECTION ( 'NONE',  ( 0.000000000000000000, -1.000000000000000000, 0.000000000000000000 ) ) ;
#5367 = CARTESIAN_POINT ( 'NONE',  ( -16.99982397258281708, 7.749999873340129852, 9.999999776482582092 ) ) ;
#5368 = AXIS2_PLACEMENT_3D ( 'NONE', #551, #1092, #2928 ) ;
#5369 = ORIENTED_EDGE ( 'NONE', *, *, #1100, .F. ) ;
#5370 = ADVANCED_FACE ( 'NONE', ( #20 ), #433, .T. ) ;
#5371 = EDGE_LOOP ( 'NONE', ( #6046, #2615, #3240, #3686 ) ) ;
#5372 = DIRECTION ( 'NONE',  ( -0.000000000000000000, 1.000000000000000000, -0.000000000000000000 ) ) ;
#5373 = ORIENTED_EDGE ( 'NONE', *, *, #6017, .F. ) ;
#5374 = DIRECTION ( 'NONE',  ( 1.000000000000000000, 0.000000000000000000, -2.392722035830077493E-16 ) ) ;
#5375 = CARTESIAN_POINT ( 'NONE',  ( 8.847564458826717108E-05, -5.750000011175870895, 2.999999999999998668 ) ) ;
#5376 = ADVANCED_FACE ( 'NONE', ( #5392 ), #3891, .T. ) ;
#5377 = EDGE_LOOP ( 'NONE', ( #2878, #1063, #4142, #2148, #539, #2964, #6085, #396, #4739 ) ) ;
#5378 = CIRCLE ( 'NONE', #4256, 1.999999999999998224 ) ;
#5379 = PLANE ( 'NONE',  #1072 ) ;
#5380 = ORIENTED_EDGE ( 'NONE', *, *, #4994, .F. ) ;
#5381 = EDGE_CURVE ( 'NONE', #5568, #3149, #4549, .T. ) ;
#5382 = CARTESIAN_POINT ( 'NONE',  ( -7.938504104285261320, 5.000000000000000000, 32.44088072879878126 ) ) ;
#5383 = CARTESIAN_POINT ( 'NONE',  ( -14.50000000000000000, 120.7419196555744350, -41.75326492236801101 ) ) ;
#5384 = DIRECTION ( 'NONE',  ( 0.9063074662638752610, 0.000000000000000000, 0.4226189496394529010 ) ) ;
#5385 = PLANE ( 'NONE',  #4147 ) ;
#5386 = CARTESIAN_POINT ( 'NONE',  ( 15.26177405647953478, 13.59840828748407837, 49.18863053335400082 ) ) ;
#5387 = VERTEX_POINT ( 'NONE', #530 ) ;
#5388 = ORIENTED_EDGE ( 'NONE', *, *, #2253, .T. ) ;
#5389 = DIRECTION ( 'NONE',  ( 1.000000000000000000, 0.000000000000000000, 0.000000000000000000 ) ) ;
#5390 = AXIS2_PLACEMENT_3D ( 'NONE', #3835, #440, #3868 ) ;
#5391 = CARTESIAN_POINT ( 'NONE',  ( -15.31238605441981271, 2.015564243409894818, 10.81333096274448380 ) ) ;
#5392 = FACE_OUTER_BOUND ( 'NONE', #886, .T. ) ;
#5393 = CARTESIAN_POINT ( 'NONE',  ( 12.29999977648216358, 26.00000000000000000, 2.510667100131867446 ) ) ;
#5394 = ORIENTED_EDGE ( 'NONE', *, *, #4049, .F. ) ;
#5395 = DIRECTION ( 'NONE',  ( 0.000000000000000000, 0.000000000000000000, 1.000000000000000000 ) ) ;
#5396 = ADVANCED_FACE ( 'NONE', ( #942 ), #3351, .F. ) ;
#5397 = CARTESIAN_POINT ( 'NONE',  ( 14.99999966472387491, 5.750000011175870895, 9.999999776482582092 ) ) ;
#5398 = DIRECTION ( 'NONE',  ( 0.000000000000000000, 0.000000000000000000, -1.000000000000000000 ) ) ;
#5399 = DIRECTION ( 'NONE',  ( 0.000000000000000000, 0.000000000000000000, -1.000000000000000000 ) ) ;
#5400 = ORIENTED_EDGE ( 'NONE', *, *, #5194, .F. ) ;
#5401 = ORIENTED_EDGE ( 'NONE', *, *, #2558, .F. ) ;
#5402 = DIRECTION ( 'NONE',  ( 0.000000000000000000, 0.000000000000000000, 1.000000000000000000 ) ) ;
#5403 = VERTEX_POINT ( 'NONE', #1886 ) ;
#5404 = DIRECTION ( 'NONE',  ( 0.000000000000000000, 0.000000000000000000, -1.000000000000000000 ) ) ;
#5405 = VECTOR ( 'NONE', #5547, 1000.000000000000114 ) ;
#5406 = EDGE_CURVE ( 'NONE', #1882, #2468, #6186, .T. ) ;
#5407 = FACE_OUTER_BOUND ( 'NONE', #2774, .T. ) ;
#5408 = ORIENTED_EDGE ( 'NONE', *, *, #1355, .F. ) ;
#5409 = AXIS2_PLACEMENT_3D ( 'NONE', #5712, #5687, #4301 ) ;
#5410 = DIRECTION ( 'NONE',  ( -1.764125568789973300E-16, 0.000000000000000000, 1.000000000000000000 ) ) ;
#5411 = ORIENTED_EDGE ( 'NONE', *, *, #5256, .F. ) ;
#5412 = ADVANCED_FACE ( 'NONE', ( #2870 ), #6192, .F. ) ;
#5413 = VECTOR ( 'NONE', #5655, 1000.000000000000000 ) ;
#5414 = DIRECTION ( 'NONE',  ( -0.000000000000000000, 1.000000000000000000, -0.000000000000000000 ) ) ;
#5415 = FACE_OUTER_BOUND ( 'NONE', #5255, .T. ) ;
#5416 = ORIENTED_EDGE ( 'NONE', *, *, #1527, .T. ) ;
#5417 = CARTESIAN_POINT ( 'NONE',  ( 0.000000000000000000, 2.000000000000001776, 0.000000000000000000 ) ) ;
#5418 = DIRECTION ( 'NONE',  ( 1.000000000000000000, 0.000000000000000000, -1.176083712526649195E-16 ) ) ;
#5419 = ORIENTED_EDGE ( 'NONE', *, *, #3480, .F. ) ;
#5420 = ORIENTED_EDGE ( 'NONE', *, *, #3392, .F. ) ;
#5421 = DIRECTION ( 'NONE',  ( -0.000000000000000000, -0.000000000000000000, -1.000000000000000000 ) ) ;
#5422 = DIRECTION ( 'NONE',  ( -0.000000000000000000, -0.000000000000000000, -1.000000000000000000 ) ) ;
#5423 = CARTESIAN_POINT ( 'NONE',  ( -19.30000000000007176, 27.00000000000000000, 36.92492653411373738 ) ) ;
#5424 = EDGE_LOOP ( 'NONE', ( #2557, #613, #5721, #3506, #2418, #2795, #1263, #4675, #5181 ) ) ;
#5425 = PRESENTATION_STYLE_ASSIGNMENT (( #1551 ) ) ;
#5426 = CARTESIAN_POINT ( 'NONE',  ( -10.29999977648293452, 26.00000000000000000, -33.61719605079856876 ) ) ;
#5427 = VECTOR ( 'NONE', #5730, 1000.000000000000000 ) ;
#5428 = DIRECTION ( 'NONE',  ( 0.000000000000000000, 0.000000000000000000, -1.000000000000000000 ) ) ;
#5429 = LINE ( 'NONE', #4954, #6283 ) ;
#5430 = DIRECTION ( 'NONE',  ( 0.000000000000000000, 0.000000000000000000, -1.000000000000000000 ) ) ;
#5431 = ORIENTED_EDGE ( 'NONE', *, *, #1782, .F. ) ;
#5432 = CARTESIAN_POINT ( 'NONE',  ( 14.50000000000000711, 7.000000000000006217, 10.24673507763198366 ) ) ;
#5433 = ORIENTED_EDGE ( 'NONE', *, *, #4241, .F. ) ;
#5434 = EDGE_CURVE ( 'NONE', #2244, #5003, #5767, .T. ) ;
#5435 = FACE_OUTER_BOUND ( 'NONE', #5955, .T. ) ;
#5436 = VERTEX_POINT ( 'NONE', #410 ) ;
#5437 = VECTOR ( 'NONE', #5323, 1000.000000000000000 ) ;
#5438 = CARTESIAN_POINT ( 'NONE',  ( -14.99999966472387314, 5.750000011175870895, 9.999999776482582092 ) ) ;
#5439 = ORIENTED_EDGE ( 'NONE', *, *, #2460, .T. ) ;
#5440 = EDGE_CURVE ( 'NONE', #3695, #4506, #3637, .T. ) ;
#5441 = LINE ( 'NONE', #3463, #568 ) ;
#5442 = CIRCLE ( 'NONE', #3105, 1.000000000000000888 ) ;
#5443 = CARTESIAN_POINT ( 'NONE',  ( 8.063931798982459043, 26.00000000000000000, -35.85326402829817027 ) ) ;
#5444 = VECTOR ( 'NONE', #1332, 1000.000000000000114 ) ;
#5445 = FACE_OUTER_BOUND ( 'NONE', #3638, .T. ) ;
#5446 = DIRECTION ( 'NONE',  ( 0.000000000000000000, 1.000000000000000000, 0.000000000000000000 ) ) ;
#5447 = ORIENTED_EDGE ( 'NONE', *, *, #118, .F. ) ;
#5448 = CARTESIAN_POINT ( 'NONE',  ( 2.690908987790047835, 6.834591479159239924, 51.44651943626197266 ) ) ;
#5449 = VERTEX_POINT ( 'NONE', #2457 ) ;
#5450 = ORIENTED_EDGE ( 'NONE', *, *, #1375, .T. ) ;
#5451 = EDGE_CURVE ( 'NONE', #4554, #3053, #6279, .T. ) ;
#5452 = LINE ( 'NONE', #5063, #5024 ) ;
#5453 = CARTESIAN_POINT ( 'NONE',  ( -9.500000000000001776, 5.000000000000000000, 15.24673507763198188 ) ) ;
#5454 = EDGE_CURVE ( 'NONE', #4486, #850, #1452, .T. ) ;
#5455 = CARTESIAN_POINT ( 'NONE',  ( -20.80000000000000426, 55.00000000000000000, 34.42492653411373738 ) ) ;
#5456 = VERTEX_POINT ( 'NONE', #2044 ) ;
#5457 = VERTEX_POINT ( 'NONE', #3064 ) ;
#5458 = DIRECTION ( 'NONE',  ( 0.000000000000000000, 0.000000000000000000, -1.000000000000000000 ) ) ;
#5459 = CIRCLE ( 'NONE', #797, 2.000000000000001776 ) ;
#5460 = DIRECTION ( 'NONE',  ( 1.176083712526648949E-16, 0.000000000000000000, 1.000000000000000000 ) ) ;
#5461 = ADVANCED_FACE ( 'NONE', ( #4420 ), #4457, .T. ) ;
#5462 = CARTESIAN_POINT ( 'NONE',  ( 9.500000000000001776, 23.00000000000000000, 12.24673507763198188 ) ) ;
#5463 = DIRECTION ( 'NONE',  ( -0.000000000000000000, 1.000000000000000000, 0.000000000000000000 ) ) ;
#5464 = DIRECTION ( 'NONE',  ( 1.000000000000000000, 0.000000000000000000, 0.000000000000000000 ) ) ;
#5465 = ORIENTED_EDGE ( 'NONE', *, *, #802, .T. ) ;
#5466 = ORIENTED_EDGE ( 'NONE', *, *, #3871, .T. ) ;
#5467 = CYLINDRICAL_SURFACE ( 'NONE', #4620, 2.000000000000001776 ) ;
#5468 = CARTESIAN_POINT ( 'NONE',  ( 20.30000000000001492, 55.00000000000000000, 47.33032854312337889 ) ) ;
#5469 = CIRCLE ( 'NONE', #4976, 4.000000000000000000 ) ;
#5470 = AXIS2_PLACEMENT_3D ( 'NONE', #202, #2129, #4571 ) ;
#5471 = EDGE_CURVE ( 'NONE', #1018, #555, #3038, .T. ) ;
#5472 = DIRECTION ( 'NONE',  ( 1.000000000000000000, 0.000000000000000000, -1.176083712526649195E-16 ) ) ;
#5473 = ORIENTED_EDGE ( 'NONE', *, *, #5643, .F. ) ;
#5474 = DIRECTION ( 'NONE',  ( 4.336808689942017736E-16, 0.000000000000000000, 1.000000000000000000 ) ) ;
#5475 = AXIS2_PLACEMENT_3D ( 'NONE', #6124, #2748, #4689 ) ;
#5476 = CIRCLE ( 'NONE', #5987, 4.000000000000000000 ) ;
#5477 = EDGE_CURVE ( 'NONE', #2584, #414, #2583, .T. ) ;
#5478 = CARTESIAN_POINT ( 'NONE',  ( 20.30000000000001492, 55.00000000000000000, 47.33032854312338600 ) ) ;
#5479 = AXIS2_PLACEMENT_3D ( 'NONE', #4268, #1918, #6217 ) ;
#5480 = LINE ( 'NONE', #5383, #1906 ) ;
#5481 = LINE ( 'NONE', #2960, #4178 ) ;
#5482 = CARTESIAN_POINT ( 'NONE',  ( 0.000000000000000000, 0.000000000000000000, 52.00000000000000000 ) ) ;
#5483 = ORIENTED_EDGE ( 'NONE', *, *, #1862, .F. ) ;
#5484 = FACE_OUTER_BOUND ( 'NONE', #922, .T. ) ;
#5485 = AXIS2_PLACEMENT_3D ( 'NONE', #988, #2920, #4765 ) ;
#5486 = EDGE_CURVE ( 'NONE', #6126, #5387, #2015, .T. ) ;
#5487 = FACE_OUTER_BOUND ( 'NONE', #148, .T. ) ;
#5488 = DIRECTION ( 'NONE',  ( -1.000000000000000000, 0.000000000000000000, 0.000000000000000000 ) ) ;
#5489 = EDGE_LOOP ( 'NONE', ( #2709, #4752 ) ) ;
#5490 = ORIENTED_EDGE ( 'NONE', *, *, #3562, .F. ) ;
#5491 = FILL_AREA_STYLE_COLOUR ( '', #4987 ) ;
#5492 = DIRECTION ( 'NONE',  ( 0.000000000000000000, 1.000000000000000000, 0.000000000000000000 ) ) ;
#5493 = CARTESIAN_POINT ( 'NONE',  ( 12.50000000000000711, 30.00000000000000000, 13.24673507763198721 ) ) ;
#5494 = DIRECTION ( 'NONE',  ( -1.000000000000000000, 0.000000000000000000, 1.176083712526648949E-16 ) ) ;
#5495 = CARTESIAN_POINT ( 'NONE',  ( 11.50000000000000178, 24.99999999999999645, -36.75326492236801812 ) ) ;
#5496 = EDGE_LOOP ( 'NONE', ( #3014, #449, #3719, #1742, #303, #5288, #2074, #3828, #3649, #1347, #5321, #6108 ) ) ;
#5497 = AXIS2_PLACEMENT_3D ( 'NONE', #5292, #6269, #2892 ) ;
#5498 = CARTESIAN_POINT ( 'NONE',  ( -16.98748339430512644, -2.500000000000000000, 9.999999776482585645 ) ) ;
#5499 = PRESENTATION_STYLE_ASSIGNMENT (( #4407 ) ) ;
#5500 = VERTEX_POINT ( 'NONE', #5512 ) ;
#5501 = DIRECTION ( 'NONE',  ( -0.000000000000000000, -0.000000000000000000, -1.000000000000000000 ) ) ;
#5502 = CARTESIAN_POINT ( 'NONE',  ( 10.29999977648260590, 26.00000000000000000, 5.746735077631937472 ) ) ;
#5503 = DIRECTION ( 'NONE',  ( -1.000000000000000000, -0.000000000000000000, -0.000000000000000000 ) ) ;
#5504 = ORIENTED_EDGE ( 'NONE', *, *, #955, .F. ) ;
#5505 = DIRECTION ( 'NONE',  ( -0.000000000000000000, -1.000000000000000000, 0.000000000000000000 ) ) ;
#5506 = ORIENTED_EDGE ( 'NONE', *, *, #3805, .T. ) ;
#5507 = VERTEX_POINT ( 'NONE', #152 ) ;
#5508 = FACE_OUTER_BOUND ( 'NONE', #195, .T. ) ;
#5509 = EDGE_CURVE ( 'NONE', #3619, #51, #2613, .T. ) ;
#5510 = VECTOR ( 'NONE', #4812, 1000.000000000000114 ) ;
#5511 = CARTESIAN_POINT ( 'NONE',  ( -3.053113317719180486E-13, 26.00000000000000000, -37.80326402829826549 ) ) ;
#5512 = CARTESIAN_POINT ( 'NONE',  ( -14.50000000000000000, 30.00000000000000000, -41.75326492236801101 ) ) ;
#5513 = ORIENTED_EDGE ( 'NONE', *, *, #5559, .F. ) ;
#5514 = ORIENTED_EDGE ( 'NONE', *, *, #4010, .F. ) ;
#5515 = DIRECTION ( 'NONE',  ( 0.000000000000000000, 1.000000000000000000, 0.000000000000000000 ) ) ;
#5516 = FACE_OUTER_BOUND ( 'NONE', #3033, .T. ) ;
#5517 = DIRECTION ( 'NONE',  ( 0.000000000000000000, -1.000000000000000000, 0.000000000000000000 ) ) ;
#5518 = CARTESIAN_POINT ( 'NONE',  ( -7.500000000000001776, 24.99999999999999645, -40.75326492236801812 ) ) ;
#5519 = VERTEX_POINT ( 'NONE', #5926 ) ;
#5520 = EDGE_CURVE ( 'NONE', #1087, #2417, #3339, .T. ) ;
#5521 = DIRECTION ( 'NONE',  ( -4.336808689942017736E-16, 0.000000000000000000, -1.000000000000000000 ) ) ;
#5522 = VECTOR ( 'NONE', #3662, 1000.000000000000000 ) ;
#5523 = DIRECTION ( 'NONE',  ( 0.000000000000000000, 0.000000000000000000, -1.000000000000000000 ) ) ;
#5524 = EDGE_CURVE ( 'NONE', #1837, #4746, #4491, .T. ) ;
#5525 = CARTESIAN_POINT ( 'NONE',  ( 10.29999977648224530, 26.00000000000000000, -35.85326402829814185 ) ) ;
#5526 = ORIENTED_EDGE ( 'NONE', *, *, #3308, .T. ) ;
#5527 = VECTOR ( 'NONE', #5421, 1000.000000000000000 ) ;
#5528 = CARTESIAN_POINT ( 'NONE',  ( -14.50000000000000178, 7.000000000000006217, -38.75326492236801812 ) ) ;
#5529 = AXIS2_PLACEMENT_3D ( 'NONE', #1626, #5881, #1054 ) ;
#5530 = DIRECTION ( 'NONE',  ( 1.000000000000000000, -0.000000000000000000, -0.000000000000000000 ) ) ;
#5531 = CARTESIAN_POINT ( 'NONE',  ( 7.211674763313400405, 4.999999999999999112, 32.48705404512057981 ) ) ;
#5532 = DIRECTION ( 'NONE',  ( 0.000000000000000000, 0.000000000000000000, -1.000000000000000000 ) ) ;
#5533 = ORIENTED_EDGE ( 'NONE', *, *, #2767, .T. ) ;
#5534 = ORIENTED_EDGE ( 'NONE', *, *, #4868, .T. ) ;
#5535 = DIRECTION ( 'NONE',  ( 0.000000000000000000, 0.000000000000000000, -1.000000000000000000 ) ) ;
#5536 = AXIS2_PLACEMENT_3D ( 'NONE', #763, #1196, #282 ) ;
#5537 = DIRECTION ( 'NONE',  ( -0.000000000000000000, 1.000000000000000000, -0.000000000000000000 ) ) ;
#5538 = ADVANCED_FACE ( 'NONE', ( #4522 ), #4551, .F. ) ;
#5539 = DIRECTION ( 'NONE',  ( 0.000000000000000000, 0.000000000000000000, 1.000000000000000000 ) ) ;
#5540 = ORIENTED_EDGE ( 'NONE', *, *, #6060, .T. ) ;
#5541 = LINE ( 'NONE', #1188, #6032 ) ;
#5542 = DIRECTION ( 'NONE',  ( -0.000000000000000000, -0.000000000000000000, 1.000000000000000000 ) ) ;
#5543 = CARTESIAN_POINT ( 'NONE',  ( 20.80000000000000782, 55.00000000000000000, 36.42492653411373738 ) ) ;
#5544 = EDGE_CURVE ( 'NONE', #2805, #3258, #1824, .T. ) ;
#5545 = CARTESIAN_POINT ( 'NONE',  ( -14.50000000000000355, 23.00000000000000000, 8.246735077631985433 ) ) ;
#5546 = CARTESIAN_POINT ( 'NONE',  ( -8.063931798983000832, 26.00000000000000000, 6.746735077631819344 ) ) ;
#5547 = DIRECTION ( 'NONE',  ( -0.4226189496394526790, -0.000000000000000000, 0.9063074662638754830 ) ) ;
#5548 = ORIENTED_EDGE ( 'NONE', *, *, #5471, .F. ) ;
#5549 = CARTESIAN_POINT ( 'NONE',  ( 21.09434971481048748, 21.54583230792946225, 34.44386067002080409 ) ) ;
#5550 = VERTEX_POINT ( 'NONE', #3593 ) ;
#5551 = VECTOR ( 'NONE', #826, 1000.000000000000114 ) ;
#5552 = EDGE_CURVE ( 'NONE', #2235, #1660, #4865, .T. ) ;
#5553 = FACE_OUTER_BOUND ( 'NONE', #3087, .T. ) ;
#5554 = VECTOR ( 'NONE', #994, 1000.000000000000000 ) ;
#5555 = CARTESIAN_POINT ( 'NONE',  ( 12.50000000000000178, 5.000000000000000000, -41.75326492236801101 ) ) ;
#5556 = CARTESIAN_POINT ( 'NONE',  ( -14.99999966472387314, 2.500000000000000000, 9.999999776482582092 ) ) ;
#5557 = VECTOR ( 'NONE', #2449, 1000.000000000000000 ) ;
#5558 = EDGE_CURVE ( 'NONE', #6047, #600, #1547, .T. ) ;
#5559 = EDGE_CURVE ( 'NONE', #982, #5507, #4074, .T. ) ;
#5560 = CARTESIAN_POINT ( 'NONE',  ( -2.726273952367158415, 26.00000000000000000, 12.24673507763199254 ) ) ;
#5561 = CYLINDRICAL_SURFACE ( 'NONE', #1107, 1.249999999999987121 ) ;
#5562 = CARTESIAN_POINT ( 'NONE',  ( 12.50000000000000355, 26.99999999999999645, 8.246735077631981881 ) ) ;
#5563 = ORIENTED_EDGE ( 'NONE', *, *, #2483, .T. ) ;
#5564 = DIRECTION ( 'NONE',  ( 0.000000000000000000, -1.000000000000000000, 0.000000000000000000 ) ) ;
#5565 = MECHANICAL_DESIGN_GEOMETRIC_PRESENTATION_REPRESENTATION (  '', ( #607 ), #5273 ) ;
#5566 = VERTEX_POINT ( 'NONE', #562 ) ;
#5567 = AXIS2_PLACEMENT_3D ( 'NONE', #4083, #5901, #3133 ) ;
#5568 = VERTEX_POINT ( 'NONE', #5423 ) ;
#5569 = CARTESIAN_POINT ( 'NONE',  ( -14.50000000000000355, 24.99999999999999645, 8.246735077631985433 ) ) ;
#5570 = EDGE_CURVE ( 'NONE', #4450, #382, #5880, .T. ) ;
#5571 = AXIS2_PLACEMENT_3D ( 'NONE', #1184, #3003, #5539 ) ;
#5572 = CARTESIAN_POINT ( 'NONE',  ( -12.50000000000001066, 23.00000000000000000, 10.24673507763198543 ) ) ;
#5573 = CIRCLE ( 'NONE', #2830, 1.000000000000000000 ) ;
#5574 = DIRECTION ( 'NONE',  ( 1.000000000000000000, 0.000000000000000000, -0.000000000000000000 ) ) ;
#5575 = EDGE_LOOP ( 'NONE', ( #4143, #1430, #1749, #5253 ) ) ;
#5576 = ORIENTED_EDGE ( 'NONE', *, *, #5924, .F. ) ;
#5577 = DIRECTION ( 'NONE',  ( -1.176083712526648949E-16, 0.000000000000000000, -1.000000000000000000 ) ) ;
#5578 = ORIENTED_EDGE ( 'NONE', *, *, #4844, .T. ) ;
#5579 = VECTOR ( 'NONE', #266, 1000.000000000000000 ) ;
#5580 = PRODUCT_RELATED_PRODUCT_CATEGORY ( 'part', '', ( #5611 ) ) ;
#5581 = DIRECTION ( 'NONE',  ( 0.000000000000000000, 0.000000000000000000, -1.000000000000000000 ) ) ;
#5582 = CARTESIAN_POINT ( 'NONE',  ( -7.500000000000001776, 23.00000000000000000, -41.75326492236801101 ) ) ;
#5583 = EDGE_LOOP ( 'NONE', ( #1478, #4583, #3004, #5270 ) ) ;
#5584 = VERTEX_POINT ( 'NONE', #4945 ) ;
#5585 = DIRECTION ( 'NONE',  ( -0.000000000000000000, -0.000000000000000000, -1.000000000000000000 ) ) ;
#5586 = LINE ( 'NONE', #1235, #3305 ) ;
#5587 = EDGE_CURVE ( 'NONE', #6160, #4021, #4757, .T. ) ;
#5588 = CARTESIAN_POINT ( 'NONE',  ( -12.50000000000001066, 23.00000000000000000, 12.24673507763198543 ) ) ;
#5589 = ORIENTED_EDGE ( 'NONE', *, *, #3938, .F. ) ;
#5590 = EDGE_CURVE ( 'NONE', #2640, #2897, #4014, .T. ) ;
#5591 = DIRECTION ( 'NONE',  ( 0.000000000000000000, 0.000000000000000000, -1.000000000000000000 ) ) ;
#5592 = ADVANCED_FACE ( 'NONE', ( #4979 ), #2555, .F. ) ;
#5593 = FACE_OUTER_BOUND ( 'NONE', #221, .T. ) ;
#5594 = CARTESIAN_POINT ( 'NONE',  ( 20.30000000000000426, 26.99999999999999645, 54.00100000000000477 ) ) ;
#5595 = CARTESIAN_POINT ( 'NONE',  ( 1.454875349832994491, 4.999999999999999112, 33.45653390738850419 ) ) ;
#5596 = ORIENTED_EDGE ( 'NONE', *, *, #3688, .T. ) ;
#5597 = CARTESIAN_POINT ( 'NONE',  ( 12.50000000000000533, 7.000000000000000000, 8.246735077631981881 ) ) ;
#5598 = EDGE_LOOP ( 'NONE', ( #6000, #3498, #99, #1905, #5431, #697 ) ) ;
#5599 = CIRCLE ( 'NONE', #2646, 2.000000000000000000 ) ;
#5600 = EDGE_LOOP ( 'NONE', ( #4961, #3690, #2231, #236 ) ) ;
#5601 = DIRECTION ( 'NONE',  ( 0.000000000000000000, 0.000000000000000000, 1.000000000000000000 ) ) ;
#5602 = ORIENTED_EDGE ( 'NONE', *, *, #4770, .F. ) ;
#5603 = CARTESIAN_POINT ( 'NONE',  ( 8.308637745181783885, 5.000000000000000000, 32.42492653718978346 ) ) ;
#5604 = CARTESIAN_POINT ( 'NONE',  ( -10.96666644314958994, 26.00000000000000000, -35.10790803579844521 ) ) ;
#5605 = CYLINDRICAL_SURFACE ( 'NONE', #5180, 54.00000000000000000 ) ;
#5606 = ORIENTED_EDGE ( 'NONE', *, *, #2610, .F. ) ;
#5607 = ADVANCED_FACE ( 'NONE', ( #2770 ), #3727, .T. ) ;
#5608 = ORIENTED_EDGE ( 'NONE', *, *, #3427, .F. ) ;
#5609 = CARTESIAN_POINT ( 'NONE',  ( 8.063931798982794774, 30.00000000000000000, 6.746735077632041389 ) ) ;
#5610 = ORIENTED_EDGE ( 'NONE', *, *, #5915, .F. ) ;
#5611 = PRODUCT ( 'Complete_setup_incubation_chamber_V2', 'Complete_setup_incubation_chamber_V2', '', ( #4253 ) ) ;
#5612 = DIRECTION ( 'NONE',  ( 0.000000000000000000, 0.000000000000000000, 1.000000000000000000 ) ) ;
#5613 = DIRECTION ( 'NONE',  ( -1.000000000000000000, 0.000000000000000000, 1.176083712526649195E-16 ) ) ;
#5614 = DIRECTION ( 'NONE',  ( 0.9063074662638757051, 0.000000000000000000, 0.4226189496394522904 ) ) ;
#5615 = LINE ( 'NONE', #3238, #3671 ) ;
#5616 = ORIENTED_EDGE ( 'NONE', *, *, #1964, .T. ) ;
#5617 = DIRECTION ( 'NONE',  ( -1.000000000000000000, -0.000000000000000000, -0.000000000000000000 ) ) ;
#5618 = ORIENTED_EDGE ( 'NONE', *, *, #5096, .F. ) ;
#5619 = DIRECTION ( 'NONE',  ( -0.000000000000000000, 1.000000000000000000, -0.000000000000000000 ) ) ;
#5620 = ADVANCED_FACE ( 'NONE', ( #6150 ), #4234, .F. ) ;
#5621 = ORIENTED_EDGE ( 'NONE', *, *, #6185, .T. ) ;
#5622 = CARTESIAN_POINT ( 'NONE',  ( 20.80000000000000782, 55.00000000000000000, 34.42492653411373738 ) ) ;
#5623 = VECTOR ( 'NONE', #2850, 1000.000000000000000 ) ;
#5624 = CIRCLE ( 'NONE', #5326, 51.50000000000000000 ) ;
#5625 = CARTESIAN_POINT ( 'NONE',  ( 24.80000000000000782, 5.000000000000000000, 36.42492653411373738 ) ) ;
#5626 = DIRECTION ( 'NONE',  ( 0.000000000000000000, 0.000000000000000000, 1.000000000000000000 ) ) ;
#5627 = FACE_OUTER_BOUND ( 'NONE', #5598, .T. ) ;
#5628 = EDGE_LOOP ( 'NONE', ( #5346, #2866, #1256, #2841 ) ) ;
#5629 = ADVANCED_FACE ( 'NONE', ( #241 ), #4555, .F. ) ;
#5630 = LINE ( 'NONE', #1280, #5579 ) ;
#5631 = ORIENTED_EDGE ( 'NONE', *, *, #2518, .F. ) ;
#5632 = ORIENTED_EDGE ( 'NONE', *, *, #6245, .F. ) ;
#5633 = DIRECTION ( 'NONE',  ( 0.000000000000000000, 0.000000000000000000, -1.000000000000000000 ) ) ;
#5634 = ORIENTED_EDGE ( 'NONE', *, *, #987, .F. ) ;
#5635 = PLANE ( 'NONE',  #2084 ) ;
#5636 = LINE ( 'NONE', #340, #5050 ) ;
#5637 = EDGE_CURVE ( 'NONE', #4409, #4598, #3155, .T. ) ;
#5638 = DIRECTION ( 'NONE',  ( 1.000000000000000000, 0.000000000000000000, 0.000000000000000000 ) ) ;
#5639 = ORIENTED_EDGE ( 'NONE', *, *, #1746, .F. ) ;
#5640 = ORIENTED_EDGE ( 'NONE', *, *, #1808, .T. ) ;
#5641 = CIRCLE ( 'NONE', #5340, 2.000000000000001776 ) ;
#5642 = DIRECTION ( 'NONE',  ( 0.9063074662638748169, 0.000000000000000000, 0.4226189496394541778 ) ) ;
#5643 = EDGE_CURVE ( 'NONE', #5330, #4098, #5378, .T. ) ;
#5644 = DIRECTION ( 'NONE',  ( -1.000000000000000000, 0.000000000000000000, 4.336808689942018722E-16 ) ) ;
#5645 = ADVANCED_FACE ( 'NONE', ( #5672 ), #6084, .T. ) ;
#5646 = CYLINDRICAL_SURFACE ( 'NONE', #3466, 2.000000000000000000 ) ;
#5647 = FACE_OUTER_BOUND ( 'NONE', #3266, .T. ) ;
#5648 = CARTESIAN_POINT ( 'NONE',  ( 12.50000000000000533, 30.00000000000000000, 15.24673507763198366 ) ) ;
#5649 = ORIENTED_EDGE ( 'NONE', *, *, #217, .F. ) ;
#5650 = ORIENTED_EDGE ( 'NONE', *, *, #2609, .F. ) ;
#5651 = DIRECTION ( 'NONE',  ( -1.000000000000000000, -2.400836355802182246E-16, 1.745647977045123323E-15 ) ) ;
#5652 = EDGE_LOOP ( 'NONE', ( #4638, #1124, #5954, #1944 ) ) ;
#5653 = B_SPLINE_CURVE_WITH_KNOTS ( 'NONE', 3,
 ( #147, #2072, #3981, #5031, #682, #2605, #2102, #3505, #4451, #1509, #178, #4940, #3558, #5386, #3951, #204, #627, #4544, #554, #1060, #3059, #590, #1123, #1599, #80, #5448, #2996, #5887, #3532, #4515, #5001, #654, #1542, #1030, #2578, #4033, #3475, #5984, #2962, #115, #2039, #5920, #777, #2733, #2634, #4703, #2196, #5058, #4196, #841, #334, #4096, #2257, #3720 ),
 .UNSPECIFIED., .F., .F.,
 ( 4, 2, 2, 2, 2, 2, 2, 2, 2, 2, 2, 2, 2, 2, 2, 2, 2, 2, 2, 2, 2, 2, 2, 2, 2, 2, 4 ),
 ( 3.469446951953614189E-18, 0.004005803440694848290, 0.006008705161042278073, 0.007010156021215993398, 0.008011606881389706988, 0.01201741032208456655, 0.01402031204243199894, 0.01602321376277943479, 0.01802611548312686718, 0.02002901720347430650, 0.02403482064416918168, 0.02603772236451661407, 0.02804062408486405339, 0.03204642752555893204, 0.03304787838573264303, 0.03404932924590636789, 0.03605223096625380375, 0.04005803440694867545, 0.04406383784764354716, 0.04606673956799098302, 0.04806964128833841887, 0.05207544472903330446, 0.05407834644938074031, 0.05608124816972817617, 0.06008705161042304788, 0.06208995333077049761, 0.06409285505111791958 ),
 .UNSPECIFIED. ) ;
#5654 = ADVANCED_FACE ( 'NONE', ( #6116 ), #4104, .F. ) ;
#5655 = DIRECTION ( 'NONE',  ( 0.000000000000000000, 0.000000000000000000, -1.000000000000000000 ) ) ;
#5656 = SHAPE_REPRESENTATION_RELATIONSHIP ( 'NONE' , 'NONE' ,  #5904, #3522 ) ;
#5657 = ORIENTED_EDGE ( 'NONE', *, *, #2588, .T. ) ;
#5658 = DIRECTION ( 'NONE',  ( 0.000000000000000000, 0.000000000000000000, 1.000000000000000000 ) ) ;
#5659 = CARTESIAN_POINT ( 'NONE',  ( 21.30011020673087785, 31.38252808602254973, 34.48557016692409150 ) ) ;
#5660 = FACE_OUTER_BOUND ( 'NONE', #1652, .T. ) ;
#5661 = ORIENTED_EDGE ( 'NONE', *, *, #604, .F. ) ;
#5662 = CARTESIAN_POINT ( 'NONE',  ( -16.99982397258281708, -2.500000000000000444, 9.999999776482582092 ) ) ;
#5663 = ORIENTED_EDGE ( 'NONE', *, *, #836, .T. ) ;
#5664 = ORIENTED_EDGE ( 'NONE', *, *, #4212, .F. ) ;
#5665 = DIRECTION ( 'NONE',  ( 0.000000000000000000, 0.000000000000000000, 1.000000000000000000 ) ) ;
#5666 = ORIENTED_EDGE ( 'NONE', *, *, #3427, .T. ) ;
#5667 =( BOUNDED_CURVE ( )  B_SPLINE_CURVE ( 3, ( #4811, #5300, #1484, #3318 ),
 .UNSPECIFIED., .F., .T. ) 
 B_SPLINE_CURVE_WITH_KNOTS ( ( 4, 4 ),
 ( 1.236311903424434311, 1.363058330964951548 ),
 .UNSPECIFIED. ) 
 CURVE ( )  GEOMETRIC_REPRESENTATION_ITEM ( )  RATIONAL_B_SPLINE_CURVE ( ( 1.000000000000000000, 0.9986617265759187845, 0.9986617265759187845, 1.000000000000000000 ) ) 
 REPRESENTATION_ITEM ( '' )  );
#5668 = CIRCLE ( 'NONE', #2508, 2.000000000000000000 ) ;
#5669 = CARTESIAN_POINT ( 'NONE',  ( 5.779174446654699260, 5.000000000000000000, 32.67220151629944525 ) ) ;
#5670 = CIRCLE ( 'NONE', #5869, 1.250003382295029608 ) ;
#5671 = DIRECTION ( 'NONE',  ( 0.000000000000000000, 1.000000000000000000, 0.000000000000000000 ) ) ;
#5672 = FACE_OUTER_BOUND ( 'NONE', #4609, .T. ) ;
#5673 = VERTEX_POINT ( 'NONE', #4647 ) ;
#5674 = ORIENTED_EDGE ( 'NONE', *, *, #1094, .F. ) ;
#5675 = DIRECTION ( 'NONE',  ( -0.000000000000000000, -1.000000000000000000, -0.000000000000000000 ) ) ;
#5676 = ORIENTED_EDGE ( 'NONE', *, *, #1206, .F. ) ;
#5677 = AXIS2_PLACEMENT_3D ( 'NONE', #1517, #3410, #911 ) ;
#5678 = ADVANCED_FACE ( 'NONE', ( #4682 ), #341, .F. ) ;
#5679 = CARTESIAN_POINT ( 'NONE',  ( 24.80000000000000782, 5.000000000000000000, 42.83935106884789690 ) ) ;
#5680 = CARTESIAN_POINT ( 'NONE',  ( 7.500000000000001776, 7.000000000000000000, 0.000000000000000000 ) ) ;
#5681 = LINE ( 'NONE', #885, #3272 ) ;
#5682 = AXIS2_PLACEMENT_3D ( 'NONE', #599, #2521, #3987 ) ;
#5683 = ORIENTED_EDGE ( 'NONE', *, *, #4939, .T. ) ;
#5684 = ORIENTED_EDGE ( 'NONE', *, *, #3973, .T. ) ;
#5685 = CARTESIAN_POINT ( 'NONE',  ( 14.50000000000000711, 30.00000000000000000, 13.24673507763198721 ) ) ;
#5686 =( REPRESENTATION_RELATIONSHIP ('NONE','NONE', #3918, #5904 ) REPRESENTATION_RELATIONSHIP_WITH_TRANSFORMATION ( #2788 )SHAPE_REPRESENTATION_RELATIONSHIP( ) );
#5687 = DIRECTION ( 'NONE',  ( -0.000000000000000000, 1.000000000000000000, -0.000000000000000000 ) ) ;
#5688 = LINE ( 'NONE', #1927, #1362 ) ;
#5689 = AXIS2_PLACEMENT_3D ( 'NONE', #1057, #5503, #2481 ) ;
#5690 = EDGE_CURVE ( 'NONE', #4416, #6143, #3626, .T. ) ;
#5691 = CARTESIAN_POINT ( 'NONE',  ( 14.99999966472387491, 5.750000011175870895, 9.999999776482582092 ) ) ;
#5692 = DIRECTION ( 'NONE',  ( 0.000000000000000000, 1.000000000000000000, -0.000000000000000000 ) ) ;
#5693 = CARTESIAN_POINT ( 'NONE',  ( 0.9994101967161100886, 49.06828974735969950, 53.99087395145984658 ) ) ;
#5694 = LINE ( 'NONE', #1344, #4353 ) ;
#5695 = EDGE_LOOP ( 'NONE', ( #1725, #735, #3534, #2550, #4106, #2695 ) ) ;
#5696 = CARTESIAN_POINT ( 'NONE',  ( -14.77631982480573569, -0.8928580494366827880, 9.959924065899276258 ) ) ;
#5697 = VERTEX_POINT ( 'NONE', #373 ) ;
#5698 = CARTESIAN_POINT ( 'NONE',  ( -12.50000000000000000, 7.000000000000006217, -41.75326492236801101 ) ) ;
#5699 = DIRECTION ( 'NONE',  ( 0.000000000000000000, 0.000000000000000000, 1.000000000000000000 ) ) ;
#5700 = ORIENTED_EDGE ( 'NONE', *, *, #5280, .F. ) ;
#5701 = ORIENTED_EDGE ( 'NONE', *, *, #1248, .T. ) ;
#5702 = EDGE_CURVE ( 'NONE', #4474, #5697, #1700, .T. ) ;
#5703 = CARTESIAN_POINT ( 'NONE',  ( -10.96666644314946204, 26.00000000000000000, 4.001379085131786084 ) ) ;
#5704 = DIRECTION ( 'NONE',  ( -0.000000000000000000, 1.000000000000000000, -0.000000000000000000 ) ) ;
#5705 = CARTESIAN_POINT ( 'NONE',  ( 7.500000000000001776, 23.00000000000000000, -41.75326492236801101 ) ) ;
#5706 = DIRECTION ( 'NONE',  ( -1.000000000000000000, -0.000000000000000000, -0.000000000000000000 ) ) ;
#5707 = EDGE_LOOP ( 'NONE', ( #2071, #2534, #4743, #1024 ) ) ;
#5708 = ORIENTED_EDGE ( 'NONE', *, *, #1392, .F. ) ;
#5709 = EDGE_CURVE ( 'NONE', #5921, #611, #407, .T. ) ;
#5710 = FACE_OUTER_BOUND ( 'NONE', #3520, .T. ) ;
#5711 = VECTOR ( 'NONE', #1584, 1000.000000000000000 ) ;
#5712 = CARTESIAN_POINT ( 'NONE',  ( -10.29999977648290965, 26.00000000000000000, -35.85326402829836923 ) ) ;
#5713 = EDGE_CURVE ( 'NONE', #4230, #6281, #2295, .T. ) ;
#5714 = CARTESIAN_POINT ( 'NONE',  ( 11.50000000000000178, 23.00000000000000000, -40.75326492236801812 ) ) ;
#5715 = DIRECTION ( 'NONE',  ( 0.9063074662638741508, -6.147111219247054649E-08, 0.4226189496394510692 ) ) ;
#5716 = ADVANCED_FACE ( 'NONE', ( #1827 ), #5067, .T. ) ;
#5717 = DIRECTION ( 'NONE',  ( -1.000000000000000000, 0.000000000000000000, 0.000000000000000000 ) ) ;
#5718 = ORIENTED_EDGE ( 'NONE', *, *, #324, .F. ) ;
#5719 = VECTOR ( 'NONE', #3777, 1000.000000000000227 ) ;
#5720 = CARTESIAN_POINT ( 'NONE',  ( 6.961359767642390395, 26.00000000000000000, 5.900964146969787549 ) ) ;
#5721 = ORIENTED_EDGE ( 'NONE', *, *, #3876, .T. ) ;
#5722 = ADVANCED_FACE ( 'NONE', ( #3659 ), #5605, .T. ) ;
#5723 = VECTOR ( 'NONE', #4374, 1000.000000000000000 ) ;
#5724 = VECTOR ( 'NONE', #5873, 1000.000000000000000 ) ;
#5725 = CARTESIAN_POINT ( 'NONE',  ( -7.364547492435749021, 5.000000000000000000, 34.02891606427066762 ) ) ;
#5726 = CARTESIAN_POINT ( 'NONE',  ( -14.99999966472387314, 0.7777101180760311872, 9.999999776482582092 ) ) ;
#5727 = DIRECTION ( 'NONE',  ( 1.000000000000000000, 0.000000000000000000, -2.392722035830077493E-16 ) ) ;
#5728 = ORIENTED_EDGE ( 'NONE', *, *, #5317, .F. ) ;
#5729 = VERTEX_POINT ( 'NONE', #784 ) ;
#5730 = DIRECTION ( 'NONE',  ( -0.000000000000000000, -0.000000000000000000, 1.000000000000000000 ) ) ;
#5731 = VECTOR ( 'NONE', #484, 1000.000000000000000 ) ;
#5732 = EDGE_CURVE ( 'NONE', #3183, #1104, #3947, .T. ) ;
#5733 = CARTESIAN_POINT ( 'NONE',  ( -0.3276678064286513425, 47.08276486153025786, 53.99921556416000357 ) ) ;
#5734 = AXIS2_PLACEMENT_3D ( 'NONE', #1337, #291, #736 ) ;
#5735 = CARTESIAN_POINT ( 'NONE',  ( 16.50000000000000711, 7.000000000000000000, 13.24673507763198721 ) ) ;
#5736 = CARTESIAN_POINT ( 'NONE',  ( -2.726273952367158415, 26.00000000000000000, 12.24673507763199254 ) ) ;
#5737 = ORIENTED_EDGE ( 'NONE', *, *, #156, .T. ) ;
#5738 = ORIENTED_EDGE ( 'NONE', *, *, #1601, .F. ) ;
#5739 = FACE_OUTER_BOUND ( 'NONE', #3722, .T. ) ;
#5740 = B_SPLINE_CURVE_WITH_KNOTS ( 'NONE', 3,
 ( #1816, #1956, #1987, #3753, #5693, #5871, #2876, #3386, #3899, #470 ),
 .UNSPECIFIED., .F., .F.,
 ( 4, 2, 2, 2, 4 ),
 ( 0.003908201854794651764, 0.004396875412650988642, 0.004885548970507325520, 0.005374222528363663265, 0.005862896086220000143 ),
 .UNSPECIFIED. ) ;
#5741 = EDGE_CURVE ( 'NONE', #51, #1131, #4970, .T. ) ;
#5742 = CARTESIAN_POINT ( 'NONE',  ( 8.847564458826717108E-05, 7.749999873340129852, 2.999999999999998668 ) ) ;
#5743 = LINE ( 'NONE', #5123, #323 ) ;
#5744 = DIRECTION ( 'NONE',  ( 0.000000000000000000, 0.000000000000000000, 1.000000000000000000 ) ) ;
#5745 = CARTESIAN_POINT ( 'NONE',  ( 14.50000000000000711, 120.7419196555744350, 13.24673507763198721 ) ) ;
#5746 = ORIENTED_EDGE ( 'NONE', *, *, #2123, .T. ) ;
#5747 = LINE ( 'NONE', #986, #1669 ) ;
#5748 = EDGE_CURVE ( 'NONE', #2633, #299, #1412, .T. ) ;
#5749 = LINE ( 'NONE', #3396, #6276 ) ;
#5750 = ORIENTED_EDGE ( 'NONE', *, *, #969, .F. ) ;
#5751 = CARTESIAN_POINT ( 'NONE',  ( -22.80000000000000782, 55.00000000000000000, 34.42492653411373738 ) ) ;
#5752 = ORIENTED_EDGE ( 'NONE', *, *, #1141, .F. ) ;
#5753 = CIRCLE ( 'NONE', #3018, 2.000000000000001776 ) ;
#5754 = EDGE_CURVE ( 'NONE', #3848, #4474, #5772, .T. ) ;
#5755 = CARTESIAN_POINT ( 'NONE',  ( -1.521399609077213055, 5.249582777334951267, 34.42492653410907621 ) ) ;
#5756 = DIRECTION ( 'NONE',  ( 0.000000000000000000, 0.000000000000000000, 1.000000000000000000 ) ) ;
#5757 = PLANE ( 'NONE',  #2217 ) ;
#5758 = ORIENTED_EDGE ( 'NONE', *, *, #5477, .F. ) ;
#5759 = VECTOR ( 'NONE', #5537, 1000.000000000000000 ) ;
#5760 = ORIENTED_EDGE ( 'NONE', *, *, #3, .F. ) ;
#5761 = VECTOR ( 'NONE', #6137, 1000.000000000000000 ) ;
#5762 = DIRECTION ( 'NONE',  ( 0.000000000000000000, 0.000000000000000000, -1.000000000000000000 ) ) ;
#5763 = EDGE_CURVE ( 'NONE', #982, #4727, #304, .T. ) ;
#5764 = TOROIDAL_SURFACE ( 'NONE', #1210, 4.000000000000000000, 2.000000000000000000 ) ;
#5765 = AXIS2_PLACEMENT_3D ( 'NONE', #1524, #3932, #6288 ) ;
#5766 = LINE ( 'NONE', #883, #1896 ) ;
#5767 = LINE ( 'NONE', #4327, #5065 ) ;
#5768 = DIRECTION ( 'NONE',  ( -0.000000000000000000, 1.000000000000000000, -0.000000000000000000 ) ) ;
#5769 = ORIENTED_EDGE ( 'NONE', *, *, #882, .T. ) ;
#5770 = AXIS2_PLACEMENT_3D ( 'NONE', #3010, #1585, #6026 ) ;
#5771 = DIRECTION ( 'NONE',  ( -0.000000000000000000, -0.000000000000000000, -1.000000000000000000 ) ) ;
#5772 = CIRCLE ( 'NONE', #3041, 2.000000000000000000 ) ;
#5773 = CARTESIAN_POINT ( 'NONE',  ( 20.30000000000001492, 27.00000000000000000, 47.33032854312337889 ) ) ;
#5774 = CYLINDRICAL_SURFACE ( 'NONE', #4261, 2.000000000000001776 ) ;
#5775 = ORIENTED_EDGE ( 'NONE', *, *, #3580, .T. ) ;
#5776 = DIRECTION ( 'NONE',  ( 1.224646799147353207E-16, 0.000000000000000000, -1.000000000000000000 ) ) ;
#5777 = ORIENTED_EDGE ( 'NONE', *, *, #2363, .T. ) ;
#5778 = DIRECTION ( 'NONE',  ( 0.000000000000000000, 0.000000000000000000, 1.000000000000000000 ) ) ;
#5779 = ADVANCED_FACE ( 'NONE', ( #878 ), #4046, .F. ) ;
#5780 = DIRECTION ( 'NONE',  ( 0.000000000000000000, 0.000000000000000000, 1.000000000000000000 ) ) ;
#5781 = AXIS2_PLACEMENT_3D ( 'NONE', #4992, #2986, #3052 ) ;
#5782 = EDGE_CURVE ( 'NONE', #5387, #5030, #1115, .T. ) ;
#5783 = CARTESIAN_POINT ( 'NONE',  ( -13.98345961930551518, -1.594897499658520790E-08, 10.32964158421646950 ) ) ;
#5784 = ORIENTED_EDGE ( 'NONE', *, *, #2724, .F. ) ;
#5785 = ADVANCED_FACE ( 'NONE', ( #1379 ), #3345, .T. ) ;
#5786 = CARTESIAN_POINT ( 'NONE',  ( -22.80000000000000782, 6.999999999999999112, 36.42492653411374448 ) ) ;
#5787 = EDGE_LOOP ( 'NONE', ( #5718, #880 ) ) ;
#5788 = VECTOR ( 'NONE', #5029, 1000.000000000000000 ) ;
#5789 = CARTESIAN_POINT ( 'NONE',  ( 0.8394475386759734370, 5.201982970548574947, 34.42492653407296643 ) ) ;
#5790 = ADVANCED_FACE ( 'NONE', ( #1446 ), #2802, .F. ) ;
#5791 = CARTESIAN_POINT ( 'NONE',  ( -0.6259080732527377844, 49.38507708027625398, 53.99641509977964660 ) ) ;
#5792 = FACE_BOUND ( 'NONE', #2556, .T. ) ;
#5793 = ORIENTED_EDGE ( 'NONE', *, *, #4951, .F. ) ;
#5794 = ORIENTED_EDGE ( 'NONE', *, *, #3745, .T. ) ;
#5795 = CARTESIAN_POINT ( 'NONE',  ( 14.50000000000000000, 7.000000000000000000, -38.75326492236801812 ) ) ;
#5796 = CARTESIAN_POINT ( 'NONE',  ( -11.50000000000000178, 5.000000000000000000, 13.24673507763199076 ) ) ;
#5797 = ADVANCED_FACE ( 'NONE', ( #2416, #5792, #5260, #965, #2930 ), #5757, .F. ) ;
#5798 = CARTESIAN_POINT ( 'NONE',  ( 8.269461698712693944E-30, 27.00000000000000000, 37.42492653411379422 ) ) ;
#5799 = CARTESIAN_POINT ( 'NONE',  ( -3.053113317719180486E-13, 30.00000000000000000, -37.80326402829826549 ) ) ;
#5800 = ORIENTED_EDGE ( 'NONE', *, *, #473, .F. ) ;
#5801 = LINE ( 'NONE', #4848, #2134 ) ;
#5802 = AXIS2_PLACEMENT_3D ( 'NONE', #3134, #5077, #2650 ) ;
#5803 = CARTESIAN_POINT ( 'NONE',  ( 22.80000000000000782, 55.00000000000000000, 34.42492653411373738 ) ) ;
#5804 = DIRECTION ( 'NONE',  ( -0.000000000000000000, -1.000000000000000000, -0.000000000000000000 ) ) ;
#5805 = DIRECTION ( 'NONE',  ( 1.000000000000000000, 0.000000000000000000, 0.000000000000000000 ) ) ;
#5806 = EDGE_LOOP ( 'NONE', ( #1958, #101, #1693, #4584 ) ) ;
#5807 = ORIENTED_EDGE ( 'NONE', *, *, #1040, .F. ) ;
#5808 = AXIS2_PLACEMENT_3D ( 'NONE', #3487, #5492, #4495 ) ;
#5809 = DIRECTION ( 'NONE',  ( 0.000000000000000000, -1.000000000000000000, 0.000000000000000000 ) ) ;
#5810 = VERTEX_POINT ( 'NONE', #4803 ) ;
#5811 = DIRECTION ( 'NONE',  ( 0.000000000000000000, 0.000000000000000000, -1.000000000000000000 ) ) ;
#5812 = AXIS2_PLACEMENT_3D ( 'NONE', #1458, #3833, #1333 ) ;
#5813 = EDGE_CURVE ( 'NONE', #398, #16, #2354, .T. ) ;
#5814 = CARTESIAN_POINT ( 'NONE',  ( -0.5534861090182781052, 49.42378035421717897, 51.49708147157743809 ) ) ;
#5815 = ORIENTED_EDGE ( 'NONE', *, *, #2317, .F. ) ;
#5816 = DIRECTION ( 'NONE',  ( -1.000000000000000000, 0.000000000000000000, 0.000000000000000000 ) ) ;
#5817 = ORIENTED_EDGE ( 'NONE', *, *, #2438, .T. ) ;
#5818 = CARTESIAN_POINT ( 'NONE',  ( -0.3399521134952618873, 5.199105816354774312, 34.42492653413412285 ) ) ;
#5819 = DIRECTION ( 'NONE',  ( 0.000000000000000000, -1.000000000000000000, 0.000000000000000000 ) ) ;
#5820 = DIRECTION ( 'NONE',  ( 0.000000000000000000, 1.000000000000000000, 0.000000000000000000 ) ) ;
#5821 = AXIS2_PLACEMENT_3D ( 'NONE', #1433, #5282, #5222 ) ;
#5822 = DIRECTION ( 'NONE',  ( 1.000000000000000000, 0.000000000000000000, 0.000000000000000000 ) ) ;
#5823 = EDGE_LOOP ( 'NONE', ( #1254, #1113, #2896, #4927 ) ) ;
#5824 = ORIENTED_EDGE ( 'NONE', *, *, #3287, .F. ) ;
#5825 = DIRECTION ( 'NONE',  ( -0.4226189496394527345, 0.000000000000000000, 0.9063074662638754830 ) ) ;
#5826 = VECTOR ( 'NONE', #4594, 1000.000000000000000 ) ;
#5827 = CIRCLE ( 'NONE', #55, 2.000000000000017319 ) ;
#5828 = EDGE_CURVE ( 'NONE', #953, #5888, #3956, .T. ) ;
#5829 = PLANE ( 'NONE',  #188 ) ;
#5830 = CARTESIAN_POINT ( 'NONE',  ( -13.98346259011825943, -1.068566186598375600E-06, 10.32964019890099117 ) ) ;
#5831 = CARTESIAN_POINT ( 'NONE',  ( -15.18110926161544683, -0.7500001973343475292, 9.999999776482582092 ) ) ;
#5832 = ORIENTED_EDGE ( 'NONE', *, *, #3930, .T. ) ;
#5833 = ORIENTED_EDGE ( 'NONE', *, *, #2164, .F. ) ;
#5834 = VECTOR ( 'NONE', #3184, 1000.000000000000000 ) ;
#5835 = CARTESIAN_POINT ( 'NONE',  ( 1.186275984326989885, 47.89754652417560266, 53.98697744008187271 ) ) ;
#5836 = ADVANCED_FACE ( 'NONE', ( #4838 ), #5764, .F. ) ;
#5837 = ADVANCED_FACE ( 'NONE', ( #904 ), #1852, .F. ) ;
#5838 = AXIS2_PLACEMENT_3D ( 'NONE', #1435, #4277, #6228 ) ;
#5839 = DIRECTION ( 'NONE',  ( 0.000000000000000000, 1.000000000000000000, -0.000000000000000000 ) ) ;
#5840 = CARTESIAN_POINT ( 'NONE',  ( 14.99999966472387491, -5.750000011175870895, 9.999999776482582092 ) ) ;
#5841 = DIRECTION ( 'NONE',  ( -1.000000000000000000, 0.000000000000000000, 0.000000000000000000 ) ) ;
#5842 = ORIENTED_EDGE ( 'NONE', *, *, #3954, .F. ) ;
#5843 = EDGE_LOOP ( 'NONE', ( #2046, #3960, #4006, #721, #3125, #136, #212 ) ) ;
#5844 = DIRECTION ( 'NONE',  ( 0.000000000000000000, 0.000000000000000000, -1.000000000000000000 ) ) ;
#5845 = ORIENTED_EDGE ( 'NONE', *, *, #2289, .T. ) ;
#5846 = DIRECTION ( 'NONE',  ( -1.000000000000000000, 0.000000000000000000, 1.521687259628777768E-16 ) ) ;
#5847 = EDGE_CURVE ( 'NONE', #1549, #3060, #426, .T. ) ;
#5848 = EDGE_LOOP ( 'NONE', ( #801, #6213, #2485, #74 ) ) ;
#5849 = DIRECTION ( 'NONE',  ( -1.734723475976805517E-15, 0.000000000000000000, 1.000000000000000000 ) ) ;
#5850 = ORIENTED_EDGE ( 'NONE', *, *, #1391, .T. ) ;
#5851 = CIRCLE ( 'NONE', #3109, 3.999999999999996447 ) ;
#5852 = PLANE ( 'NONE',  #4653 ) ;
#5853 = DIRECTION ( 'NONE',  ( 0.000000000000000000, 0.000000000000000000, -1.000000000000000000 ) ) ;
#5854 = CARTESIAN_POINT ( 'NONE',  ( -13.98346259011825943, -1.068566186598375600E-06, 10.32964019890099117 ) ) ;
#5855 = CARTESIAN_POINT ( 'NONE',  ( -10.29999977648293452, 26.00000000000000000, -33.61719605079856876 ) ) ;
#5856 = FACE_OUTER_BOUND ( 'NONE', #871, .T. ) ;
#5857 = VERTEX_POINT ( 'NONE', #6239 ) ;
#5858 = ORIENTED_EDGE ( 'NONE', *, *, #3991, .T. ) ;
#5859 = PLANE ( 'NONE',  #3393 ) ;
#5860 = AXIS2_PLACEMENT_3D ( 'NONE', #1833, #854, #2176 ) ;
#5861 = EDGE_CURVE ( 'NONE', #1250, #4948, #3819, .T. ) ;
#5862 = AXIS2_PLACEMENT_3D ( 'NONE', #632, #2968, #5925 ) ;
#5863 = DIRECTION ( 'NONE',  ( 0.000000000000000000, 0.000000000000000000, -1.000000000000000000 ) ) ;
#5864 = CARTESIAN_POINT ( 'NONE',  ( -12.29999977648293985, 26.00000000000000000, -33.61719605079859718 ) ) ;
#5865 = CARTESIAN_POINT ( 'NONE',  ( -11.50000000000000178, 23.00000000000000000, 8.246735077631985433 ) ) ;
#5866 = ORIENTED_EDGE ( 'NONE', *, *, #4042, .F. ) ;
#5867 = ADVANCED_FACE ( 'NONE', ( #4320 ), #3438, .F. ) ;
#5868 = CARTESIAN_POINT ( 'NONE',  ( 1.250000000006519452, 48.29999999999935767, 53.98553046882084772 ) ) ;
#5869 = AXIS2_PLACEMENT_3D ( 'NONE', #6170, #980, #950 ) ;
#5870 = DIRECTION ( 'NONE',  ( 0.000000000000000000, 0.000000000000000000, -1.000000000000000000 ) ) ;
#5871 = CARTESIAN_POINT ( 'NONE',  ( 0.7688697810513260844, 49.29896403187714782, 53.99464908714115552 ) ) ;
#5872 = DIRECTION ( 'NONE',  ( -0.9999999999999986677, -5.128175441948191993E-08, 1.745647977045120956E-15 ) ) ;
#5873 = DIRECTION ( 'NONE',  ( -0.000000000000000000, 1.000000000000000000, -0.000000000000000000 ) ) ;
#5874 = VERTEX_POINT ( 'NONE', #1571 ) ;
#5875 = DIRECTION ( 'NONE',  ( 0.000000000000000000, 0.000000000000000000, -1.000000000000000000 ) ) ;
#5876 = AXIS2_PLACEMENT_3D ( 'NONE', #271, #5169, #4174 ) ;
#5877 = EDGE_CURVE ( 'NONE', #5436, #3705, #1722, .T. ) ;
#5878 = DIRECTION ( 'NONE',  ( -0.000000000000000000, 1.000000000000000000, -0.000000000000000000 ) ) ;
#5879 = ORIENTED_EDGE ( 'NONE', *, *, #3645, .F. ) ;
#5880 = CIRCLE ( 'NONE', #2627, 0.4999999999999991673 ) ;
#5881 = DIRECTION ( 'NONE',  ( -2.400836355802184218E-16, 1.000000000000000000, -1.119530597191299856E-16 ) ) ;
#5882 = ORIENTED_EDGE ( 'NONE', *, *, #409, .F. ) ;
#5883 = APPLICATION_CONTEXT ( 'automotive_design' ) ;
#5884 = DIRECTION ( 'NONE',  ( 0.000000000000000000, 0.000000000000000000, -1.000000000000000000 ) ) ;
#5885 = DIRECTION ( 'NONE',  ( 0.000000000000000000, 0.000000000000000000, 1.000000000000000000 ) ) ;
#5886 = DIRECTION ( 'NONE',  ( 1.272596596149578236E-15, 0.000000000000000000, 1.000000000000000000 ) ) ;
#5887 = CARTESIAN_POINT ( 'NONE',  ( -0.3101806791459043033, 6.699606856688857803, 51.50015496707015927 ) ) ;
#5888 = VERTEX_POINT ( 'NONE', #3086 ) ;
#5889 = CARTESIAN_POINT ( 'NONE',  ( 12.50000000000000711, 120.7419196555744350, 13.24673507763198721 ) ) ;
#5890 = AXIS2_PLACEMENT_3D ( 'NONE', #5854, #3436, #5384 ) ;
#5891 = CARTESIAN_POINT ( 'NONE',  ( 11.50000000000000178, 24.99999999999999645, 12.24673507763198188 ) ) ;
#5892 = EDGE_CURVE ( 'NONE', #6264, #960, #4335, .T. ) ;
#5893 = CARTESIAN_POINT ( 'NONE',  ( 20.30000000000000782, 55.00000000000000000, 36.92492653411373738 ) ) ;
#5894 = VERTEX_POINT ( 'NONE', #5482 ) ;
#5895 = VERTEX_POINT ( 'NONE', #4415 ) ;
#5896 = EDGE_LOOP ( 'NONE', ( #2073, #4814, #2237, #5661 ) ) ;
#5897 = DIRECTION ( 'NONE',  ( -0.000000000000000000, 1.000000000000000000, -0.000000000000000000 ) ) ;
#5898 = CARTESIAN_POINT ( 'NONE',  ( 12.50000000000000178, 7.000000000000000000, -45.75326492236801812 ) ) ;
#5899 = EDGE_CURVE ( 'NONE', #5457, #4956, #1625, .T. ) ;
#5900 = CARTESIAN_POINT ( 'NONE',  ( 11.50000000000000178, 5.000000000000000000, -40.75326492236801812 ) ) ;
#5901 = DIRECTION ( 'NONE',  ( 1.000000000000000000, 0.000000000000000000, -0.000000000000000000 ) ) ;
#5902 = DIRECTION ( 'NONE',  ( 0.000000000000000000, 0.000000000000000000, 1.000000000000000000 ) ) ;
#5903 = ORIENTED_EDGE ( 'NONE', *, *, #1808, .F. ) ;
#5904 = SHAPE_REPRESENTATION ( 'Speaker_chamber_v1', ( #3537 ), #4545 ) ;
#5905 = CARTESIAN_POINT ( 'NONE',  ( 11.50000000000000178, 120.7419196555744350, 15.24673507763198366 ) ) ;
#5906 = ORIENTED_EDGE ( 'NONE', *, *, #2724, .T. ) ;
#5907 = CYLINDRICAL_SURFACE ( 'NONE', #558, 2.000000000000001776 ) ;
#5908 = CIRCLE ( 'NONE', #129, 2.000000000000000000 ) ;
#5909 = ADVANCED_FACE ( 'NONE', ( #5856 ), #1095, .F. ) ;
#5910 = FACE_BOUND ( 'NONE', #5489, .T. ) ;
#5911 = EDGE_LOOP ( 'NONE', ( #3575, #656, #2888, #1846 ) ) ;
#5912 = AXIS2_PLACEMENT_3D ( 'NONE', #4666, #2222, #6033 ) ;
#5913 = DIRECTION ( 'NONE',  ( 1.000000000000000000, -0.000000000000000000, -1.176083712526649195E-16 ) ) ;
#5914 = ORIENTED_EDGE ( 'NONE', *, *, #1208, .F. ) ;
#5915 = EDGE_CURVE ( 'NONE', #2995, #1032, #5653, .T. ) ;
#5916 = ADVANCED_FACE ( 'NONE', ( #235 ), #4575, .F. ) ;
#5917 = CARTESIAN_POINT ( 'NONE',  ( -12.50000000000000000, 30.00000000000000000, -41.75326492236801101 ) ) ;
#5918 = DIRECTION ( 'NONE',  ( 0.000000000000000000, 0.000000000000000000, 1.000000000000000000 ) ) ;
#5919 = VERTEX_POINT ( 'NONE', #5662 ) ;
#5920 = CARTESIAN_POINT ( 'NONE',  ( -15.28245448717929378, 13.57375958581551956, 49.18976675309394153 ) ) ;
#5921 = VERTEX_POINT ( 'NONE', #3116 ) ;
#5922 = EDGE_LOOP ( 'NONE', ( #477, #1536, #5272, #1403 ) ) ;
#5923 = DIRECTION ( 'NONE',  ( -0.9999999999999986677, -5.128175441948195963E-08, 0.000000000000000000 ) ) ;
#5924 = EDGE_CURVE ( 'NONE', #3462, #2121, #3618, .T. ) ;
#5925 = DIRECTION ( 'NONE',  ( 0.9063074662638752610, 0.000000000000000000, 0.4226189496394529010 ) ) ;
#5926 = CARTESIAN_POINT ( 'NONE',  ( -11.50000000000000178, 7.000000000000000000, 10.24673507763198543 ) ) ;
#5927 = EDGE_LOOP ( 'NONE', ( #3661, #2297, #343, #333 ) ) ;
#5928 = ORIENTED_EDGE ( 'NONE', *, *, #3568, .T. ) ;
#5929 = AXIS2_PLACEMENT_3D ( 'NONE', #923, #3840, #4761 ) ;
#5930 = DIRECTION ( 'NONE',  ( 0.000000000000000000, 1.000000000000000000, 0.000000000000000000 ) ) ;
#5931 = EDGE_CURVE ( 'NONE', #6126, #458, #824, .T. ) ;
#5932 = DIRECTION ( 'NONE',  ( -1.000000000000000000, 0.000000000000000000, 0.000000000000000000 ) ) ;
#5933 = AXIS2_PLACEMENT_3D ( 'NONE', #3969, #243, #3598 ) ;
#5934 = VECTOR ( 'NONE', #2669, 1000.000000000000000 ) ;
#5935 = DIRECTION ( 'NONE',  ( 0.000000000000000000, -1.000000000000000000, 0.000000000000000000 ) ) ;
#5936 = DIRECTION ( 'NONE',  ( -5.571172793958040087E-08, -0.9999999999999981126, -2.597885686795085699E-08 ) ) ;
#5937 = CARTESIAN_POINT ( 'NONE',  ( 12.50000000000000711, 7.000000000000006217, 15.24673507763198366 ) ) ;
#5938 = EDGE_LOOP ( 'NONE', ( #4724, #5144, #67, #930 ) ) ;
#5939 = EDGE_LOOP ( 'NONE', ( #4537, #3229, #1775, #6051 ) ) ;
#5940 = CARTESIAN_POINT ( 'NONE',  ( -11.50000000000000178, 6.999999999999999112, 12.24673507763198543 ) ) ;
#5941 = ORIENTED_EDGE ( 'NONE', *, *, #1094, .T. ) ;
#5942 = EDGE_CURVE ( 'NONE', #5071, #1734, #4165, .T. ) ;
#5943 = AXIS2_PLACEMENT_3D ( 'NONE', #2075, #1544, #3561 ) ;
#5944 = VECTOR ( 'NONE', #2284, 1000.000000000000000 ) ;
#5945 = LINE ( 'NONE', #3524, #2424 ) ;
#5946 = ORIENTED_EDGE ( 'NONE', *, *, #3991, .F. ) ;
#5947 = FACE_OUTER_BOUND ( 'NONE', #5939, .T. ) ;
#5948 = VERTEX_POINT ( 'NONE', #4131 ) ;
#5949 = EDGE_CURVE ( 'NONE', #2101, #2700, #4639, .T. ) ;
#5950 = CARTESIAN_POINT ( 'NONE',  ( -12.50000000000000178, 23.00000000000000000, -36.75326492236801812 ) ) ;
#5951 = DIRECTION ( 'NONE',  ( -0.000000000000000000, 1.000000000000000000, -0.000000000000000000 ) ) ;
#5952 = DIRECTION ( 'NONE',  ( 0.000000000000000000, 0.000000000000000000, -1.000000000000000000 ) ) ;
#5953 = DIRECTION ( 'NONE',  ( -0.000000000000000000, 1.000000000000000000, -0.000000000000000000 ) ) ;
#5954 = ORIENTED_EDGE ( 'NONE', *, *, #1537, .F. ) ;
#5955 = EDGE_LOOP ( 'NONE', ( #5196, #1854, #576, #2385 ) ) ;
#5956 = DIRECTION ( 'NONE',  ( 1.000000000000000000, 0.000000000000000000, 0.000000000000000000 ) ) ;
#5957 = DIRECTION ( 'NONE',  ( -0.000000000000000000, 1.000000000000000000, 0.000000000000000000 ) ) ;
#5958 = CARTESIAN_POINT ( 'NONE',  ( 22.80000000000000782, 55.00000000000000000, 46.17802507686961633 ) ) ;
#5959 = ORIENTED_EDGE ( 'NONE', *, *, #4830, .T. ) ;
#5960 = ADVANCED_FACE ( 'NONE', ( #6045 ), #2831, .F. ) ;
#5961 = VERTEX_POINT ( 'NONE', #5093 ) ;
#5962 = CARTESIAN_POINT ( 'NONE',  ( 8.063931798982489241, 26.00000000000000000, -37.85326402829817738 ) ) ;
#5963 = AXIS2_PLACEMENT_3D ( 'NONE', #5543, #6155, #277 ) ;
#5964 = CARTESIAN_POINT ( 'NONE',  ( -4.467099079768596450E-16, 27.00000000000000000, 34.42492653411373738 ) ) ;
#5965 = CARTESIAN_POINT ( 'NONE',  ( -14.99999966472387314, 5.750000011175870895, 9.999999776482582092 ) ) ;
#5966 = CARTESIAN_POINT ( 'NONE',  ( 8.063931798982459043, 30.00000000000000000, -35.85326402829817027 ) ) ;
#5967 = FACE_OUTER_BOUND ( 'NONE', #2880, .T. ) ;
#5968 = VERTEX_POINT ( 'NONE', #1245 ) ;
#5969 = CARTESIAN_POINT ( 'NONE',  ( 9.554643783982681882, 26.00000000000000000, 5.413401744298711904 ) ) ;
#5970 = VECTOR ( 'NONE', #2166, 1000.000000000000000 ) ;
#5971 = CARTESIAN_POINT ( 'NONE',  ( -11.50000000000000178, 23.00000000000000000, -43.75326492236801812 ) ) ;
#5972 = AXIS2_PLACEMENT_3D ( 'NONE', #6075, #3685, #3220 ) ;
#5973 = CIRCLE ( 'NONE', #5470, 2.000000000000000000 ) ;
#5974 = EDGE_CURVE ( 'NONE', #3127, #4483, #1692, .T. ) ;
#5975 = SURFACE_SIDE_STYLE ('',( #168 ) ) ;
#5976 = ORIENTED_EDGE ( 'NONE', *, *, #4197, .T. ) ;
#5977 = LINE ( 'NONE', #5528, #2891 ) ;
#5978 = AXIS2_PLACEMENT_3D ( 'NONE', #3547, #5494, #5240 ) ;
#5979 = CARTESIAN_POINT ( 'NONE',  ( -7.500000000000001776, 5.000000000000000000, 15.24673507763198899 ) ) ;
#5980 = VECTOR ( 'NONE', #184, 1000.000000000000000 ) ;
#5981 = DIRECTION ( 'NONE',  ( 0.000000000000000000, -1.000000000000000000, 0.000000000000000000 ) ) ;
#5982 = DIRECTION ( 'NONE',  ( -0.000000000000000000, 1.000000000000000000, -0.000000000000000000 ) ) ;
#5983 = ORIENTED_EDGE ( 'NONE', *, *, #1594, .F. ) ;
#5984 = CARTESIAN_POINT ( 'NONE',  ( -11.84444729765872317, 10.50054403473517617, 50.12258022097370969 ) ) ;
#5985 = ORIENTED_EDGE ( 'NONE', *, *, #2542, .T. ) ;
#5986 = ORIENTED_EDGE ( 'NONE', *, *, #1964, .F. ) ;
#5987 = AXIS2_PLACEMENT_3D ( 'NONE', #553, #2482, #3768 ) ;
#5988 = CARTESIAN_POINT ( 'NONE',  ( -14.50000000000000000, 7.000000000000006217, -40.75326492236801812 ) ) ;
#5989 = DIRECTION ( 'NONE',  ( -1.000000000000000000, 0.000000000000000000, 0.000000000000000000 ) ) ;
#5990 = ADVANCED_FACE ( 'NONE', ( #366 ), #2, .F. ) ;
#5991 = DIRECTION ( 'NONE',  ( -0.8754257427331196828, -0.2588192324231137764, -0.4082185369236382422 ) ) ;
#5992 = ORIENTED_EDGE ( 'NONE', *, *, #1408, .T. ) ;
#5993 = ORIENTED_EDGE ( 'NONE', *, *, #254, .T. ) ;
#5994 = DIRECTION ( 'NONE',  ( 0.000000000000000000, -0.000000000000000000, -1.000000000000000000 ) ) ;
#5995 = EDGE_CURVE ( 'NONE', #2498, #718, #4962, .T. ) ;
#5996 = DIRECTION ( 'NONE',  ( 1.000000000000000000, 0.000000000000000000, 0.000000000000000000 ) ) ;
#5997 = EDGE_CURVE ( 'NONE', #4474, #4218, #314, .T. ) ;
#5998 = DIRECTION ( 'NONE',  ( 0.000000000000000000, 1.000000000000000000, 0.000000000000000000 ) ) ;
#5999 = DIRECTION ( 'NONE',  ( -0.000000000000000000, 1.000000000000000000, -0.000000000000000000 ) ) ;
#6000 = ORIENTED_EDGE ( 'NONE', *, *, #5353, .F. ) ;
#6001 = AXIS2_PLACEMENT_3D ( 'NONE', #4882, #3990, #4949 ) ;
#6002 = CARTESIAN_POINT ( 'NONE',  ( -11.50000000000000178, 5.000000000000000000, -45.75326492236801812 ) ) ;
#6003 = ORIENTED_EDGE ( 'NONE', *, *, #230, .F. ) ;
#6004 = AXIS2_PLACEMENT_3D ( 'NONE', #2944, #2528, #4429 ) ;
#6005 = DIRECTION ( 'NONE',  ( 0.000000000000000000, 1.000000000000000000, -0.000000000000000000 ) ) ;
#6006 =( REPRESENTATION_RELATIONSHIP ('NONE','NONE', #3918, #1566 ) REPRESENTATION_RELATIONSHIP_WITH_TRANSFORMATION ( #5221 )SHAPE_REPRESENTATION_RELATIONSHIP( ) );
#6007 = ORIENTED_EDGE ( 'NONE', *, *, #3805, .F. ) ;
#6008 = CARTESIAN_POINT ( 'NONE',  ( -24.80000000000000782, 7.000000000000000000, 36.42492653411374448 ) ) ;
#6009 = EDGE_CURVE ( 'NONE', #1938, #1596, #5630, .T. ) ;
#6010 = LINE ( 'NONE', #3113, #1511 ) ;
#6011 = CYLINDRICAL_SURFACE ( 'NONE', #3858, 2.249999668232327554 ) ;
#6012 = CARTESIAN_POINT ( 'NONE',  ( 12.50000000000000178, 7.000000000000006217, -41.75326492236801101 ) ) ;
#6013 = VERTEX_POINT ( 'NONE', #744 ) ;
#6014 = ORIENTED_EDGE ( 'NONE', *, *, #3895, .F. ) ;
#6015 = FACE_OUTER_BOUND ( 'NONE', #4097, .T. ) ;
#6016 = AXIS2_PLACEMENT_3D ( 'NONE', #58, #1387, #3319 ) ;
#6017 = EDGE_CURVE ( 'NONE', #3346, #2829, #3030, .T. ) ;
#6018 = DIRECTION ( 'NONE',  ( -0.000000000000000000, 1.000000000000000000, -0.000000000000000000 ) ) ;
#6019 = CARTESIAN_POINT ( 'NONE',  ( -11.50000000000000178, 7.000000000000000000, -36.75326492236801812 ) ) ;
#6020 = VERTEX_POINT ( 'NONE', #5126 ) ;
#6021 = PLANE ( 'NONE',  #4298 ) ;
#6022 = PLANE ( 'NONE',  #737 ) ;
#6023 = EDGE_CURVE ( 'NONE', #4554, #2264, #913, .T. ) ;
#6024 = CARTESIAN_POINT ( 'NONE',  ( -11.50000000000000178, 23.00000000000000000, -38.75326492236801812 ) ) ;
#6025 = DIRECTION ( 'NONE',  ( 0.000000000000000000, 0.000000000000000000, -1.000000000000000000 ) ) ;
#6026 = DIRECTION ( 'NONE',  ( 1.000000000000000000, 0.000000000000000000, 0.000000000000000000 ) ) ;
#6027 = CARTESIAN_POINT ( 'NONE',  ( -16.57720468938351033, 2.015564357861876488, 9.120155997975347262 ) ) ;
#6028 = ORIENTED_EDGE ( 'NONE', *, *, #18, .T. ) ;
#6029 = CARTESIAN_POINT ( 'NONE',  ( -14.99999966472387314, 5.750000011175870895, 9.999999776482582092 ) ) ;
#6030 = EDGE_CURVE ( 'NONE', #4089, #4044, #1423, .T. ) ;
#6031 = VECTOR ( 'NONE', #4342, 1000.000000000000000 ) ;
#6032 = VECTOR ( 'NONE', #2170, 1000.000000000000000 ) ;
#6033 = DIRECTION ( 'NONE',  ( 0.000000000000000000, 0.000000000000000000, 1.000000000000000000 ) ) ;
#6034 = CARTESIAN_POINT ( 'NONE',  ( 8.063931798982459043, 26.00000000000000000, -35.85326402829817027 ) ) ;
#6035 = ORIENTED_EDGE ( 'NONE', *, *, #1948, .T. ) ;
#6036 = EDGE_CURVE ( 'NONE', #5729, #2953, #4894, .T. ) ;
#6037 = VECTOR ( 'NONE', #1937, 1000.000000000000000 ) ;
#6038 = CARTESIAN_POINT ( 'NONE',  ( -11.50000000000000178, 5.000000000000000000, -38.75326492236801812 ) ) ;
#6039 = VECTOR ( 'NONE', #622, 1000.000000000000000 ) ;
#6040 = CARTESIAN_POINT ( 'NONE',  ( -15.09346121785695516, -0.7500000065192584664, 9.999999776482582092 ) ) ;
#6041 = VECTOR ( 'NONE', #5585, 1000.000000000000000 ) ;
#6042 = DIRECTION ( 'NONE',  ( -2.392722035830077493E-16, 0.000000000000000000, -1.000000000000000000 ) ) ;
#6043 = DIRECTION ( 'NONE',  ( -0.4226189496394526790, -0.000000000000000000, 0.9063074662638754830 ) ) ;
#6044 = ORIENTED_EDGE ( 'NONE', *, *, #3885, .T. ) ;
#6045 = FACE_OUTER_BOUND ( 'NONE', #5052, .T. ) ;
#6046 = ORIENTED_EDGE ( 'NONE', *, *, #2097, .F. ) ;
#6047 = VERTEX_POINT ( 'NONE', #896 ) ;
#6048 = DIRECTION ( 'NONE',  ( 1.000000000000000000, 0.000000000000000000, -1.272596596149578236E-15 ) ) ;
#6049 = DIRECTION ( 'NONE',  ( -1.000000000000000000, 0.000000000000000000, 0.000000000000000000 ) ) ;
#6050 = CARTESIAN_POINT ( 'NONE',  ( -10.29999977648293452, 26.00000000000000000, -33.61719605079856876 ) ) ;
#6051 = ORIENTED_EDGE ( 'NONE', *, *, #2268, .F. ) ;
#6052 = ORIENTED_EDGE ( 'NONE', *, *, #2731, .F. ) ;
#6053 = CARTESIAN_POINT ( 'NONE',  ( -12.50000000000000178, 24.99999999999999645, -36.75326492236801812 ) ) ;
#6054 = EDGE_LOOP ( 'NONE', ( #5215, #2451, #3493, #3342, #2742 ) ) ;
#6055 = CARTESIAN_POINT ( 'NONE',  ( -4.467099079768596450E-16, 27.00000000000000000, 34.42492653411373738 ) ) ;
#6056 = DIRECTION ( 'NONE',  ( 2.392722035830077493E-16, -0.000000000000000000, 1.000000000000000000 ) ) ;
#6057 = DIRECTION ( 'NONE',  ( 0.000000000000000000, 0.000000000000000000, -1.000000000000000000 ) ) ;
#6058 = CARTESIAN_POINT ( 'NONE',  ( -12.50000000000000000, 7.000000000000006217, -41.75326492236801101 ) ) ;
#6059 = ORIENTED_EDGE ( 'NONE', *, *, #3641, .T. ) ;
#6060 = EDGE_CURVE ( 'NONE', #2897, #66, #3640, .T. ) ;
#6061 = FACE_OUTER_BOUND ( 'NONE', #2336, .T. ) ;
#6062 = CIRCLE ( 'NONE', #5860, 2.000000000000223821 ) ;
#6063 = EDGE_CURVE ( 'NONE', #1104, #3088, #5469, .T. ) ;
#6064 = FACE_OUTER_BOUND ( 'NONE', #5695, .T. ) ;
#6065 = CIRCLE ( 'NONE', #4028, 2.000000000000001776 ) ;
#6066 = ORIENTED_EDGE ( 'NONE', *, *, #3605, .T. ) ;
#6067 = DIRECTION ( 'NONE',  ( 1.075606490245633122E-14, 0.000000000000000000, -1.000000000000000000 ) ) ;
#6068 = AXIS2_PLACEMENT_3D ( 'NONE', #2514, #5953, #1631 ) ;
#6069 = VECTOR ( 'NONE', #2464, 1000.000000000000000 ) ;
#6070 = EDGE_CURVE ( 'NONE', #3785, #6047, #2152, .T. ) ;
#6071 = CARTESIAN_POINT ( 'NONE',  ( 14.69055430771182813, 5.750000011175870895, 9.999999776482582092 ) ) ;
#6072 = CARTESIAN_POINT ( 'NONE',  ( 11.50000000000000178, 7.000000000000006217, 15.24673507763198366 ) ) ;
#6073 = DIRECTION ( 'NONE',  ( -0.4226189496394527345, -0.000000000000000000, 0.9063074662638755941 ) ) ;
#6074 = VERTEX_POINT ( 'NONE', #6231 ) ;
#6075 = CARTESIAN_POINT ( 'NONE',  ( 11.50000000000000178, 24.99999999999999645, -40.75326492236801812 ) ) ;
#6076 = CIRCLE ( 'NONE', #4851, 2.000000000000001776 ) ;
#6077 = VERTEX_POINT ( 'NONE', #1466 ) ;
#6078 = AXIS2_PLACEMENT_3D ( 'NONE', #2681, #2810, #4151 ) ;
#6079 = CARTESIAN_POINT ( 'NONE',  ( -2.726273952367158415, 30.00000000000000000, 12.24673507763199254 ) ) ;
#6080 = VECTOR ( 'NONE', #5991, 1000.000000000000227 ) ;
#6081 = CARTESIAN_POINT ( 'NONE',  ( 8.674099376880663570, 5.000000000000000000, 32.42492653411373738 ) ) ;
#6082 = DIRECTION ( 'NONE',  ( 1.000000000000000000, 0.000000000000000000, 0.000000000000000000 ) ) ;
#6083 = CIRCLE ( 'NONE', #4156, 1.999999999999998224 ) ;
#6084 = PLANE ( 'NONE',  #618 ) ;
#6085 = ORIENTED_EDGE ( 'NONE', *, *, #2282, .T. ) ;
#6086 = ORIENTED_EDGE ( 'NONE', *, *, #5782, .T. ) ;
#6087 = CARTESIAN_POINT ( 'NONE',  ( 12.50000000000000533, 5.000000000000000000, 12.24673507763198188 ) ) ;
#6088 = ORIENTED_EDGE ( 'NONE', *, *, #2518, .T. ) ;
#6089 = VECTOR ( 'NONE', #1052, 1000.000000000000000 ) ;
#6090 = EDGE_CURVE ( 'NONE', #66, #4485, #5749, .T. ) ;
#6091 = ADVANCED_FACE ( 'NONE', ( #5343 ), #2825, .F. ) ;
#6092 = DIRECTION ( 'NONE',  ( -0.4226189496394526790, -0.000000000000000000, 0.9063074662638754830 ) ) ;
#6093 = CARTESIAN_POINT ( 'NONE',  ( -14.50000000000001066, 5.000000000000000000, 17.24673507763198899 ) ) ;
#6094 = DIRECTION ( 'NONE',  ( 0.000000000000000000, 0.000000000000000000, 1.000000000000000000 ) ) ;
#6095 = CARTESIAN_POINT ( 'NONE',  ( -12.50000000000001066, 7.000000000000006217, 15.24673507763199076 ) ) ;
#6096 = ORIENTED_EDGE ( 'NONE', *, *, #2410, .T. ) ;
#6097 = CYLINDRICAL_SURFACE ( 'NONE', #4917, 2.000000000000001776 ) ;
#6098 = ORIENTED_EDGE ( 'NONE', *, *, #947, .T. ) ;
#6099 = ORIENTED_EDGE ( 'NONE', *, *, #229, .T. ) ;
#6100 = CARTESIAN_POINT ( 'NONE',  ( -14.99999966472387314, 0.7777101180760311872, 9.999999776482582092 ) ) ;
#6101 = EDGE_CURVE ( 'NONE', #4450, #1282, #5694, .T. ) ;
#6102 = DIRECTION ( 'NONE',  ( -0.000000000000000000, -1.000000000000000000, -0.000000000000000000 ) ) ;
#6103 = LINE ( 'NONE', #1754, #2516 ) ;
#6104 = CARTESIAN_POINT ( 'NONE',  ( 0.000000000000000000, 6.999999999999999112, -51.50000000000000000 ) ) ;
#6105 = CIRCLE ( 'NONE', #1642, 21.80000000000003268 ) ;
#6106 = DIRECTION ( 'NONE',  ( -1.000000000000000000, -0.000000000000000000, -0.000000000000000000 ) ) ;
#6107 = ORIENTED_EDGE ( 'NONE', *, *, #3778, .T. ) ;
#6108 = ORIENTED_EDGE ( 'NONE', *, *, #4345, .T. ) ;
#6109 = DIRECTION ( 'NONE',  ( 0.000000000000000000, 0.000000000000000000, -1.000000000000000000 ) ) ;
#6110 = VERTEX_POINT ( 'NONE', #4863 ) ;
#6111 = ADVANCED_FACE ( 'NONE', ( #6202 ), #6171, .T. ) ;
#6112 = EDGE_CURVE ( 'NONE', #920, #5059, #2526, .T. ) ;
#6113 = VECTOR ( 'NONE', #1091, 1000.000000000000000 ) ;
#6114 = CARTESIAN_POINT ( 'NONE',  ( 22.80000000000000782, 5.000000000000000000, 32.42492653411373027 ) ) ;
#6115 = DIRECTION ( 'NONE',  ( 1.000000000000000000, 0.000000000000000000, 0.000000000000000000 ) ) ;
#6116 = FACE_OUTER_BOUND ( 'NONE', #5160, .T. ) ;
#6117 = EDGE_LOOP ( 'NONE', ( #3980, #1911, #4329, #1593 ) ) ;
#6118 = ORIENTED_EDGE ( 'NONE', *, *, #229, .F. ) ;
#6119 = DIRECTION ( 'NONE',  ( 0.000000000000000000, 0.000000000000000000, -1.000000000000000000 ) ) ;
#6120 = AXIS2_PLACEMENT_3D ( 'NONE', #5803, #3325, #979 ) ;
#6121 = PRODUCT ( 'Speaker_chamber_v1', 'Speaker_chamber_v1', '', ( #4823 ) ) ;
#6122 = ADVANCED_FACE ( 'NONE', ( #1371 ), #5252, .T. ) ;
#6123 = DIRECTION ( 'NONE',  ( 0.000000000000000000, 1.000000000000000000, 0.000000000000000000 ) ) ;
#6124 = CARTESIAN_POINT ( 'NONE',  ( -10.29999977648274267, 26.00000000000000000, 4.746735077631762501 ) ) ;
#6125 = DIRECTION ( 'NONE',  ( -1.000000000000000000, 0.000000000000000000, 0.000000000000000000 ) ) ;
#6126 = VERTEX_POINT ( 'NONE', #2540 ) ;
#6127 = ORIENTED_EDGE ( 'NONE', *, *, #5828, .F. ) ;
#6128 = ADVANCED_FACE ( 'NONE', ( #1500 ), #71, .F. ) ;
#6129 = LINE ( 'NONE', #3576, #2275 ) ;
#6130 = DIRECTION ( 'NONE',  ( 0.000000000000000000, 0.000000000000000000, -1.000000000000000000 ) ) ;
#6131 = CARTESIAN_POINT ( 'NONE',  ( -15.05837367139948668, 0.7593234330963529732, 9.999999776482582092 ) ) ;
#6132 = VERTEX_POINT ( 'NONE', #41 ) ;
#6133 = EDGE_CURVE ( 'NONE', #600, #1329, #3850, .T. ) ;
#6134 = DIRECTION ( 'NONE',  ( 0.000000000000000000, 0.000000000000000000, -1.000000000000000000 ) ) ;
#6135 = AXIS2_PLACEMENT_3D ( 'NONE', #194, #1140, #5404 ) ;
#6136 = VECTOR ( 'NONE', #1017, 1000.000000000000000 ) ;
#6137 = DIRECTION ( 'NONE',  ( -0.000000000000000000, 1.000000000000000000, -0.000000000000000000 ) ) ;
#6138 = CARTESIAN_POINT ( 'NONE',  ( -14.99999966472387314, -5.750000011175870895, 9.999999776482582092 ) ) ;
#6139 = ORIENTED_EDGE ( 'NONE', *, *, #125, .T. ) ;
#6140 = AXIS2_PLACEMENT_3D ( 'NONE', #6087, #1352, #6119 ) ;
#6141 = DIRECTION ( 'NONE',  ( -0.000000000000000000, 1.000000000000000000, -0.000000000000000000 ) ) ;
#6142 = ORIENTED_EDGE ( 'NONE', *, *, #2861, .F. ) ;
#6143 = VERTEX_POINT ( 'NONE', #3907 ) ;
#6144 = EDGE_CURVE ( 'NONE', #5296, #3764, #3428, .T. ) ;
#6145 = FACE_BOUND ( 'NONE', #4834, .T. ) ;
#6146 = VERTEX_POINT ( 'NONE', #4965 ) ;
#6147 = VECTOR ( 'NONE', #302, 1000.000000000000000 ) ;
#6148 = CARTESIAN_POINT ( 'NONE',  ( 7.944991177397686677, 5.000000000000000000, 32.44061582429528556 ) ) ;
#6149 = DIRECTION ( 'NONE',  ( 0.000000000000000000, -1.000000000000000000, 0.000000000000000000 ) ) ;
#6150 = FACE_OUTER_BOUND ( 'NONE', #1680, .T. ) ;
#6151 = ORIENTED_EDGE ( 'NONE', *, *, #1552, .F. ) ;
#6152 = VERTEX_POINT ( 'NONE', #140 ) ;
#6153 = TOROIDAL_SURFACE ( 'NONE', #5137, 4.000000000000000000, 2.000000000000000000 ) ;
#6154 = CARTESIAN_POINT ( 'NONE',  ( -12.01375190159684081, 0.5823428840435036502, 11.24813319742844442 ) ) ;
#6155 = DIRECTION ( 'NONE',  ( 0.000000000000000000, 1.000000000000000000, 0.000000000000000000 ) ) ;
#6156 = ADVANCED_FACE ( 'NONE', ( #516, #5910 ), #2570, .F. ) ;
#6157 = CYLINDRICAL_SURFACE ( 'NONE', #2311, 0.9999999999998698819 ) ;
#6158 = CARTESIAN_POINT ( 'NONE',  ( -12.50000000000000000, 5.000000000000000000, -36.75326492236801812 ) ) ;
#6159 = CARTESIAN_POINT ( 'NONE',  ( -12.01375191049054969, -0.5823428814140816367, 11.24813319328123029 ) ) ;
#6160 = VERTEX_POINT ( 'NONE', #4895 ) ;
#6161 = CARTESIAN_POINT ( 'NONE',  ( 17.00000092387199402, -7.749999873340129852, 4.999999888241291046 ) ) ;
#6162 = ORIENTED_EDGE ( 'NONE', *, *, #3392, .T. ) ;
#6163 = DIRECTION ( 'NONE',  ( 1.000000000000000000, -0.000000000000000000, 1.224646799147353207E-16 ) ) ;
#6164 =( NAMED_UNIT ( * ) PLANE_ANGLE_UNIT ( ) SI_UNIT ( $, .RADIAN. ) );
#6165 = DIRECTION ( 'NONE',  ( 0.000000000000000000, 0.000000000000000000, -1.000000000000000000 ) ) ;
#6166 = CARTESIAN_POINT ( 'NONE',  ( 12.49999999999999822, 24.99999999999999645, -36.75326492236801812 ) ) ;
#6167 = VECTOR ( 'NONE', #4580, 1000.000000000000000 ) ;
#6168 = ADVANCED_FACE ( 'NONE', ( #1592 ), #4441, .F. ) ;
#6169 = PLANE ( 'NONE',  #1292 ) ;
#6170 = CARTESIAN_POINT ( 'NONE',  ( -13.98346259011825943, -1.068566186598375600E-06, 10.32964019890099117 ) ) ;
#6171 = PLANE ( 'NONE',  #5285 ) ;
#6172 = VERTEX_POINT ( 'NONE', #4931 ) ;
#6173 = LINE ( 'NONE', #1315, #2991 ) ;
#6174 = ORIENTED_EDGE ( 'NONE', *, *, #733, .T. ) ;
#6175 = TOROIDAL_SURFACE ( 'NONE', #4236, 4.000000000000000000, 2.000000000000000000 ) ;
#6176 = AXIS2_PLACEMENT_3D ( 'NONE', #4997, #650, #2574 ) ;
#6177 = CARTESIAN_POINT ( 'NONE',  ( -14.50000000000001066, 5.000000000000000000, -38.75326492236801812 ) ) ;
#6178 = AXIS2_PLACEMENT_3D ( 'NONE', #5150, #1783, #3211 ) ;
#6179 = VECTOR ( 'NONE', #4412, 1000.000000000000000 ) ;
#6180 = CARTESIAN_POINT ( 'NONE',  ( -1.216846731228686362, 48.62903546590306547, 53.98632400433574929 ) ) ;
#6181 = DIRECTION ( 'NONE',  ( -1.000000000000000000, 0.000000000000000000, -7.394498096507159090E-15 ) ) ;
#6182 = ORIENTED_EDGE ( 'NONE', *, *, #387, .F. ) ;
#6183 = ORIENTED_EDGE ( 'NONE', *, *, #1594, .T. ) ;
#6184 = CARTESIAN_POINT ( 'NONE',  ( -14.99999966472387669, 0.7607500152495392243, 9.855620236878186446 ) ) ;
#6185 = EDGE_CURVE ( 'NONE', #5059, #3183, #1021, .T. ) ;
#6186 = CIRCLE ( 'NONE', #4251, 1.999999999999998224 ) ;
#6187 = EDGE_CURVE ( 'NONE', #4530, #2327, #2504, .T. ) ;
#6188 = LINE ( 'NONE', #2678, #5551 ) ;
#6189 = CARTESIAN_POINT ( 'NONE',  ( 7.500000000000001776, 5.000000000000000000, -40.75326492236801812 ) ) ;
#6190 = FACE_OUTER_BOUND ( 'NONE', #1784, .T. ) ;
#6191 = DIRECTION ( 'NONE',  ( -0.000000000000000000, -1.000000000000000000, 0.000000000000000000 ) ) ;
#6192 = CONICAL_SURFACE ( 'NONE', #2524, 18.80000000000001492, 0.7853981633974419507 ) ;
#6193 = ORIENTED_EDGE ( 'NONE', *, *, #2157, .T. ) ;
#6194 = LINE ( 'NONE', #3355, #4728 ) ;
#6195 = EDGE_CURVE ( 'NONE', #3283, #3088, #5945, .T. ) ;
#6196 = PLANE ( 'NONE',  #1050 ) ;
#6197 = MANIFOLD_SOLID_BREP ( 'Speaker', #4705 ) ;
#6198 = APPLICATION_PROTOCOL_DEFINITION ( 'draft international standard', 'automotive_design', 1998, #5883 ) ;
#6199 = DIRECTION ( 'NONE',  ( -0.000000000000000000, -1.000000000000000000, -0.000000000000000000 ) ) ;
#6200 = DIRECTION ( 'NONE',  ( -0.000000000000000000, 1.000000000000000000, -0.000000000000000000 ) ) ;
#6201 = CARTESIAN_POINT ( 'NONE',  ( 14.69055430771182991, -7.749999873340129852, 9.999999776482582092 ) ) ;
#6202 = FACE_OUTER_BOUND ( 'NONE', #3407, .T. ) ;
#6203 = VERTEX_POINT ( 'NONE', #619 ) ;
#6204 = LINE ( 'NONE', #4798, #4612 ) ;
#6205 = EDGE_LOOP ( 'NONE', ( #3191, #2515, #3856, #2972 ) ) ;
#6206 = EDGE_CURVE ( 'NONE', #436, #4394, #645, .T. ) ;
#6207 = VECTOR ( 'NONE', #1616, 1000.000000000000000 ) ;
#6208 = CARTESIAN_POINT ( 'NONE',  ( 7.074997922083381852, 6.376944694584805617, 34.42492653404500658 ) ) ;
#6209 = AXIS2_PLACEMENT_3D ( 'NONE', #2593, #250, #2564 ) ;
#6210 = CARTESIAN_POINT ( 'NONE',  ( 19.99999955296516418, 9.999999776482582092, 0.000000000000000000 ) ) ;
#6211 = DIRECTION ( 'NONE',  ( 0.000000000000000000, 0.000000000000000000, -1.000000000000000000 ) ) ;
#6212 = VERTEX_POINT ( 'NONE', #3461 ) ;
#6213 = ORIENTED_EDGE ( 'NONE', *, *, #3350, .F. ) ;
#6214 = LINE ( 'NONE', #6154, #1163 ) ;
#6215 = ADVANCED_FACE ( 'NONE', ( #5407 ), #1812, .F. ) ;
#6216 = CARTESIAN_POINT ( 'NONE',  ( -11.50000000000000178, 23.00000000000000000, -40.75326492236801812 ) ) ;
#6217 = DIRECTION ( 'NONE',  ( 0.000000000000000000, 0.000000000000000000, -1.000000000000000000 ) ) ;
#6218 = CARTESIAN_POINT ( 'NONE',  ( 0.1626221625881542898, 47.04994221464233561, 51.50000140255713177 ) ) ;
#6219 = AXIS2_PLACEMENT_3D ( 'NONE', #1037, #1919, #2970 ) ;
#6220 = VERTEX_POINT ( 'NONE', #4597 ) ;
#6221 = ORIENTED_EDGE ( 'NONE', *, *, #479, .F. ) ;
#6222 = EDGE_CURVE ( 'NONE', #5948, #1270, #3741, .T. ) ;
#6223 = LINE ( 'NONE', #6251, #5444 ) ;
#6224 = LINE ( 'NONE', #1363, #1653 ) ;
#6225 = CARTESIAN_POINT ( 'NONE',  ( 1.250000000006519452, 48.29999999999935767, 53.98553046882084772 ) ) ;
#6226 = SHAPE_REPRESENTATION_RELATIONSHIP ( 'NONE' , 'NONE' ,  #1566, #4424 ) ;
#6227 = DIRECTION ( 'NONE',  ( 1.000000000000000000, 0.000000000000000000, -1.521687259628777768E-16 ) ) ;
#6228 = DIRECTION ( 'NONE',  ( 1.000000000000000000, 0.000000000000000000, -1.521687259628777768E-16 ) ) ;
#6229 = PLANE ( 'NONE',  #3077 ) ;
#6230 = EDGE_CURVE ( 'NONE', #1462, #1928, #6282, .T. ) ;
#6231 = CARTESIAN_POINT ( 'NONE',  ( -7.500000000000001776, 24.99999999999999645, 13.24673507763198899 ) ) ;
#6232 = ORIENTED_EDGE ( 'NONE', *, *, #4611, .F. ) ;
#6233 = VECTOR ( 'NONE', #2314, 1000.000000000000000 ) ;
#6234 = PLANE ( 'NONE',  #1370 ) ;
#6235 = ORIENTED_EDGE ( 'NONE', *, *, #1746, .T. ) ;
#6236 = CIRCLE ( 'NONE', #4095, 1.999999999999994893 ) ;
#6237 = CARTESIAN_POINT ( 'NONE',  ( -7.058091846687403859, 6.371072267715143234, 34.42492653403981961 ) ) ;
#6238 = CYLINDRICAL_SURFACE ( 'NONE', #2106, 2.000000000000001776 ) ;
#6239 = CARTESIAN_POINT ( 'NONE',  ( -14.88976677122050063, 2.015564243409894818, 9.907022781160600644 ) ) ;
#6240 = ORIENTED_EDGE ( 'NONE', *, *, #4352, .T. ) ;
#6241 = ORIENTED_EDGE ( 'NONE', *, *, #781, .T. ) ;
#6242 = FACE_OUTER_BOUND ( 'NONE', #1045, .T. ) ;
#6243 = VECTOR ( 'NONE', #43, 1000.000000000000000 ) ;
#6244 = DIRECTION ( 'NONE',  ( 0.000000000000000000, 1.000000000000000000, -0.000000000000000000 ) ) ;
#6245 = EDGE_CURVE ( 'NONE', #3101, #5157, #6076, .T. ) ;
#6246 = CIRCLE ( 'NONE', #3509, 1.999999999999994893 ) ;
#6247 = CARTESIAN_POINT ( 'NONE',  ( 22.80000000000000782, 6.999999999999999112, 42.83935106884789690 ) ) ;
#6248 = LINE ( 'NONE', #1887, #1038 ) ;
#6249 = ORIENTED_EDGE ( 'NONE', *, *, #5559, .T. ) ;
#6250 = ORIENTED_EDGE ( 'NONE', *, *, #230, .T. ) ;
#6251 = CARTESIAN_POINT ( 'NONE',  ( -14.77631982480573569, -0.8928580494366827880, 9.959924065899276258 ) ) ;
#6252 = AXIS2_PLACEMENT_3D ( 'NONE', #2307, #3775, #3743 ) ;
#6253 = EDGE_CURVE ( 'NONE', #4230, #4483, #2012, .T. ) ;
#6254 = FACE_OUTER_BOUND ( 'NONE', #153, .T. ) ;
#6255 = PLANE ( 'NONE',  #5087 ) ;
#6256 = VERTEX_POINT ( 'NONE', #6034 ) ;
#6257 = CONTEXT_DEPENDENT_SHAPE_REPRESENTATION ( #5686, #3731 ) ;
#6258 = EDGE_LOOP ( 'NONE', ( #4340, #2233, #2594, #234 ) ) ;
#6259 = CARTESIAN_POINT ( 'NONE',  ( -20.80000000000000426, 55.00000000000000000, 34.42492653411373738 ) ) ;
#6260 = DIRECTION ( 'NONE',  ( 0.000000000000000000, 0.000000000000000000, -1.000000000000000000 ) ) ;
#6261 = AXIS2_PLACEMENT_3D ( 'NONE', #5075, #2648, #6057 ) ;
#6262 = CARTESIAN_POINT ( 'NONE',  ( -14.69037735642265297, -7.749999873340129852, 9.999999776482582092 ) ) ;
#6263 = CARTESIAN_POINT ( 'NONE',  ( -0.6253120566744210240, 49.38542369938564747, 51.49624837982819514 ) ) ;
#6264 = VERTEX_POINT ( 'NONE', #1651 ) ;
#6265 = FACE_OUTER_BOUND ( 'NONE', #5911, .T. ) ;
#6266 = VERTEX_POINT ( 'NONE', #675 ) ;
#6267 = EDGE_CURVE ( 'NONE', #1330, #5961, #2000, .T. ) ;
#6268 = EDGE_CURVE ( 'NONE', #5519, #3127, #1173, .T. ) ;
#6269 = DIRECTION ( 'NONE',  ( 0.000000000000000000, 1.000000000000000000, 0.000000000000000000 ) ) ;
#6270 = DIRECTION ( 'NONE',  ( 0.000000000000000000, -1.000000000000000000, 0.000000000000000000 ) ) ;
#6271 = CARTESIAN_POINT ( 'NONE',  ( 20.80000000000000782, 7.000000000000000000, 32.42492653411373027 ) ) ;
#6272 = ORIENTED_EDGE ( 'NONE', *, *, #4057, .F. ) ;
#6273 = VECTOR ( 'NONE', #6018, 1000.000000000000000 ) ;
#6274 = EDGE_LOOP ( 'NONE', ( #5197, #111, #4753, #2913, #5993, #6235 ) ) ;
#6275 = LINE ( 'NONE', #2453, #2475 ) ;
#6276 = VECTOR ( 'NONE', #4227, 1000.000000000000114 ) ;
#6277 = AXIS2_PLACEMENT_3D ( 'NONE', #4559, #5014, #3072 ) ;
#6278 = CYLINDRICAL_SURFACE ( 'NONE', #4634, 2.000000000000000000 ) ;
#6279 = LINE ( 'NONE', #3860, #3248 ) ;
#6280 = CYLINDRICAL_SURFACE ( 'NONE', #6016, 2.000000000000000000 ) ;
#6281 = VERTEX_POINT ( 'NONE', #1684 ) ;
#6282 = CIRCLE ( 'NONE', #2113, 1.000000000000000888 ) ;
#6283 = VECTOR ( 'NONE', #249, 1000.000000000000000 ) ;
#6284 = DIRECTION ( 'NONE',  ( 0.000000000000000000, 0.000000000000000000, 1.000000000000000000 ) ) ;
#6285 = EDGE_CURVE ( 'NONE', #6281, #3312, #3174, .T. ) ;
#6286 = VECTOR ( 'NONE', #4614, 1000.000000000000000 ) ;
#6287 = LINE ( 'NONE', #5245, #4080 ) ;
#6288 = DIRECTION ( 'NONE',  ( 0.000000000000000000, 0.000000000000000000, -1.000000000000000000 ) ) ;
#6289 = CARTESIAN_POINT ( 'NONE',  ( -20.80000000000000782, 6.999999999999999112, 32.42492653411373738 ) ) ;
#6290 = EDGE_LOOP ( 'NONE', ( #714, #2007, #5618, #1187 ) ) ;
#6291 = CARTESIAN_POINT ( 'NONE',  ( -103.3483750292222112, 35.43442136701197143, 149.8434882404269501 ) ) ;
#6292 = ORIENTED_EDGE ( 'NONE', *, *, #5949, .T. ) ;
#6293 = NEXT_ASSEMBLY_USAGE_OCCURRENCE ( 'NAUO1', ' ', ' ', #4725, #347, $ ) ;
#6294 = NEXT_ASSEMBLY_USAGE_OCCURRENCE ( 'NAUO2', ' ', ' ', #4725, #3589, $ ) ;
ENDSEC;
END-ISO-10303-21;
